정류소명,정류소ID,위도,경도,노선들,지선노선,노선수,최소배차분_전체,평균배차분_전체,최대배차분_전체,합산배차분_전체,지선최소배차분,지선평균배차분,지선합산배차분,지선최대배차분,대표배차분,최대배차폭,최근접BRT_m,반경500m_학교수,동_병의원수,반경500m_병의원수,환승위험,도착불안정,약자인접도,취약도점수,BRT경유,지선환승필수,대기취약,대기심각,약자인접,병의원인접,배차기준,병의원산정방식,동,등급,정책처방,등급가중치,개선우선순위
(주)레이크엘이디앞,SJB293064341,36.6980972,127.2210106,84,84,1,96.0,96.0,96.0,96.0,96.0,96.0,96.0,96.0,96.0,0.0,12994.421059096358,0,0,0,1.0,0.7,0.0,0.6,False,True,True,True,False,False,combined_feeder,행정동 단위 병의원 수 보조지표,전의면,C,"지선-BRT 환승 시간표 보정, 배차간격 조정",3,260
KCC앞,"SJB293013008,SJB293019001",36.708595,127.152915,85,85,1,137.14285714285714,137.14285714285714,137.14285714285714,137.14285714285714,137.14285714285714,137.14285714285714,137.14285714285714,137.14285714285714,137.14285714285714,0.0,18558.39056361287,0,2,0,1.0,0.7,0.10242374307345076,0.63,False,True,True,True,False,False,combined_feeder,행정동 단위 병의원 수 보조지표,소정면,C,"지선-BRT 환승 시간표 보정, 배차간격 조정",3,98
"가득초등학교(새뜸마을3,4단지)","SJB293064312,SJB293064313",36.4853828,127.24538634999999,1005,1005,1,17.5,17.5,17.5,17.5,17.5,17.5,17.5,17.5,17.5,5.0,1097.289427327053,3,28,0,0.5486447136635265,0.2791666666666667,0.913933356198811,0.561,False,True,False,False,True,True,combined_feeder,행정동 단위 병의원 수 보조지표,새롬동,B,출퇴근·등하교 시간대 집중 모니터링,2,395
"가락마을10,13단지","SJB293064117,SJB293064118",36.513488699999996,127.22951925,"1004,1005,201","1004,1005,201",3,15.0,16.166666666666668,17.5,5.367412140575079,15.0,16.166666666666668,5.367412140575079,17.5,5.367412140575079,10.0,1088.8624724508084,4,17,0,0.5444312362254041,0.21261980830670923,1.0,0.561,False,True,False,False,True,True,combined_feeder,행정동 단위 병의원 수 보조지표,고운동,B,출퇴근·등하교 시간대 집중 모니터링,2,396
가락마을14단지,"SJB293064106,SJB293064107",36.51298105,127.23325955000001,221,221,1,12.5,12.5,12.5,12.5,12.5,12.5,12.5,12.5,12.5,5.0,752.0673530593662,3,17,0,0.37603367652968306,0.22083333333333333,0.8694696731241001,0.466,False,True,False,False,True,True,combined_feeder,행정동 단위 병의원 수 보조지표,고운동,B,출퇴근·등하교 시간대 집중 모니터링,2,492
"가락마을17,18단지","SJB293064113,SJB293064114",36.51972585,127.23494525000001,"1004,1005,201","1004,1005,201",3,15.0,16.166666666666668,17.5,5.367412140575079,15.0,16.166666666666668,5.367412140575079,17.5,5.367412140575079,10.0,679.0820746997194,2,31,0,0.33954103734985974,0.21261980830670923,0.7231109348859928,0.408,False,True,False,False,True,True,combined_feeder,행정동 단위 병의원 수 보조지표,아름동,B,출퇴근·등하교 시간대 집중 모니터링,2,534
가락마을22단지,"SJB293064097,SJB293064098",36.5201129,127.24084405,"1004,1005,201","1004,1005,201",3,15.0,16.166666666666668,17.5,5.367412140575079,15.0,16.166666666666668,5.367412140575079,17.5,5.367412140575079,10.0,374.0111107063922,2,31,0,0.18700555535319607,0.21261980830670923,0.7231109348859928,0.354,False,False,False,False,True,True,combined_feeder,행정동 단위 병의원 수 보조지표,아름동,A,현행 유지 및 정기 모니터링,1,577
가락마을6단지,"SJB293064352,SJB293064354",36.50250825,127.23863754999999,"1005,201","1005,201",2,15.0,16.25,17.5,8.076923076923077,15.0,16.25,8.076923076923077,17.5,8.076923076923077,10.0,245.72702194705852,3,34,0,0.12286351097352925,0.2442307692307692,0.9314654861799867,0.404,False,False,False,False,True,True,combined_feeder,행정동 단위 병의원 수 보조지표,종촌동,A,현행 유지 및 정기 모니터링,1,570
"가락마을7,8단지","SJB293064158,SJB293064205",36.50538645,127.23989645,221,221,1,12.5,12.5,12.5,12.5,12.5,12.5,12.5,12.5,12.5,5.0,258.79496417277215,3,34,0,0.12939748208638607,0.22083333333333333,0.9314654861799867,0.384,False,False,False,False,True,True,combined_feeder,행정동 단위 병의원 수 보조지표,종촌동,A,현행 유지 및 정기 모니터링,1,572
가락마을8단지.가재마을4단지,"SJB293064472,SJB293064475",36.5076552,127.24139645,B5,,1,17.5,17.5,17.5,17.5,17.5,17.5,17.5,17.5,17.5,5.0,0.0,2,17,0,0.0,0.2791666666666667,0.6694696731241,0.295,True,False,False,False,True,True,combined_feeder,행정동 단위 병의원 수 보조지표,고운동,A,현행 유지 및 정기 모니터링,1,
"가락마을9,11단지","SJB293064119,SJB293064120",36.51062245,127.22976095000001,"1004,1005,201","1004,1005,201",3,15.0,16.166666666666668,17.5,5.367412140575079,15.0,16.166666666666668,5.367412140575079,17.5,5.367412140575079,10.0,1046.623373559708,2,17,0,0.523311686779854,0.21261980830670923,0.6694696731241,0.457,False,True,False,False,True,True,combined_feeder,행정동 단위 병의원 수 보조지표,고운동,B,출퇴근·등하교 시간대 집중 모니터링,2,500
가락초등학교,"SJB293064091,SJB293064092",36.51565495,127.23368314999999,221,221,1,12.5,12.5,12.5,12.5,12.5,12.5,12.5,12.5,12.5,5.0,699.8235742199943,1,17,0,0.34991178710999715,0.22083333333333333,0.46946967312410004,0.34,False,True,False,False,True,True,combined_feeder,행정동 단위 병의원 수 보조지표,고운동,B,출퇴근·등하교 시간대 집중 모니터링,2,552
가람동(이마트앞),"SJB293051005,SJB293051006",36.470614999999995,127.25194,"52,53,61","52,53,61",2,30.0,45.0,60.0,20.0,30.0,45.0,20.0,60.0,20.0,0.0,1440.1187411805417,1,1,0,0.7200593705902709,0.2333333333333333,0.2646221869771985,0.414,False,True,False,False,True,False,combined_feeder,행정동 단위 병의원 수 보조지표,가람동,B,출퇴근·등하교 시간대 집중 모니터링,2,525
"가온마을2,3단지","SJB293064374,SJB293064375",36.496114750000004,127.24194564999999,203,203,1,12.5,12.5,12.5,12.5,12.5,12.5,12.5,12.5,12.5,5.0,387.3401171574196,5,20,0,0.1936700585787098,0.22083333333333333,1.0,0.44,False,False,False,False,True,True,combined_feeder,행정동 단위 병의원 수 보조지표,다정동,A,현행 유지 및 정기 모니터링,1,560
"가온마을4,7단지","SJB293064237,SJB293064370",36.4913914,127.2496457,"1004,1005,203","1004,1005,203",3,12.5,15.333333333333334,17.5,5.008944543828266,12.5,15.333333333333334,5.008944543828266,17.5,5.008944543828266,8.0,651.8460079741176,3,20,0,0.3259230039870588,0.1784376863446631,0.8838411577580159,0.438,False,True,False,False,True,True,combined_feeder,행정동 단위 병의원 수 보조지표,다정동,B,출퇴근·등하교 시간대 집중 모니터링,2,515
"가온마을6,9단지","SJB293064262,SJB293064307",36.4986093,127.2490693,"1004,1005,203","1004,1005,203",3,12.5,15.333333333333334,17.5,5.008944543828266,12.5,15.333333333333334,5.008944543828266,17.5,5.008944543828266,8.0,173.23122756502892,2,20,0,0.08661561378251446,0.1784376863446631,0.6838411577580159,0.295,False,False,False,False,True,True,combined_feeder,행정동 단위 병의원 수 보조지표,다정동,A,현행 유지 및 정기 모니터링,1,582
가재마을11단지,SJB293064151,36.5043789,127.2501706,1004,1004,1,16.0,16.0,16.0,16.0,16.0,16.0,16.0,16.0,16.0,8.0,633.3787357312983,2,34,0,0.31668936786564916,0.30666666666666664,0.7314654861799867,0.435,False,True,False,False,True,True,combined_feeder,행정동 단위 병의원 수 보조지표,종촌동,B,출퇴근·등하교 시간대 집중 모니터링,2,516
가재마을12단지,SJB293064071,36.5073176,127.2505017,221,221,1,12.5,12.5,12.5,12.5,12.5,12.5,12.5,12.5,12.5,5.0,794.8242363757911,1,34,0,0.39741211818789557,0.22083333333333333,0.5314654861799867,0.375,False,True,False,False,True,True,combined_feeder,행정동 단위 병의원 수 보조지표,종촌동,B,출퇴근·등하교 시간대 집중 모니터링,2,545
"가재마을5,8단지","SJB293064138,SJB293064139",36.5006977,127.2498229,"1004,201","1004,201",2,15.0,15.5,16.0,7.741935483870969,15.0,15.5,7.741935483870969,16.0,7.741935483870969,10.0,292.70677232128554,1,20,0,0.14635338616064278,0.2403225806451613,0.48384115775801595,0.279,False,False,False,False,True,True,combined_feeder,행정동 단위 병의원 수 보조지표,다정동,A,현행 유지 및 정기 모니터링,1,589
가재마을5단지.가온마을6단지,"SJB293063001,SJB293063002",36.4992991,127.24698495,B5,,1,17.5,17.5,17.5,17.5,17.5,17.5,17.5,17.5,17.5,5.0,0.0,3,34,0,0.0,0.2791666666666667,0.9314654861799867,0.372,True,False,False,False,True,True,combined_feeder,행정동 단위 병의원 수 보조지표,종촌동,A,현행 유지 및 정기 모니터링,1,
"가재마을7,12단지",SJB293056035,36.50648333,127.2496233,1004,1004,1,16.0,16.0,16.0,16.0,16.0,16.0,16.0,16.0,16.0,8.0,726.8110331691913,2,34,0,0.36340551658459563,0.30666666666666664,0.7314654861799867,0.452,False,True,False,False,True,True,combined_feeder,행정동 단위 병의원 수 보조지표,종촌동,B,출퇴근·등하교 시간대 집중 모니터링,2,502
"가재마을9, 10단지","SJB293064025,SJB293064032",36.50169965,127.25258,"52,53","52,53",1,30.0,30.0,30.0,30.0,30.0,30.0,30.0,30.0,30.0,0.0,381.0297218860871,2,33,0,0.19051486094304354,0.35,0.7287629749668292,0.405,False,False,True,False,True,True,combined_feeder,행정동 단위 병의원 수 보조지표,어진동,D,쉘터·의자·안내정보 등 대기환경 우선 개선,4,71
갈산1리,SJB293064304,36.5436985,127.3646969,35,35,1,87.27272727272727,87.27272727272727,87.27272727272727,87.27272727272727,87.27272727272727,87.27272727272727,87.27272727272727,87.27272727272727,87.27272727272727,0.0,4183.696858634818,0,0,0,1.0,0.7,0.0,0.6,False,True,True,True,False,False,combined_feeder,행정동 단위 병의원 수 보조지표,부강면,C,"지선-BRT 환승 시간표 보정, 배차간격 조정",3,291
갈산2리,"SJB293012003,SJB293012004",36.537639999999996,127.356065,"31,35","31,35",2,46.25,66.76136363636363,87.27272727272727,46.25,46.25,66.76136363636363,46.25,87.27272727272727,46.25,0.0,3272.3270320373394,0,0,0,1.0,0.5395833333333333,0.0,0.543,False,True,True,False,False,False,combined_feeder,행정동 단위 병의원 수 보조지표,부강면,B,출퇴근·등하교 시간대 집중 모니터링,2,409
갈산리,SJB293012022,36.5466,127.3677,35,35,1,87.27272727272727,87.27272727272727,87.27272727272727,87.27272727272727,87.27272727272727,87.27272727272727,87.27272727272727,87.27272727272727,87.27272727272727,0.0,4545.6044454521,0,0,0,1.0,0.7,0.0,0.6,False,True,True,True,False,False,combined_feeder,행정동 단위 병의원 수 보조지표,부강면,C,"지선-BRT 환승 시간표 보정, 배차간격 조정",3,288
갈정교,"SJB293019071,SJB293019072",36.689049999999995,127.205235,"83,84","83,84",2,96.0,96.0,96.0,48.0,96.0,96.0,48.0,96.0,48.0,0.0,13471.305214773301,0,9,0,1.0,0.5599999999999999,0.2146702584726201,0.614,False,True,True,False,False,False,combined_feeder,행정동 단위 병의원 수 보조지표,전의면,B,출퇴근·등하교 시간대 집중 모니터링,2,360
감성리,"SJB293011043,SJB293064267",36.44026,127.28834395,64,64,1,96.0,96.0,96.0,96.0,96.0,96.0,96.0,96.0,96.0,0.0,3485.3685965924064,1,0,0,1.0,0.7,0.19999999999999998,0.659,False,True,True,True,True,False,combined_feeder,행정동 단위 병의원 수 보조지표,금남면,E,배차 조정 + 두루타버스 연계 + 정류장 개선 패키지,5,35
감성초등학교,"SJB293011039,SJB293011041",36.44346,127.28757999999999,64,64,1,96.0,96.0,96.0,96.0,96.0,96.0,96.0,96.0,96.0,0.0,3134.2539682877577,1,0,0,1.0,0.7,0.19999999999999998,0.659,False,True,True,True,True,False,combined_feeder,행정동 단위 병의원 수 보조지표,금남면,E,배차 조정 + 두루타버스 연계 + 정류장 개선 패키지,5,36
개미고개,"SJB293018015,SJB293018016",36.657979999999995,127.220665,95,95,1,240.0,240.0,240.0,240.0,240.0,240.0,240.0,240.0,240.0,0.0,10556.607521072807,0,0,0,1.0,0.7,0.0,0.6,False,True,True,True,False,False,combined_feeder,행정동 단위 병의원 수 보조지표,전동면,C,"지선-BRT 환승 시간표 보정, 배차간격 조정",3,127
고등1리마을회관,"SJB293013026,SJB293013027",36.715469999999996,127.19514000000001,"83,85","83,85",2,96.0,116.57142857142857,137.14285714285714,56.470588235294116,96.0,116.57142857142857,56.470588235294116,137.14285714285714,56.470588235294116,0.0,16002.357933906209,0,0,0,1.0,0.6588235294117647,0.0,0.585,False,True,True,False,False,False,combined_feeder,행정동 단위 병의원 수 보조지표,전의면,B,출퇴근·등하교 시간대 집중 모니터링,2,370
고등2리,"SJB293013025,SJB293064395",36.705996299999995,127.18851705,83,83,1,96.0,96.0,96.0,96.0,96.0,96.0,96.0,96.0,96.0,0.0,15781.762629544146,0,0,0,1.0,0.7,0.0,0.6,False,True,True,True,False,False,combined_feeder,행정동 단위 병의원 수 보조지표,전의면,C,"지선-BRT 환승 시간표 보정, 배차간격 조정",3,251
고려대학교,"SJB293001055,SJB293001058",36.61079905,127.2932664,"11,12,13,71,73,76,93","11,12,13,71,73,76,93",6,30.0,517.3076923076923,960.0,17.454545454545453,30.0,517.3076923076923,17.454545454545453,960.0,17.454545454545453,0.0,3306.1305076236486,1,72,0,1.0,0.20363636363636362,0.6,0.6,False,True,False,False,True,True,combined_feeder,행정동 단위 병의원 수 보조지표,조치원읍,B,출퇴근·등하교 시간대 집중 모니터링,2,361
고복1리,"SJB293016077,SJB293016078",36.596720000000005,127.26147,71,71,1,120.0,120.0,120.0,120.0,120.0,120.0,120.0,120.0,120.0,0.0,6501.69786523225,0,7,0,1.0,0.7,0.19386656093159566,0.657,False,True,True,True,False,False,combined_feeder,행정동 단위 병의원 수 보조지표,연서면,C,"지선-BRT 환승 시간표 보정, 배차간격 조정",3,81
고복1리마을회관,"SJB293016069,SJB293016070",36.604839999999996,127.25771499999999,71,71,1,120.0,120.0,120.0,120.0,120.0,120.0,120.0,120.0,120.0,0.0,6542.599251061089,0,0,0,1.0,0.7,0.0,0.6,False,True,True,True,False,False,combined_feeder,행정동 단위 병의원 수 보조지표,연서면,C,"지선-BRT 환승 시간표 보정, 배차간격 조정",3,172
고복2리,"SJB293016039,SJB293016040",36.613335,127.24321,71,71,1,120.0,120.0,120.0,120.0,120.0,120.0,120.0,120.0,120.0,0.0,7656.848957552,0,0,0,1.0,0.7,0.0,0.6,False,True,True,True,False,False,combined_feeder,행정동 단위 병의원 수 보조지표,연서면,C,"지선-BRT 환승 시간표 보정, 배차간격 조정",3,167
고복리,"SJB293016053,SJB293016054",36.60696,127.250925,71,71,1,120.0,120.0,120.0,120.0,120.0,120.0,120.0,120.0,120.0,0.0,7085.444940757619,0,0,0,1.0,0.7,0.0,0.6,False,True,True,True,False,False,combined_feeder,행정동 단위 병의원 수 보조지표,연서면,C,"지선-BRT 환승 시간표 보정, 배차간격 조정",3,170
고복리조각공원,"SJB293016045,SJB293016046",36.61277,127.24769,71,71,1,120.0,120.0,120.0,120.0,120.0,120.0,120.0,120.0,120.0,0.0,7266.0118119318395,0,0,0,1.0,0.7,0.0,0.6,False,True,True,True,False,False,combined_feeder,행정동 단위 병의원 수 보조지표,연서면,C,"지선-BRT 환승 시간표 보정, 배차간격 조정",3,168
고복저수지,"SJB293016018,SJB293016019,SJB293064324,SJB293064325",36.60094575,127.22857955,"71,86","71,86",1,240.0,240.0,240.0,240.0,240.0,240.0,240.0,240.0,240.0,0.0,8827.052088106571,0,0,0,1.0,0.7,0.0,0.6,False,True,True,True,False,False,combined_feeder,행정동 단위 병의원 수 보조지표,연서면,C,"지선-BRT 환승 시간표 보정, 배차간격 조정",3,128
고복저수지입구,"SJB293016049,SJB293016050",36.609570000000005,127.248455,71,71,1,120.0,120.0,120.0,120.0,120.0,120.0,120.0,120.0,120.0,0.0,7239.914207977331,0,0,0,1.0,0.7,0.0,0.6,False,True,True,True,False,False,combined_feeder,행정동 단위 병의원 수 보조지표,연서면,C,"지선-BRT 환승 시간표 보정, 배차간격 조정",3,169
고운고등학교,"SJB293064089,SJB293064090",36.50910235,127.23430305,221,221,1,12.5,12.5,12.5,12.5,12.5,12.5,12.5,12.5,12.5,5.0,635.2323751795312,2,17,0,0.3176161875897656,0.22083333333333333,0.6694696731241,0.387,False,True,False,False,True,True,combined_feeder,행정동 단위 병의원 수 보조지표,고운동,B,출퇴근·등하교 시간대 집중 모니터링,2,542
고운동(만남로),"SJB293064412,SJB293064413",36.5007845,127.23615050000001,1004,1004,1,16.0,16.0,16.0,16.0,16.0,16.0,16.0,16.0,16.0,8.0,550.3019481087283,2,34,0,0.2751509740543642,0.30666666666666664,0.7314654861799867,0.408,False,True,False,False,True,True,combined_feeder,행정동 단위 병의원 수 보조지표,종촌동,B,출퇴근·등하교 시간대 집중 모니터링,2,533
고운동커뮤니티센터남측,"SJB293064123,SJB293064124",36.50430335,127.23502295,"1004,1005,201","1004,1005,201",3,15.0,16.166666666666668,17.5,5.367412140575079,15.0,16.166666666666668,5.367412140575079,17.5,5.367412140575079,10.0,554.0997664318393,2,17,0,0.2770498832159196,0.21261980830670923,0.6694696731241,0.37,False,True,False,False,True,True,combined_feeder,행정동 단위 병의원 수 보조지표,고운동,B,출퇴근·등하교 시간대 집중 모니터링,2,548
고운동커뮤니티센터북측,"SJB293064140,SJB293064141",36.520128549999995,127.2366472,"1004,201","1004,201",2,15.0,15.5,16.0,7.741935483870969,15.0,15.5,7.741935483870969,16.0,7.741935483870969,10.0,589.6029230224913,2,31,0,0.29480146151124564,0.2403225806451613,0.7231109348859928,0.402,False,True,False,False,True,True,combined_feeder,행정동 단위 병의원 수 보조지표,아름동,B,출퇴근·등하교 시간대 집중 모니터링,2,536
"고운뜰공원,대법원등기정보센터","SJB293064203,SJB293064204",36.51140565,127.2414594,B5,,1,17.5,17.5,17.5,17.5,17.5,17.5,17.5,17.5,17.5,5.0,0.0,4,17,0,0.0,0.2791666666666667,1.0,0.393,True,False,False,False,True,True,combined_feeder,행정동 단위 병의원 수 보조지표,고운동,A,현행 유지 및 정기 모니터링,1,
고운중학교,"SJB293064028,SJB293064029",36.5064809,127.23724335,221,221,1,12.5,12.5,12.5,12.5,12.5,12.5,12.5,12.5,12.5,5.0,407.29958385006483,3,17,0,0.2036497919250324,0.22083333333333333,0.8694696731241001,0.406,False,False,False,False,True,True,combined_feeder,행정동 단위 병의원 수 보조지표,고운동,A,현행 유지 및 정기 모니터링,1,567
공정거래위원회,"SJB293062021,SJB293062027",36.504405500000004,127.26727399999999,"203,52,53","203,52,53",2,12.5,21.25,30.0,8.823529411764705,12.5,21.25,8.823529411764705,30.0,8.823529411764705,5.0,528.4990566212864,2,33,0,0.2642495283106432,0.1779411764705882,0.7287629749668292,0.37,False,True,False,False,True,True,combined_feeder,행정동 단위 병의원 수 보조지표,어진동,B,출퇴근·등하교 시간대 집중 모니터링,2,547
과기정통부(중기부),"SJB293062009,SJB293062010",36.497645,127.26043999999999,201,201,1,15.0,15.0,15.0,15.0,15.0,15.0,15.0,15.0,15.0,10.0,379.4080262424875,0,33,0,0.18970401312124374,0.32499999999999996,0.32876297496682927,0.278,False,False,False,False,True,True,combined_feeder,행정동 단위 병의원 수 보조지표,어진동,A,현행 유지 및 정기 모니터링,1,590
과학기술정보통신,"SJB293064268,SJB293064269",36.496031349999996,127.26326184999999,"203,52,53","203,52,53",2,12.5,21.25,30.0,8.823529411764705,12.5,21.25,8.823529411764705,30.0,8.823529411764705,5.0,636.7269278260621,0,65,0,0.31836346391303105,0.1779411764705882,0.39060196694506133,0.29,False,True,False,False,True,True,combined_feeder,행정동 단위 병의원 수 보조지표,나성동,B,출퇴근·등하교 시간대 집중 모니터링,2,558
관정1리,"SJB293019061,SJB293019062",36.699015,127.198195,83,83,1,96.0,96.0,96.0,96.0,96.0,96.0,96.0,96.0,96.0,0.0,14626.126167682658,0,9,0,1.0,0.7,0.2146702584726201,0.663,False,True,True,True,False,False,combined_feeder,행정동 단위 병의원 수 보조지표,전의면,C,"지선-BRT 환승 시간표 보정, 배차간격 조정",3,73
교과서박물관,"SJB293015038,SJB293015039",36.549364999999995,127.33033499999999,"300,33","300,33",2,40.0,43.125,46.25,21.44927536231884,40.0,43.125,21.44927536231884,46.25,21.44927536231884,0.0,2151.7986322522856,0,2,0,1.0,0.2502415458937198,0.10242374307345076,0.471,False,True,False,False,False,False,combined_feeder,행정동 단위 병의원 수 보조지표,연동면,B,출퇴근·등하교 시간대 집중 모니터링,2,487
구렁말,"SJB293001028,SJB293001029",36.61743,127.28888,"11,12,91,910,92,94,95","11,12,91,910,92,94,95",6,30.0,165.0,320.0,15.737704918032788,30.0,165.0,15.737704918032788,320.0,15.737704918032788,0.0,3552.378979224366,0,72,0,1.0,0.18360655737704917,0.4,0.535,False,True,False,False,True,True,combined_feeder,행정동 단위 병의원 수 보조지표,조치원읍,B,출퇴근·등하교 시간대 집중 모니터링,2,424
구룡,"SJB186004061,SJB186004062",36.446085,127.36855,661,661,1,480.0,480.0,480.0,480.0,480.0,480.0,480.0,480.0,480.0,0.0,7068.917941515423,0,0,0,1.0,0.7,0.0,0.6,False,True,True,True,False,False,combined_feeder,행정동 단위 병의원 수 보조지표,집현동,C,"지선-BRT 환승 시간표 보정, 배차간격 조정",3,101
구룡2통,"SJB186004065,SJB186004066",36.44718,127.365405,661,661,1,480.0,480.0,480.0,480.0,480.0,480.0,480.0,480.0,480.0,0.0,6832.458864998728,0,0,0,1.0,0.7,0.0,0.6,False,True,True,True,False,False,combined_feeder,행정동 단위 병의원 수 보조지표,집현동,C,"지선-BRT 환승 시간표 보정, 배차간격 조정",3,102
구룡2통보건소,"SJB186004063,SJB186004064",36.45077,127.362655,661,661,1,480.0,480.0,480.0,480.0,480.0,480.0,480.0,480.0,480.0,0.0,6357.058642833757,0,0,0,1.0,0.7,0.0,0.6,False,True,True,True,False,False,combined_feeder,행정동 단위 병의원 수 보조지표,집현동,C,"지선-BRT 환승 시간표 보정, 배차간격 조정",3,103
구즉동주민센터입구,"SJB186004307,SJB186004308",36.44108,127.38585,"661,691","661,691",2,192.0,336.0,480.0,192.0,192.0,336.0,192.0,480.0,192.0,0.0,8407.341876582575,0,0,0,1.0,0.7,0.0,0.6,False,True,True,True,False,False,combined_feeder,행정동 단위 병의원 수 보조지표,집현동,C,"지선-BRT 환승 시간표 보정, 배차간격 조정",3,135
구즉초등학교,SJB186004310,36.43997,127.38196,661,661,1,480.0,480.0,480.0,480.0,480.0,480.0,480.0,480.0,480.0,0.0,8055.721290125788,0,0,0,1.0,0.7,0.0,0.6,False,True,True,True,False,False,combined_feeder,행정동 단위 병의원 수 보조지표,집현동,C,"지선-BRT 환승 시간표 보정, 배차간격 조정",3,100
국립세종도서관정문,"SJB293064063,SJB293064306",36.49914905,127.26772105,203,203,1,12.5,12.5,12.5,12.5,12.5,12.5,12.5,12.5,12.5,5.0,757.2709671183102,0,33,0,0.3786354835591551,0.22083333333333333,0.32876297496682927,0.308,False,True,False,False,True,True,combined_feeder,행정동 단위 병의원 수 보조지표,어진동,B,출퇴근·등하교 시간대 집중 모니터링,2,557
국립세종수목원,SJB293064455,36.4988004,127.286745,221,221,1,12.5,12.5,12.5,12.5,12.5,12.5,12.5,12.5,12.5,5.0,1735.1353306057747,0,0,0,0.8675676653028873,0.22083333333333333,0.0,0.384,False,True,False,False,False,False,combined_feeder,행정동 단위 병의원 수 보조지표,소담동,B,출퇴근·등하교 시간대 집중 모니터링,2,544
국립세종수목원(연구동),"SJB293064451,SJB293064456",36.49782055,127.28986259999999,221,221,1,12.5,12.5,12.5,12.5,12.5,12.5,12.5,12.5,12.5,5.0,1459.0303678629762,0,0,0,0.7295151839314881,0.22083333333333333,0.0,0.335,False,True,False,False,False,False,combined_feeder,행정동 단위 병의원 수 보조지표,소담동,B,출퇴근·등하교 시간대 집중 모니터링,2,553
"국립세종수목원,중앙공원",SJB293064452,36.4996496,127.283625,221,221,1,12.5,12.5,12.5,12.5,12.5,12.5,12.5,12.5,12.5,5.0,2028.0349724384553,0,0,0,1.0,0.22083333333333333,0.0,0.431,False,True,False,False,False,False,combined_feeder,행정동 단위 병의원 수 보조지표,어진동,B,출퇴근·등하교 시간대 집중 모니터링,2,519
국무조정실(한뜰마을3단지),"SJB293062025,SJB293062026",36.503955000000005,127.271235,221,221,1,12.5,12.5,12.5,12.5,12.5,12.5,12.5,12.5,12.5,5.0,888.0083299530098,1,33,0,0.4440041649765049,0.22083333333333333,0.5287629749668292,0.39,False,True,False,False,True,True,combined_feeder,행정동 단위 병의원 수 보조지표,어진동,B,출퇴근·등하교 시간대 집중 모니터링,2,541
국책연구단지,"SJB293064255,SJB293064261",36.49176065,127.30416550000001,"B0,B5",,2,10.0,13.75,17.5,6.363636363636364,10.0,13.75,6.363636363636364,17.5,6.363636363636364,5.0,0.0,0,22,0,0.0,0.14924242424242423,0.2923224665272583,0.139,True,False,False,False,True,True,combined_feeder,행정동 단위 병의원 수 보조지표,소담동,A,현행 유지 및 정기 모니터링,1,
국책연구단지북측,"SJB293064077,SJB293064078",36.495769800000005,127.30338585,221,221,1,12.5,12.5,12.5,12.5,12.5,12.5,12.5,12.5,12.5,5.0,428.7900912646817,0,17,0,0.21439504563234085,0.22083333333333333,0.26946967312410003,0.233,False,False,False,False,True,True,combined_feeder,행정동 단위 병의원 수 보조지표,반곡동,A,현행 유지 및 정기 모니터링,1,595
국촌1리,"SJB293016096,SJB293016097",36.57308,127.272525,"72,73","72,73",2,120.0,540.0,960.0,120.0,120.0,540.0,120.0,960.0,120.0,0.0,4361.711965148048,0,0,0,1.0,0.7,0.0,0.6,False,True,True,True,False,False,combined_feeder,행정동 단위 병의원 수 보조지표,연서면,C,"지선-BRT 환승 시간표 보정, 배차간격 조정",3,196
국촌1리(함박산),"SJB293016103,SJB293016104",36.571435,127.27897,"72,73","72,73",2,120.0,540.0,960.0,120.0,120.0,540.0,120.0,960.0,120.0,0.0,4163.587020641731,0,0,0,1.0,0.7,0.0,0.6,False,True,True,True,False,False,combined_feeder,행정동 단위 병의원 수 보조지표,연서면,C,"지선-BRT 환승 시간표 보정, 배차간격 조정",3,203
국촌2리,"SJB293016071,SJB293016072",36.57719,127.259305,"72,73","72,73",2,120.0,540.0,960.0,120.0,120.0,540.0,120.0,960.0,120.0,0.0,5044.193937114856,1,0,0,1.0,0.7,0.19999999999999998,0.659,False,True,True,True,True,False,combined_feeder,행정동 단위 병의원 수 보조지표,연서면,E,배차 조정 + 두루타버스 연계 + 정류장 개선 패키지,5,29
국촌2리마을회관,"SJB293016085,SJB293016086",36.575720000000004,127.26503,"72,73","72,73",2,120.0,540.0,960.0,120.0,120.0,540.0,120.0,960.0,120.0,0.0,4747.846079596131,0,0,0,1.0,0.7,0.0,0.6,False,True,True,True,False,False,combined_feeder,행정동 단위 병의원 수 보조지표,연서면,C,"지선-BRT 환승 시간표 보정, 배차간격 조정",3,183
글벗중학교(새샘마을9단지),"SJB293064212,SJB293064213",36.490266950000006,127.29854025,221,221,1,12.5,12.5,12.5,12.5,12.5,12.5,12.5,12.5,12.5,5.0,483.6000989932558,2,22,0,0.2418000494966279,0.22083333333333333,0.6923224665272583,0.367,False,False,False,False,True,True,combined_feeder,행정동 단위 병의원 수 보조지표,소담동,A,현행 유지 및 정기 모니터링,1,575
금강수목원(산림박물관),"SJB293011005,SJB293011006",36.43781,127.23558,62,62,1,120.0,120.0,120.0,120.0,120.0,120.0,120.0,120.0,120.0,0.0,4896.33899490086,0,0,0,1.0,0.7,0.0,0.6,False,True,True,True,False,False,combined_feeder,행정동 단위 병의원 수 보조지표,가람동,C,"지선-BRT 환승 시간표 보정, 배차간격 조정",3,182
금고1통,"SJB186004128,SJB186004129",36.4638,127.39042,691,691,1,192.0,192.0,192.0,192.0,192.0,192.0,192.0,192.0,192.0,0.0,6909.721558487826,0,0,0,1.0,0.7,0.0,0.6,False,True,True,True,False,False,combined_feeder,행정동 단위 병의원 수 보조지표,집현동,C,"지선-BRT 환승 시간표 보정, 배차간격 조정",3,138
금고2통,"SJB186004130,SJB186004131",36.458945,127.385165,691,691,1,192.0,192.0,192.0,192.0,192.0,192.0,192.0,192.0,192.0,0.0,6896.833926394621,0,0,0,1.0,0.7,0.0,0.6,False,True,True,True,False,False,combined_feeder,행정동 단위 병의원 수 보조지표,집현동,C,"지선-BRT 환승 시간표 보정, 배차간격 조정",3,139
금고동,"SJB186004132,SJB186004133",36.466745,127.39047,691,691,1,192.0,192.0,192.0,192.0,192.0,192.0,192.0,192.0,192.0,0.0,6726.420696165695,0,0,0,1.0,0.7,0.0,0.6,False,True,True,True,False,False,combined_feeder,행정동 단위 병의원 수 보조지표,집현동,C,"지선-BRT 환승 시간표 보정, 배차간격 조정",3,140
금고동매립장,"SJB186004134,SJB186004135",36.46049,127.388725,691,691,1,192.0,192.0,192.0,192.0,192.0,192.0,192.0,192.0,192.0,0.0,7021.248744869407,0,0,0,1.0,0.7,0.0,0.6,False,True,True,True,False,False,combined_feeder,행정동 단위 병의원 수 보조지표,집현동,C,"지선-BRT 환승 시간표 보정, 배차간격 조정",3,137
금남면사무소,"SJB293011027,SJB293011028",36.464475,127.280975,"62,64","62,64",2,96.0,108.0,120.0,53.333333333333336,96.0,108.0,53.333333333333336,120.0,53.333333333333336,0.0,840.9657278514354,0,12,0,0.4204828639257177,0.6222222222222222,0.2391305073635656,0.438,False,True,True,False,True,True,combined_feeder,행정동 단위 병의원 수 보조지표,금남면,D,쉘터·의자·안내정보 등 대기환경 우선 개선,4,69
금남초등학교,"SJB293058001,SJB293058002",36.47165,127.28614999999999,"66,661,67,69,691","66,661,67,69,691",5,106.66666666666667,247.16190476190476,480.0,36.92307692307693,106.66666666666667,247.16190476190476,36.92307692307693,480.0,36.92307692307693,0.0,615.6191874508273,2,22,0,0.30780959372541367,0.4307692307692308,0.6923224665272583,0.458,False,True,True,False,True,True,combined_feeder,행정동 단위 병의원 수 보조지표,보람동,D,쉘터·의자·안내정보 등 대기환경 우선 개선,4,67
금박골,"SJB293016020,SJB293064316",36.556895499999996,127.22986,75,75,1,120.0,120.0,120.0,120.0,120.0,120.0,120.0,120.0,120.0,0.0,4344.035501530223,0,0,0,1.0,0.7,0.0,0.6,False,True,True,True,False,False,combined_feeder,행정동 단위 병의원 수 보조지표,연기면,C,"지선-BRT 환승 시간표 보정, 배차간격 조정",3,197
금사리,"SJB293019007,SJB293019008",36.609515,127.172865,"82,86","82,86",2,96.0,168.0,240.0,68.57142857142857,96.0,168.0,68.57142857142857,240.0,68.57142857142857,0.0,11942.623075764424,0,0,0,1.0,0.7,0.0,0.6,False,True,True,True,False,False,combined_feeder,행정동 단위 병의원 수 보조지표,전동면,C,"지선-BRT 환승 시간표 보정, 배차간격 조정",3,327
금암리(그린원룸),"SJB293010013,SJB293017040",36.451076240000006,127.21057379999999,61,61,1,60.0,60.0,60.0,60.0,60.0,60.0,60.0,60.0,60.0,0.0,5654.625027911307,0,0,0,1.0,0.7,0.0,0.6,False,True,True,True,False,False,combined_feeder,행정동 단위 병의원 수 보조지표,가람동,C,"지선-BRT 환승 시간표 보정, 배차간격 조정",3,337
금암리(사기정골),"SJB293010015,SJB293017046",36.457758639999994,127.21189405,61,61,1,60.0,60.0,60.0,60.0,60.0,60.0,60.0,60.0,60.0,0.0,5152.436895881705,0,0,0,1.0,0.7,0.0,0.6,False,True,True,True,False,False,combined_feeder,행정동 단위 병의원 수 보조지표,가람동,C,"지선-BRT 환승 시간표 보정, 배차간격 조정",3,340
금암리(서봉타운),"SJB293010012,SJB293017041",36.445963245,127.21070424999999,61,61,1,60.0,60.0,60.0,60.0,60.0,60.0,60.0,60.0,60.0,0.0,5998.447824213659,0,0,0,1.0,0.7,0.0,0.6,False,True,True,True,False,False,combined_feeder,행정동 단위 병의원 수 보조지표,가람동,C,"지선-BRT 환승 시간표 보정, 배차간격 조정",3,335
금암리(솔정자),"SJB293010014,SJB293017042",36.455310235,127.21116624999999,61,61,1,60.0,60.0,60.0,60.0,60.0,60.0,60.0,60.0,60.0,0.0,5349.41140482262,0,0,0,1.0,0.7,0.0,0.6,False,True,True,True,False,False,combined_feeder,행정동 단위 병의원 수 보조지표,가람동,C,"지선-BRT 환승 시간표 보정, 배차간격 조정",3,339
금암리(영조주택),"SJB293017037,SJB293017038",36.44874,127.210475,61,61,1,60.0,60.0,60.0,60.0,60.0,60.0,60.0,60.0,60.0,0.0,5829.412974025492,0,0,0,1.0,0.7,0.0,0.6,False,True,True,True,False,False,combined_feeder,행정동 단위 병의원 수 보조지표,가람동,C,"지선-BRT 환승 시간표 보정, 배차간격 조정",3,336
금암리(웅대원룸),"SJB293010011,SJB293017034",36.441720435,127.2088618,61,61,1,60.0,60.0,60.0,60.0,60.0,60.0,60.0,60.0,60.0,0.0,6434.443617325278,0,0,0,1.0,0.7,0.0,0.6,False,True,True,True,False,False,combined_feeder,행정동 단위 병의원 수 보조지표,가람동,C,"지선-BRT 환승 시간표 보정, 배차간격 조정",3,332
금암리노인정,"SJB293017030,SJB293017032",36.4382,127.20845,61,61,1,60.0,60.0,60.0,60.0,60.0,60.0,60.0,60.0,60.0,0.0,6736.2853854594305,0,0,0,1.0,0.7,0.0,0.6,False,True,True,True,False,False,combined_feeder,행정동 단위 병의원 수 보조지표,가람동,C,"지선-BRT 환승 시간표 보정, 배차간격 조정",3,331
금암삼거리,"SJB293017055,SJB293017056",36.438285,127.21849,61,61,1,60.0,60.0,60.0,60.0,60.0,60.0,60.0,60.0,60.0,0.0,6033.75964495515,0,0,0,1.0,0.7,0.0,0.6,False,True,True,True,False,False,combined_feeder,행정동 단위 병의원 수 보조지표,가람동,C,"지선-BRT 환승 시간표 보정, 배차간격 조정",3,334
금천1리,"SJB293011055,SJB293011056",36.442185,127.31372,64,64,1,96.0,96.0,96.0,96.0,96.0,96.0,96.0,96.0,96.0,0.0,4630.99544721334,0,0,0,1.0,0.7,0.0,0.6,False,True,True,True,False,False,combined_feeder,행정동 단위 병의원 수 보조지표,금남면,C,"지선-BRT 환승 시간표 보정, 배차간격 조정",3,272
금천1리마을회관,"SJB293011059,SJB293011060",36.44218,127.31555,64,64,1,96.0,96.0,96.0,96.0,96.0,96.0,96.0,96.0,96.0,0.0,4713.683816715435,0,0,0,1.0,0.7,0.0,0.6,False,True,True,True,False,False,combined_feeder,행정동 단위 병의원 수 보조지표,금남면,C,"지선-BRT 환승 시간표 보정, 배차간격 조정",3,271
금천2리마을회관,"SJB293011063,SJB293064162",36.438270599999996,127.31986835000001,64,64,1,96.0,96.0,96.0,96.0,96.0,96.0,96.0,96.0,96.0,0.0,5219.259625340317,0,0,0,1.0,0.7,0.0,0.6,False,True,True,True,False,False,combined_feeder,행정동 단위 병의원 수 보조지표,금남면,C,"지선-BRT 환승 시간표 보정, 배차간격 조정",3,270
금호2리공단입구,"SJB293012005,SJB293012006",36.504004550000005,127.35794655000001,35,35,1,87.27272727272727,87.27272727272727,87.27272727272727,87.27272727272727,87.27272727272727,87.27272727272727,87.27272727272727,87.27272727272727,87.27272727272727,0.0,2621.8284137263627,0,0,0,1.0,0.7,0.0,0.6,False,True,True,True,False,False,combined_feeder,행정동 단위 병의원 수 보조지표,집현동,C,"지선-BRT 환승 시간표 보정, 배차간격 조정",3,300
금호2리노인회관,"SJB293012001,SJB293012002",36.50211,127.35487,35,35,1,87.27272727272727,87.27272727272727,87.27272727272727,87.27272727272727,87.27272727272727,87.27272727272727,87.27272727272727,87.27272727272727,87.27272727272727,0.0,2353.541833347058,0,0,0,1.0,0.7,0.0,0.6,False,True,True,True,False,False,combined_feeder,행정동 단위 병의원 수 보조지표,집현동,C,"지선-BRT 환승 시간표 보정, 배차간격 조정",3,301
금호3리,"SJB293012012,SJB293012013",36.509420000000006,127.36513,35,35,1,87.27272727272727,87.27272727272727,87.27272727272727,87.27272727272727,87.27272727272727,87.27272727272727,87.27272727272727,87.27272727272727,87.27272727272727,0.0,3356.2480063979683,0,0,0,1.0,0.7,0.0,0.6,False,True,True,True,False,False,combined_feeder,행정동 단위 병의원 수 보조지표,부강면,C,"지선-BRT 환승 시간표 보정, 배차간격 조정",3,296
금호리,SJB293012029,36.49383,127.36967,35,35,1,87.27272727272727,87.27272727272727,87.27272727272727,87.27272727272727,87.27272727272727,87.27272727272727,87.27272727272727,87.27272727272727,87.27272727272727,0.0,3754.818450065775,0,0,0,1.0,0.7,0.0,0.6,False,True,True,True,False,False,combined_feeder,행정동 단위 병의원 수 보조지표,집현동,C,"지선-BRT 환승 시간표 보정, 배차간격 조정",3,293
기룡리,SJB293016012,36.57124,127.22424,"72,73","72,73",2,120.0,540.0,960.0,106.66666666666667,120.0,540.0,106.66666666666667,960.0,106.66666666666667,0.0,5865.887199335042,0,0,0,1.0,0.7,0.0,0.6,False,True,True,True,False,False,combined_feeder,행정동 단위 병의원 수 보조지표,연서면,C,"지선-BRT 환승 시간표 보정, 배차간격 조정",3,234
기룡리(효교동),"SJB293016041,SJB293016042",36.576615000000004,127.246295,"72,73","72,73",2,120.0,540.0,960.0,106.66666666666667,120.0,540.0,106.66666666666667,960.0,106.66666666666667,0.0,5425.45124376101,0,0,0,1.0,0.7,0.0,0.6,False,True,True,True,False,False,combined_feeder,행정동 단위 병의원 수 보조지표,연서면,C,"지선-BRT 환승 시간표 보정, 배차간격 조정",3,240
기룡리복지회관,"SJB293016029,SJB293016030",36.57309,127.23428,"72,73","72,73",2,120.0,540.0,960.0,106.66666666666667,120.0,540.0,106.66666666666667,960.0,106.66666666666667,0.0,5547.57257768913,0,0,0,1.0,0.7,0.0,0.6,False,True,True,True,False,False,combined_feeder,행정동 단위 병의원 수 보조지표,연서면,C,"지선-BRT 환승 시간표 보정, 배차간격 조정",3,237
기룡리정미소,SJB293016024,36.57266,127.23264,"72,73","72,73",2,120.0,540.0,960.0,106.66666666666667,120.0,540.0,106.66666666666667,960.0,106.66666666666667,0.0,5570.971976497654,0,0,0,1.0,0.7,0.0,0.6,False,True,True,True,False,False,combined_feeder,행정동 단위 병의원 수 보조지표,연서면,C,"지선-BRT 환승 시간표 보정, 배차간격 조정",3,236
기룡정미소,SJB293016022,36.5727,127.23242999999998,"72,73","72,73",2,120.0,540.0,960.0,106.66666666666667,120.0,540.0,106.66666666666667,960.0,106.66666666666667,0.0,5584.440078722599,0,0,0,1.0,0.7,0.0,0.6,False,True,True,True,False,False,combined_feeder,행정동 단위 병의원 수 보조지표,연서면,C,"지선-BRT 환승 시간표 보정, 배차간격 조정",3,235
깊은내길,"SJB293064404,SJB293064408",36.646446,127.26875799999999,92,92,1,120.0,120.0,120.0,120.0,120.0,120.0,120.0,120.0,120.0,0.0,6134.795828346663,0,0,0,1.0,0.7,0.0,0.6,False,True,True,True,False,False,combined_feeder,행정동 단위 병의원 수 보조지표,전동면,C,"지선-BRT 환승 시간표 보정, 배차간격 조정",3,175
나릿재마을,"SJB293064349,SJB293064350",36.491312050000005,127.25816649999999,"203,52,53","203,52,53",2,12.5,21.25,30.0,8.823529411764705,12.5,21.25,8.823529411764705,30.0,8.823529411764705,5.0,325.96256016057725,1,65,0,0.16298128008028862,0.1779411764705882,0.5906019669450613,0.294,False,False,False,False,True,True,combined_feeder,행정동 단위 병의원 수 보조지표,나성동,A,현행 유지 및 정기 모니터링,1,583
남곡리마을회관,SJB293011057,36.4704,127.31377,"66,661","66,661",2,137.14285714285714,308.57142857142856,480.0,106.66666666666667,137.14285714285714,308.57142857142856,106.66666666666667,480.0,106.66666666666667,0.0,1976.6423128117497,0,0,0,0.9883211564058748,0.7,0.0,0.596,False,True,True,True,False,False,combined_feeder,행정동 단위 병의원 수 보조지표,소담동,C,"지선-BRT 환승 시간표 보정, 배차간격 조정",3,343
내판2리,"SJB293015031,SJB293015032,SJB293064343,SJB293064344",36.552286824999996,127.32546775,"32,33","32,33",1,46.25,46.25,46.25,46.25,46.25,46.25,46.25,46.25,46.25,0.0,2355.298769344581,1,2,0,1.0,0.5395833333333333,0.30242374307345077,0.632,False,True,True,False,True,False,combined_feeder,행정동 단위 병의원 수 보조지표,연동면,D,쉘터·의자·안내정보 등 대기환경 우선 개선,4,53
내판3리,SJB293015029,36.5481637,127.3252197,32,32,1,46.25,46.25,46.25,46.25,46.25,46.25,46.25,46.25,46.25,0.0,1864.7097872145237,0,2,0,0.9323548936072619,0.5395833333333333,0.10242374307345076,0.55,False,True,True,False,False,False,combined_feeder,행정동 단위 병의원 수 보조지표,연동면,B,출퇴근·등하교 시간대 집중 모니터링,2,399
내판리(외판1교),"SJB293064409,SJB293064410",36.555963,127.323069,33,33,1,46.25,46.25,46.25,46.25,46.25,46.25,46.25,46.25,46.25,0.0,2687.86422011367,1,2,0,1.0,0.5395833333333333,0.30242374307345077,0.632,False,True,True,False,True,False,combined_feeder,행정동 단위 병의원 수 보조지표,연동면,D,쉘터·의자·안내정보 등 대기환경 우선 개선,4,51
내판역,"SJB293015028,SJB293015030",36.557735,127.32517999999999,"300,32","300,32",2,40.0,43.125,46.25,21.44927536231884,40.0,43.125,21.44927536231884,46.25,21.44927536231884,0.0,2929.6433535040264,1,2,0,1.0,0.2502415458937198,0.30242374307345077,0.53,False,True,False,False,True,False,combined_feeder,행정동 단위 병의원 수 보조지표,연동면,B,출퇴근·등하교 시간대 집중 모니터링,2,431
노곡리,SJB293019092,36.70061,127.23461,84,84,1,96.0,96.0,96.0,96.0,96.0,96.0,96.0,96.0,96.0,0.0,12329.388909090221,0,0,0,1.0,0.7,0.0,0.6,False,True,True,True,False,False,combined_feeder,행정동 단위 병의원 수 보조지표,전의면,C,"지선-BRT 환승 시간표 보정, 배차간격 조정",3,266
노곡리종점,SJB293019091,36.70046,127.23454,84,84,1,96.0,96.0,96.0,96.0,96.0,96.0,96.0,96.0,96.0,0.0,12321.421082385566,0,0,0,1.0,0.7,0.0,0.6,False,True,True,True,False,False,combined_feeder,행정동 단위 병의원 수 보조지표,전의면,C,"지선-BRT 환승 시간표 보정, 배차간격 조정",3,267
노송1리,"SJB293064172,SJB293064279",36.566842050000005,127.33050410000001,"31,32","31,32",2,46.25,46.25,46.25,23.125,46.25,46.25,23.125,46.25,23.125,0.0,3999.6268073062006,0,0,0,1.0,0.26979166666666665,0.0,0.448,False,True,False,False,False,False,combined_feeder,행정동 단위 병의원 수 보조지표,연동면,B,출퇴근·등하교 시간대 집중 모니터링,2,506
노송1리(노리미),"SJB293015037,SJB293015040",36.569330550000004,127.3282782,"31,32","31,32",2,46.25,46.25,46.25,23.125,46.25,46.25,23.125,46.25,23.125,0.0,4226.465859184099,0,0,0,1.0,0.26979166666666665,0.0,0.448,False,True,False,False,False,False,combined_feeder,행정동 단위 병의원 수 보조지표,연동면,B,출퇴근·등하교 시간대 집중 모니터링,2,505
노송2리,"SJB293015033,SJB293064276",36.571200000000005,127.32614459999999,"31,32","31,32",2,46.25,46.25,46.25,23.125,46.25,46.25,23.125,46.25,23.125,0.0,4405.989237078643,0,0,0,1.0,0.26979166666666665,0.0,0.448,False,True,False,False,False,False,combined_feeder,행정동 단위 병의원 수 보조지표,연동면,B,출퇴근·등하교 시간대 집중 모니터링,2,504
노송리,"SJB293064297,SJB293064299",36.56268515,127.33595945,31,31,1,46.25,46.25,46.25,46.25,46.25,46.25,46.25,46.25,46.25,0.0,3712.847473343344,0,2,0,1.0,0.5395833333333333,0.10242374307345076,0.574,False,True,True,False,False,False,combined_feeder,행정동 단위 병의원 수 보조지표,연동면,B,출퇴근·등하교 시간대 집중 모니터링,2,378
노장2리,"SJB293018076,SJB293018077",36.663214999999994,127.27267,"91,910","91,910",2,120.0,220.0,320.0,87.27272727272727,120.0,220.0,87.27272727272727,320.0,87.27272727272727,0.0,6987.923499155104,0,0,0,1.0,0.7,0.0,0.6,False,True,True,True,False,False,combined_feeder,행정동 단위 병의원 수 보조지표,전동면,C,"지선-BRT 환승 시간표 보정, 배차간격 조정",3,280
노장3리,"SJB293018075,SJB293018078",36.669349999999994,127.2726,"91,910","91,910",2,120.0,220.0,320.0,87.27272727272727,120.0,220.0,87.27272727272727,320.0,87.27272727272727,0.0,7486.564540311752,0,0,0,1.0,0.7,0.0,0.6,False,True,True,True,False,False,combined_feeder,행정동 단위 병의원 수 보조지표,전동면,C,"지선-BRT 환승 시간표 보정, 배차간격 조정",3,279
노장농공단지,"SJB293018067,SJB293018068",36.660804999999996,127.27022500000001,"91,910","91,910",2,120.0,220.0,320.0,87.27272727272727,120.0,220.0,87.27272727272727,320.0,87.27272727272727,0.0,6958.225976758126,0,0,0,1.0,0.7,0.0,0.6,False,True,True,True,False,False,combined_feeder,행정동 단위 병의원 수 보조지표,전동면,C,"지선-BRT 환승 시간표 보정, 배차간격 조정",3,281
노호1리,"SJB293012053,SJB293012054",36.495085,127.39865,300,300,1,40.0,40.0,40.0,40.0,40.0,40.0,40.0,40.0,40.0,0.0,6292.094118711772,0,0,0,1.0,0.4666666666666666,0.0,0.518,False,True,True,False,False,False,combined_feeder,행정동 단위 병의원 수 보조지표,부강면,B,출퇴근·등하교 시간대 집중 모니터링,2,452
농업기술센터,SJB293016114,36.57213,127.28354,74,74,1,120.0,120.0,120.0,120.0,120.0,120.0,120.0,120.0,120.0,0.0,4273.808967472203,0,0,0,1.0,0.7,0.0,0.6,False,True,True,True,False,False,combined_feeder,행정동 단위 병의원 수 보조지표,연서면,C,"지선-BRT 환승 시간표 보정, 배차간격 조정",3,198
누리리,"SJB293014058,SJB293064420",36.534039,127.292149,"B0,B2,B5",,3,8.0,11.833333333333334,17.5,3.5443037974683547,8.0,11.833333333333334,3.5443037974683547,17.5,3.5443037974683547,5.0,0.0,0,0,0,0.0,0.11635021097046414,0.0,0.041,True,False,False,False,False,False,combined_feeder,행정동 단위 병의원 수 보조지표,연기면,A,현행 유지 및 정기 모니터링,1,
눌왕1리(도덕농장),"SJB293014012,SJB293014013",36.54489,127.25815,16,16,1,120.0,120.0,120.0,120.0,120.0,120.0,120.0,120.0,120.0,0.0,1796.976999252231,0,0,0,0.8984884996261155,0.7,0.0,0.564,False,True,True,True,False,False,combined_feeder,행정동 단위 병의원 수 보조지표,연기면,C,"지선-BRT 환승 시간표 보정, 배차간격 조정",3,347
눌왕2리,"SJB293014004,SJB293014005",36.54365,127.24416,16,16,1,120.0,120.0,120.0,120.0,120.0,120.0,120.0,120.0,120.0,0.0,2433.7363198952366,0,0,0,1.0,0.7,0.0,0.6,False,True,True,True,False,False,combined_feeder,행정동 단위 병의원 수 보조지표,해밀동,C,"지선-BRT 환승 시간표 보정, 배차간격 조정",3,228
눌왕2리(푸른농원),"SJB293014008,SJB293014009",36.54597,127.2493,16,16,1,120.0,120.0,120.0,120.0,120.0,120.0,120.0,120.0,120.0,0.0,2282.6174425801523,1,0,0,1.0,0.7,0.19999999999999998,0.659,False,True,True,True,True,False,combined_feeder,행정동 단위 병의원 수 보조지표,연기면,E,배차 조정 + 두루타버스 연계 + 정류장 개선 패키지,5,31
눌왕2리마을회관,"SJB293014006,SJB293014007",36.54436,127.246725,16,16,1,120.0,120.0,120.0,120.0,120.0,120.0,120.0,120.0,120.0,0.0,2295.016134578701,1,0,0,1.0,0.7,0.19999999999999998,0.659,False,True,True,True,True,False,combined_feeder,행정동 단위 병의원 수 보조지표,해밀동,E,배차 조정 + 두루타버스 연계 + 정류장 개선 패키지,5,30
눌왕리(새터말),"SJB293064042,SJB293064043",36.54538675,127.262474,16,16,1,120.0,120.0,120.0,120.0,120.0,120.0,120.0,120.0,120.0,0.0,1726.1503606089952,0,1,0,0.8630751803044976,0.7,0.06462218697719856,0.571,False,True,True,True,False,False,combined_feeder,행정동 단위 병의원 수 보조지표,연기면,C,"지선-BRT 환승 시간표 보정, 배차간격 조정",3,346
다방1리마을회관,"SJB293019040,SJB293064317",36.603151600000004,127.1893735,"82,86","82,86",2,96.0,168.0,240.0,68.57142857142857,96.0,168.0,68.57142857142857,240.0,68.57142857142857,0.0,10576.55280103901,0,0,0,1.0,0.7,0.0,0.6,False,True,True,True,False,False,combined_feeder,행정동 단위 병의원 수 보조지표,연서면,C,"지선-BRT 환승 시간표 보정, 배차간격 조정",3,329
다방2리마을회관,SJB293019010,36.59749,127.17442,82,82,1,96.0,96.0,96.0,96.0,96.0,96.0,96.0,96.0,96.0,0.0,10742.843504003702,0,0,0,1.0,0.7,0.0,0.6,False,True,True,True,False,False,combined_feeder,행정동 단위 병의원 수 보조지표,연서면,C,"지선-BRT 환승 시간표 보정, 배차간격 조정",3,269
다빛초등학교(가온마을3단지),SJB293064145,36.4995152,127.2425474,"1005,B5",1005,2,17.5,17.5,17.5,8.75,17.5,17.5,17.5,17.5,17.5,5.0,0.0,4,34,0,0.0,0.2791666666666667,1.0,0.393,True,False,False,False,True,True,combined_feeder,행정동 단위 병의원 수 보조지표,종촌동,A,현행 유지 및 정기 모니터링,1,
다빛초등학교(가재마을1단지),SJB293064144,36.4997313,127.2424127,"1005,B5",1005,2,17.5,17.5,17.5,8.75,17.5,17.5,17.5,17.5,17.5,5.0,0.0,4,34,0,0.0,0.2791666666666667,1.0,0.393,True,False,False,False,True,True,combined_feeder,행정동 단위 병의원 수 보조지표,종촌동,A,현행 유지 및 정기 모니터링,1,
다솜리,"SJB293064492,SJB293064493",36.5318792,127.320048,B0,,1,10.0,10.0,10.0,10.0,10.0,10.0,10.0,10.0,10.0,4.0,0.0,0,0,0,0.0,0.17666666666666664,0.0,0.062,True,False,False,False,False,False,combined_feeder,행정동 단위 병의원 수 보조지표,연동면,A,현행 유지 및 정기 모니터링,1,
다정고등학교(가온마을1단지),"SJB293064372,SJB293064373",36.49288525,127.2430841,203,203,1,12.5,12.5,12.5,12.5,12.5,12.5,12.5,12.5,12.5,5.0,749.2574729618779,5,20,0,0.3746287364809389,0.22083333333333333,1.0,0.504,False,True,False,False,True,True,combined_feeder,행정동 단위 병의원 수 보조지표,다정동,B,출퇴근·등하교 시간대 집중 모니터링,2,463
다정동,"SJB293054003,SJB293062004",36.494417549999994,127.2564438,"B0,B2",,2,8.0,9.0,10.0,4.444444444444445,8.0,9.0,4.444444444444445,10.0,4.444444444444445,4.0,0.0,3,65,0,0.0,0.11185185185185186,0.9906019669450613,0.331,True,False,False,False,True,True,combined_feeder,행정동 단위 병의원 수 보조지표,나성동,A,현행 유지 및 정기 모니터링,1,
다정동(대성고등학교),"SJB293053001,SJB293054001",36.493853,127.2563811,B5,,1,17.5,17.5,17.5,17.5,17.5,17.5,17.5,17.5,17.5,5.0,0.0,3,65,0,0.0,0.2791666666666667,0.9906019669450613,0.39,True,False,False,False,True,True,combined_feeder,행정동 단위 병의원 수 보조지표,나성동,A,현행 유지 및 정기 모니터링,1,
다정동(장기로),"SJB293064143,SJB293064178",36.49989755,127.23456285,"52,53","52,53",1,30.0,30.0,30.0,30.0,30.0,30.0,30.0,30.0,30.0,0.0,693.3440977277986,1,34,0,0.3466720488638993,0.35,0.5314654861799867,0.4,False,True,True,False,True,True,combined_feeder,행정동 단위 병의원 수 보조지표,종촌동,D,쉘터·의자·안내정보 등 대기환경 우선 개선,4,72
다정동커뮤니티센터,"SJB293064263,SJB293064264",36.4949235,127.248917,"1004,1005","1004,1005",2,16.0,16.75,17.5,8.358208955223882,16.0,16.75,8.358208955223882,17.5,8.358208955223882,8.0,549.9897569444881,5,20,0,0.2749948784722441,0.21751243781094526,1.0,0.468,False,True,False,False,True,True,combined_feeder,행정동 단위 병의원 수 보조지표,다정동,B,출퇴근·등하교 시간대 집중 모니터링,2,491
다정중학교(가온마을4단지),"SJB293064366,SJB293064367",36.49367095,127.24795515,203,203,1,12.5,12.5,12.5,12.5,12.5,12.5,12.5,12.5,12.5,5.0,618.3563426693678,5,20,0,0.3091781713346839,0.22083333333333333,1.0,0.481,False,True,False,False,True,True,combined_feeder,행정동 단위 병의원 수 보조지표,다정동,B,출퇴근·등하교 시간대 집중 모니터링,2,481
달계리,"SJB274020003,SJB293019087",36.58622,127.323665,"300,84","300,84",1,96.0,96.0,96.0,96.0,96.0,96.0,96.0,96.0,96.0,0.0,12981.370771219983,0,0,0,1.0,0.7,0.0,0.6,False,True,True,True,False,False,combined_feeder,행정동 단위 병의원 수 보조지표,전의면,C,"지선-BRT 환승 시간표 보정, 배차간격 조정",3,261
달전1리,"SJB293019009,SJB293019011",36.631125,127.17441,"82,86","82,86",2,96.0,168.0,240.0,68.57142857142857,96.0,168.0,68.57142857142857,240.0,68.57142857142857,0.0,13830.543836404848,0,0,0,1.0,0.7,0.0,0.6,False,True,True,True,False,False,combined_feeder,행정동 단위 병의원 수 보조지표,전동면,C,"지선-BRT 환승 시간표 보정, 배차간격 조정",3,317
달전2리입구,"SJB293019012,SJB293019013,SJB293019015",36.626866666666665,127.17519666666668,"82,86","82,86",2,96.0,168.0,240.0,96.0,96.0,168.0,96.0,240.0,96.0,0.0,13458.61658522785,0,0,0,1.0,0.7,0.0,0.6,False,True,True,True,False,False,combined_feeder,행정동 단위 병의원 수 보조지표,전동면,C,"지선-BRT 환승 시간표 보정, 배차간격 조정",3,259
달전리,"SJB293011094,SJB293011095,SJB293064075,SJB293064076",36.546773099999996,127.26117562499999,"66,661,82,86","66,661,82,86",2,137.14285714285714,308.57142857142856,480.0,106.66666666666667,137.14285714285714,308.57142857142856,106.66666666666667,480.0,106.66666666666667,0.0,13762.432545468284,0,0,0,1.0,0.7,0.0,0.6,False,True,True,True,False,False,combined_feeder,행정동 단위 병의원 수 보조지표,집현동,C,"지선-BRT 환승 시간표 보정, 배차간격 조정",3,232
달전리(태호농장),"SJB293019024,SJB293019025",36.61604,127.177405,"82,86","82,86",2,96.0,168.0,240.0,68.57142857142857,96.0,168.0,68.57142857142857,240.0,68.57142857142857,0.0,12344.91856109098,0,0,0,1.0,0.7,0.0,0.6,False,True,True,True,False,False,combined_feeder,행정동 단위 병의원 수 보조지표,전동면,C,"지선-BRT 환승 시간표 보정, 배차간격 조정",3,326
달전리(한울농장),"SJB293011088,SJB293011089",36.46176,127.3424,"66,661","66,661",2,137.14285714285714,308.57142857142856,480.0,106.66666666666667,137.14285714285714,308.57142857142856,106.66666666666667,480.0,106.66666666666667,0.0,4421.090290140658,0,0,0,1.0,0.7,0.0,0.6,False,True,True,True,False,False,combined_feeder,행정동 단위 병의원 수 보조지표,집현동,C,"지선-BRT 환승 시간표 보정, 배차간격 조정",3,245
달전리마을회관,"SJB293011096,SJB293011097",36.4622255,127.349256,"66,661","66,661",2,137.14285714285714,308.57142857142856,480.0,106.66666666666667,137.14285714285714,308.57142857142856,106.66666666666667,480.0,106.66666666666667,0.0,4645.557930740904,0,0,0,1.0,0.7,0.0,0.6,False,True,True,True,False,False,combined_feeder,행정동 단위 병의원 수 보조지표,집현동,C,"지선-BRT 환승 시간표 보정, 배차간격 조정",3,244
대곡1리,SJB293013019,36.72607,127.15941,85,85,1,137.14285714285714,137.14285714285714,137.14285714285714,137.14285714285714,137.14285714285714,137.14285714285714,137.14285714285714,137.14285714285714,137.14285714285714,0.0,19199.19170891426,0,2,0,1.0,0.7,0.10242374307345076,0.63,False,True,True,True,False,False,combined_feeder,행정동 단위 병의원 수 보조지표,소정면,C,"지선-BRT 환승 시간표 보정, 배차간격 조정",3,91
대곡4리,SJB293013020,36.72556,127.15982,85,85,1,137.14285714285714,137.14285714285714,137.14285714285714,137.14285714285714,137.14285714285714,137.14285714285714,137.14285714285714,137.14285714285714,137.14285714285714,0.0,19135.441076950923,0,2,0,1.0,0.7,0.10242374307345076,0.63,False,True,True,True,False,False,combined_feeder,행정동 단위 병의원 수 보조지표,소정면,C,"지선-BRT 환승 시간표 보정, 배차간격 조정",3,92
대곡리,SJB293013024,36.7296,127.16673,85,85,1,137.14285714285714,137.14285714285714,137.14285714285714,137.14285714285714,137.14285714285714,137.14285714285714,137.14285714285714,137.14285714285714,137.14285714285714,0.0,18941.94947586758,0,0,0,1.0,0.7,0.0,0.6,False,True,True,True,False,False,combined_feeder,행정동 단위 병의원 수 보조지표,소정면,C,"지선-BRT 환승 시간표 보정, 배차간격 조정",3,145
대교1리(밤실입구),"SJB293017027,SJB293017028",36.50229,127.207085,75,75,1,120.0,120.0,120.0,120.0,120.0,120.0,120.0,120.0,120.0,0.0,3030.04793597543,0,5,0,1.0,0.7,0.1670459300506493,0.649,False,True,True,True,False,False,combined_feeder,행정동 단위 병의원 수 보조지표,장군면,C,"지선-BRT 환승 시간표 보정, 배차간격 조정",3,86
대교리,"SJB293017039,SJB293017043",36.50089,127.21087,"1004,52,53","1004,52,53",2,16.0,23.0,30.0,10.434782608695652,16.0,23.0,10.434782608695652,30.0,10.434782608695652,8.0,2729.6903611466655,0,5,0,1.0,0.2417391304347826,0.1670459300506493,0.487,False,True,False,False,False,False,combined_feeder,행정동 단위 병의원 수 보조지표,장군면,B,출퇴근·등하교 시간대 집중 모니터링,2,474
대교에이스,SJB293064330,36.7177679,127.2003627,"83,85","83,85",2,96.0,116.57142857142857,137.14285714285714,56.470588235294116,96.0,116.57142857142857,56.470588235294116,137.14285714285714,56.470588235294116,0.0,15832.708576051386,0,0,0,1.0,0.6588235294117647,0.0,0.585,False,True,True,False,False,False,combined_feeder,행정동 단위 병의원 수 보조지표,전의면,B,출퇴근·등하교 시간대 집중 모니터링,2,371
대동금탄동입구,"SJB186004136,SJB186004137",36.47207,127.38796500000001,691,691,1,192.0,192.0,192.0,192.0,192.0,192.0,192.0,192.0,192.0,0.0,6216.458933190455,0,0,0,1.0,0.7,0.0,0.6,False,True,True,True,False,False,combined_feeder,행정동 단위 병의원 수 보조지표,집현동,C,"지선-BRT 환승 시간표 보정, 배차간격 조정",3,141
대동초등학교,"SJB293064146,SJB293064147",36.5955925,127.2944656,"13,76","13,76",1,960.0,960.0,960.0,960.0,960.0,960.0,960.0,960.0,960.0,0.0,4091.2070928567096,1,0,0,1.0,0.7,0.19999999999999998,0.659,False,True,True,True,True,False,combined_feeder,행정동 단위 병의원 수 보조지표,조치원읍,E,배차 조정 + 두루타버스 연계 + 정류장 개선 패키지,5,20
대륙테크놀로지,"SJB293016031,SJB293016032",36.55649,127.23749000000001,75,75,1,120.0,120.0,120.0,120.0,120.0,120.0,120.0,120.0,120.0,0.0,3851.1745125078432,0,0,0,1.0,0.7,0.0,0.6,False,True,True,True,False,False,combined_feeder,행정동 단위 병의원 수 보조지표,연기면,C,"지선-BRT 환승 시간표 보정, 배차간격 조정",3,209
대박리,"SJB293011098,SJB293011099",36.477115,127.349455,"69,691","69,691",2,192.0,256.0,320.0,120.0,192.0,256.0,120.0,320.0,120.0,0.0,3240.9394722938887,0,0,0,1.0,0.7,0.0,0.6,False,True,True,True,False,False,combined_feeder,행정동 단위 병의원 수 보조지표,집현동,C,"지선-BRT 환승 시간표 보정, 배차간격 조정",3,219
대박리(광덕사),"SJB293011090,SJB293011092",36.478235,127.34427,"69,691","69,691",2,192.0,256.0,320.0,120.0,192.0,256.0,120.0,320.0,120.0,0.0,2887.0960474151284,0,0,0,1.0,0.7,0.0,0.6,False,True,True,True,False,False,combined_feeder,행정동 단위 병의원 수 보조지표,집현동,C,"지선-BRT 환승 시간표 보정, 배차간격 조정",3,224
대원아파트,"SJB293016101,SJB293016102",36.55836,127.27826,"16,17,75","16,17,75",3,120.0,133.33333333333334,160.0,43.63636363636363,120.0,133.33333333333334,43.63636363636363,160.0,43.63636363636363,0.0,2705.3937135829406,0,0,0,1.0,0.509090909090909,0.0,0.533,False,True,True,False,False,False,combined_feeder,행정동 단위 병의원 수 보조지표,연기면,B,출퇴근·등하교 시간대 집중 모니터링,2,428
대원아파트후문,"SJB293016109,SJB293016110",36.561009999999996,127.28115,"16,17,75","16,17,75",3,120.0,133.33333333333334,160.0,43.63636363636363,120.0,133.33333333333334,43.63636363636363,160.0,43.63636363636363,0.0,3059.3997177297515,1,0,0,1.0,0.509090909090909,0.19999999999999998,0.591,False,True,True,False,True,False,combined_feeder,행정동 단위 병의원 수 보조지표,연기면,D,쉘터·의자·안내정보 등 대기환경 우선 개선,4,58
대전공원묘원,"SJB293064443,SJB293900001",36.45195,127.22675000000001,61,61,1,60.0,60.0,60.0,60.0,60.0,60.0,60.0,60.0,60.0,0.0,4501.850707742967,0,0,0,1.0,0.7,0.0,0.6,False,True,True,True,False,False,combined_feeder,행정동 단위 병의원 수 보조지표,가람동,C,"지선-BRT 환승 시간표 보정, 배차간격 조정",3,342
대전카톨릭대입구,"SJB293019032,SJB293019033",36.65509,127.187335,"82,86","82,86",2,96.0,168.0,240.0,68.57142857142857,96.0,168.0,68.57142857142857,240.0,68.57142857142857,0.0,13222.975362917447,0,0,0,1.0,0.7,0.0,0.6,False,True,True,True,False,False,combined_feeder,행정동 단위 병의원 수 보조지표,전동면,C,"지선-BRT 환승 시간표 보정, 배차간격 조정",3,324
대추리,"SJB293019073,SJB293019094",36.693316644999996,127.20574585,84,84,1,96.0,96.0,96.0,96.0,96.0,96.0,96.0,96.0,96.0,0.0,13709.282971673481,0,9,0,1.0,0.7,0.2146702584726201,0.663,False,True,True,True,False,False,combined_feeder,행정동 단위 병의원 수 보조지표,전의면,C,"지선-BRT 환승 시간표 보정, 배차간격 조정",3,76
대평동,"SJB293064251,SJB293064252",36.472207499999996,127.2764255,"B0,B5",,2,10.0,13.75,17.5,6.363636363636364,10.0,13.75,6.363636363636364,17.5,6.363636363636364,5.0,0.0,2,18,0,0.0,0.14924242424242423,0.6745103660393375,0.251,True,False,False,False,True,True,combined_feeder,행정동 단위 병의원 수 보조지표,대평동,A,현행 유지 및 정기 모니터링,1,
대평동(해들마을),"SJB293064231,SJB293064232",36.4721091,127.276352,221,221,1,12.5,12.5,12.5,12.5,12.5,12.5,12.5,12.5,12.5,5.0,26.015769051527446,2,18,0,0.013007884525763723,0.22083333333333333,0.6745103660393375,0.281,False,False,False,False,True,True,combined_feeder,행정동 단위 병의원 수 보조지표,대평동,A,현행 유지 및 정기 모니터링,1,588
대평리원형교차로,"SJB293064020,SJB293064021",36.46001095,127.28062215,64,64,1,96.0,96.0,96.0,96.0,96.0,96.0,96.0,96.0,96.0,0.0,1196.0697919393585,0,12,0,0.5980348959696793,0.7,0.2391305073635656,0.528,False,True,True,True,True,True,combined_feeder,행정동 단위 병의원 수 보조지표,금남면,E,배차 조정 + 두루타버스 연계 + 정류장 개선 패키지,5,43
덕고개,"SJB293019047,SJB293019049",36.68038,127.191655,85,85,1,137.14285714285714,137.14285714285714,137.14285714285714,137.14285714285714,137.14285714285714,137.14285714285714,137.14285714285714,137.14285714285714,137.14285714285714,0.0,13989.161832350783,0,0,0,1.0,0.7,0.0,0.6,False,True,True,True,False,False,combined_feeder,행정동 단위 병의원 수 보조지표,전의면,C,"지선-BRT 환승 시간표 보정, 배차간격 조정",3,154
도남리,"SJB293011002,SJB293011003",36.445809999999994,127.232715,62,62,1,120.0,120.0,120.0,120.0,120.0,120.0,120.0,120.0,120.0,0.0,4519.877247852267,0,0,0,1.0,0.7,0.0,0.6,False,True,True,True,False,False,combined_feeder,행정동 단위 병의원 수 보조지표,가람동,C,"지선-BRT 환승 시간표 보정, 배차간격 조정",3,190
도남리마을회관,SJB293011004,36.44309,127.23341,62,62,1,120.0,120.0,120.0,120.0,120.0,120.0,120.0,120.0,120.0,0.0,4639.895248743763,0,0,0,1.0,0.7,0.0,0.6,False,True,True,True,False,False,combined_feeder,행정동 단위 병의원 수 보조지표,가람동,C,"지선-BRT 환승 시간표 보정, 배차간격 조정",3,186
도남삼거리,"SJB293064181,SJB293064182",36.4413081,127.22436955,61,61,1,60.0,60.0,60.0,60.0,60.0,60.0,60.0,60.0,60.0,0.0,5412.823640053368,0,0,0,1.0,0.7,0.0,0.6,False,True,True,True,False,False,combined_feeder,행정동 단위 병의원 수 보조지표,가람동,C,"지선-BRT 환승 시간표 보정, 배차간격 조정",3,338
도담동,"SJB293056002,SJB293056003",36.5144481,127.259074,"B0,B2",,2,8.0,9.0,10.0,4.444444444444445,8.0,9.0,4.444444444444445,10.0,4.444444444444445,4.0,0.0,5,15,0,0.0,0.11185185185185186,1.0,0.334,True,False,False,False,True,True,combined_feeder,행정동 단위 병의원 수 보조지표,도담동,A,현행 유지 및 정기 모니터링,1,
도담동(도램마을),"SJB293056001,SJB293056004",36.5144942,127.25909455,"201,203","201,203",2,12.5,13.75,15.0,6.818181818181818,12.5,13.75,6.818181818181818,15.0,6.818181818181818,10.0,21.59848788231912,5,15,0,0.01079924394115956,0.22954545454545455,1.0,0.379,False,False,False,False,True,True,combined_feeder,행정동 단위 병의원 수 보조지표,도담동,A,현행 유지 및 정기 모니터링,1,573
"도램마을14,15단지","SJB293056007,SJB293064073",36.5115691,127.2668927,203,203,1,12.5,12.5,12.5,12.5,12.5,12.5,12.5,12.5,12.5,5.0,785.3990125037168,5,15,0,0.3926995062518584,0.22083333333333333,1.0,0.511,False,True,False,False,True,True,combined_feeder,행정동 단위 병의원 수 보조지표,도담동,B,출퇴근·등하교 시간대 집중 모니터링,2,458
"도램마을16,19단지","SJB293056010,SJB293056011",36.51508,127.26602249999999,203,203,1,12.5,12.5,12.5,12.5,12.5,12.5,12.5,12.5,12.5,5.0,622.2080082825614,3,15,0,0.3111040041412807,0.22083333333333333,0.8584887479087941,0.44,False,True,False,False,True,True,combined_feeder,행정동 단위 병의원 수 보조지표,도담동,B,출퇴근·등하교 시간대 집중 모니터링,2,513
도램마을1단지,"SJB293064058,SJB293064072",36.50769445,127.2572931,221,221,1,12.5,12.5,12.5,12.5,12.5,12.5,12.5,12.5,12.5,5.0,487.1744151269734,0,33,0,0.24358720756348667,0.22083333333333333,0.32876297496682927,0.261,False,False,False,False,True,True,combined_feeder,행정동 단위 병의원 수 보조지표,어진동,A,현행 유지 및 정기 모니터링,1,591
도램마을20단지,"SJB293055069,SJB293064108",36.51742685,127.26476554999999,203,203,1,12.5,12.5,12.5,12.5,12.5,12.5,12.5,12.5,12.5,5.0,580.3070714622025,3,15,0,0.29015353573110125,0.22083333333333333,0.8584887479087941,0.433,False,True,False,False,True,True,combined_feeder,행정동 단위 병의원 수 보조지표,도담동,B,출퇴근·등하교 시간대 집중 모니터링,2,518
"도램마을8,10단지","SJB293064109,SJB293064110",36.5120163,127.2597226,"201,203","201,203",2,12.5,13.75,15.0,6.818181818181818,12.5,13.75,6.818181818181818,15.0,6.818181818181818,10.0,249.73533653721094,3,15,0,0.12486766826860547,0.22954545454545455,0.8584887479087941,0.372,False,False,False,False,True,True,combined_feeder,행정동 단위 병의원 수 보조지표,도담동,A,현행 유지 및 정기 모니터링,1,574
도램마을9단지,SJB293062016,36.5084834,127.2624829,"221,52","221,52",2,12.5,21.25,30.0,8.823529411764705,12.5,21.25,8.823529411764705,30.0,8.823529411764705,5.0,389.5707100766471,1,33,0,0.19478535503832356,0.1779411764705882,0.5287629749668292,0.287,False,False,False,False,True,True,combined_feeder,행정동 단위 병의원 수 보조지표,어진동,A,현행 유지 및 정기 모니터링,1,586
도암리입구,"SJB293011037,SJB293011038",36.44711,127.28566000000001,64,64,1,96.0,96.0,96.0,96.0,96.0,96.0,96.0,96.0,96.0,0.0,2702.368872311064,1,0,0,1.0,0.7,0.19999999999999998,0.659,False,True,True,True,True,False,combined_feeder,행정동 단위 병의원 수 보조지표,금남면,E,배차 조정 + 두루타버스 연계 + 정류장 개선 패키지,5,37
도원초등학교,SJB293016118,36.58576,127.28655,"74,76","74,76",2,120.0,540.0,960.0,106.66666666666667,120.0,540.0,106.66666666666667,960.0,106.66666666666667,0.0,5292.180134491972,1,0,0,1.0,0.7,0.19999999999999998,0.659,False,True,True,True,True,False,combined_feeder,행정동 단위 병의원 수 보조지표,연서면,E,배차 조정 + 두루타버스 연계 + 정류장 개선 패키지,5,33
동산산업,"SJB293064405,SJB293064407",36.710424,127.14721349999999,85,85,1,137.14285714285714,137.14285714285714,137.14285714285714,137.14285714285714,137.14285714285714,137.14285714285714,137.14285714285714,137.14285714285714,137.14285714285714,0.0,19096.902516789392,0,2,0,1.0,0.7,0.10242374307345076,0.63,False,True,True,True,False,False,combined_feeder,행정동 단위 병의원 수 보조지표,소정면,C,"지선-BRT 환승 시간표 보정, 배차간격 조정",3,93
동원주식회사,"SJB293017060,SJB293017061",36.4885,127.226625,"52,53","52,53",1,30.0,30.0,30.0,30.0,30.0,30.0,30.0,30.0,30.0,0.0,1910.105218256364,0,0,0,0.955052609128182,0.35,0.0,0.461,False,True,True,False,False,False,combined_feeder,행정동 단위 병의원 수 보조지표,장군면,B,출퇴근·등하교 시간대 집중 모니터링,2,497
동평3리,"SJB274002089,SJB274002090",36.586635,127.31851,"300,31,32,33","300,31,32,33",4,40.0,44.6875,46.25,11.12781954887218,40.0,44.6875,11.12781954887218,46.25,11.12781954887218,0.0,3762.7978249768785,0,0,0,1.0,0.12982456140350876,0.0,0.399,False,True,False,False,False,False,combined_feeder,행정동 단위 병의원 수 보조지표,연동면,B,출퇴근·등하교 시간대 집중 모니터링,2,537
두루고등학교,"SJB293064115,SJB293064116",36.51730379999999,127.2312455,"1004,201","1004,201",2,15.0,15.5,16.0,7.741935483870969,15.0,15.5,7.741935483870969,16.0,7.741935483870969,10.0,919.234646547467,2,17,0,0.4596173232737335,0.2403225806451613,0.6694696731241,0.444,False,True,False,False,True,True,combined_feeder,행정동 단위 병의원 수 보조지표,고운동,B,출퇴근·등하교 시간대 집중 모니터링,2,509
두루중학교,"SJB293064093,SJB293064094",36.5174107,127.2377649,221,221,1,12.5,12.5,12.5,12.5,12.5,12.5,12.5,12.5,12.5,5.0,374.5408305846526,3,31,0,0.1872704152923263,0.22083333333333333,0.9231109348859927,0.416,False,False,False,False,True,True,combined_feeder,행정동 단위 병의원 수 보조지표,아름동,A,현행 유지 및 정기 모니터링,1,566
"두루초,중학교","SJB293064095,SJB293064096",36.518948949999995,127.23932055,221,221,1,12.5,12.5,12.5,12.5,12.5,12.5,12.5,12.5,12.5,5.0,335.7389509195138,3,31,0,0.1678694754597569,0.22083333333333333,0.9231109348859927,0.404,False,False,False,False,True,True,combined_feeder,행정동 단위 병의원 수 보조지표,아름동,A,현행 유지 및 정기 모니터링,1,569
둔곡동,"SJB186004207,SJB186004208",36.453825,127.361775,661,661,1,480.0,480.0,480.0,480.0,480.0,480.0,480.0,480.0,480.0,0.0,6019.65346880173,0,0,0,1.0,0.7,0.0,0.6,False,True,True,True,False,False,combined_feeder,행정동 단위 병의원 수 보조지표,집현동,C,"지선-BRT 환승 시간표 보정, 배차간격 조정",3,104
둔곡동새마을회관,"SJB186004209,SJB186004210",36.457139999999995,127.36212,661,661,1,480.0,480.0,480.0,480.0,480.0,480.0,480.0,480.0,480.0,0.0,5722.62765118421,0,0,0,1.0,0.7,0.0,0.6,False,True,True,True,False,False,combined_feeder,행정동 단위 병의원 수 보조지표,집현동,C,"지선-BRT 환승 시간표 보정, 배차간격 조정",3,105
등곡2리,"SJB293012055,SJB293012056",36.493809999999996,127.40236999999999,300,300,1,40.0,40.0,40.0,40.0,40.0,40.0,40.0,40.0,40.0,0.0,6638.8066016723,0,0,0,1.0,0.4666666666666666,0.0,0.518,False,True,True,False,False,False,combined_feeder,행정동 단위 병의원 수 보조지표,부강면,B,출퇴근·등하교 시간대 집중 모니터링,2,451
등곡3리(충광농원),"SJB293012041,SJB293012042",36.51329,127.382455,300,300,1,40.0,40.0,40.0,40.0,40.0,40.0,40.0,40.0,40.0,0.0,4974.235894429102,0,0,0,1.0,0.4666666666666666,0.0,0.518,False,True,True,False,False,False,combined_feeder,행정동 단위 병의원 수 보조지표,부강면,B,출퇴근·등하교 시간대 집중 모니터링,2,455
등곡리,"SJB293012045,SJB293012046",36.507540000000006,127.38493,300,300,1,40.0,40.0,40.0,40.0,40.0,40.0,40.0,40.0,40.0,0.0,5058.826600155586,0,0,0,1.0,0.4666666666666666,0.0,0.518,False,True,True,False,False,False,combined_feeder,행정동 단위 병의원 수 보조지표,부강면,B,출퇴근·등하교 시간대 집중 모니터링,2,454
리봄화장품,"SJB293064227,SJB293064228",36.5451155,127.3306845,32,32,1,46.25,46.25,46.25,46.25,46.25,46.25,46.25,46.25,46.25,0.0,1762.002353917914,0,2,0,0.881001176958957,0.5395833333333333,0.10242374307345076,0.532,False,True,True,False,False,False,combined_feeder,행정동 단위 병의원 수 보조지표,연동면,B,출퇴근·등하교 시간대 집중 모니터링,2,429
망골,"SJB293011100,SJB293011101",36.459625,127.351835,661,661,1,480.0,480.0,480.0,480.0,480.0,480.0,480.0,480.0,480.0,0.0,5016.114021148754,0,0,0,1.0,0.7,0.0,0.6,False,True,True,True,False,False,combined_feeder,행정동 단위 병의원 수 보조지표,집현동,C,"지선-BRT 환승 시간표 보정, 배차간격 조정",3,106
매봉(매봉리 방면),SJB274020006,36.47372,127.42592,300,300,1,40.0,40.0,40.0,40.0,40.0,40.0,40.0,40.0,40.0,0.0,9221.520472156308,0,0,0,1.0,0.4666666666666666,0.0,0.518,False,True,True,False,False,False,combined_feeder,행정동 단위 병의원 수 보조지표,부강면,B,출퇴근·등하교 시간대 집중 모니터링,2,445
매봉(양지리 방면),SJB274020007,36.47063,127.42421,300,300,1,40.0,40.0,40.0,40.0,40.0,40.0,40.0,40.0,40.0,0.0,9201.42591761107,0,0,0,1.0,0.4666666666666666,0.0,0.518,False,True,True,False,False,False,combined_feeder,행정동 단위 병의원 수 보조지표,부강면,B,출퇴근·등하교 시간대 집중 모니터링,2,446
매봉리,SJB274020008,36.47087,127.42467,300,300,1,40.0,40.0,40.0,40.0,40.0,40.0,40.0,40.0,40.0,0.0,9229.587169330613,0,0,0,1.0,0.4666666666666666,0.0,0.518,False,True,True,False,False,False,combined_feeder,행정동 단위 병의원 수 보조지표,부강면,B,출퇴근·등하교 시간대 집중 모니터링,2,444
매포역(노호2리),"SJB293012049,SJB293012050",36.49745,127.392885,300,300,1,40.0,40.0,40.0,40.0,40.0,40.0,40.0,40.0,40.0,0.0,5761.006369995278,0,0,0,1.0,0.4666666666666666,0.0,0.518,False,True,True,False,False,False,combined_feeder,행정동 단위 병의원 수 보조지표,부강면,B,출퇴근·등하교 시간대 집중 모니터링,2,453
명학1리,"SJB293015055,SJB293015056",36.537115,127.343455,"300,33","300,33",2,40.0,43.125,46.25,21.44927536231884,40.0,43.125,21.44927536231884,46.25,21.44927536231884,0.0,2156.9746180504803,0,0,0,1.0,0.2502415458937198,0.0,0.441,False,True,False,False,False,False,combined_feeder,행정동 단위 병의원 수 보조지표,연동면,B,출퇴근·등하교 시간대 집중 모니터링,2,512
명학2리,"SJB293064468,SJB293064469",36.523747549999996,127.3520072,33,33,1,46.25,46.25,46.25,46.25,46.25,46.25,46.25,46.25,46.25,0.0,2981.848543104449,0,0,0,1.0,0.5395833333333333,0.0,0.543,False,True,True,False,False,False,combined_feeder,행정동 단위 병의원 수 보조지표,부강면,B,출퇴근·등하교 시간대 집중 모니터링,2,413
명학2리(용당),"SJB293015076,SJB293064291",36.52020725,127.3540303,33,33,1,46.25,46.25,46.25,46.25,46.25,46.25,46.25,46.25,46.25,0.0,3050.083626089242,0,0,0,1.0,0.5395833333333333,0.0,0.543,False,True,True,False,False,False,combined_feeder,행정동 단위 병의원 수 보조지표,부강면,B,출퇴근·등하교 시간대 집중 모니터링,2,412
명학2리(황룡사),"SJB293015065,SJB293015067",36.52684,127.351515,"32,33","32,33",2,46.25,46.25,46.25,23.125,46.25,46.25,23.125,46.25,23.125,0.0,2850.6935492967477,0,0,0,1.0,0.26979166666666665,0.0,0.448,False,True,False,False,False,False,combined_feeder,행정동 단위 병의원 수 보조지표,부강면,B,출퇴근·등하교 시간대 집중 모니터링,2,507
명학3리,"SJB293015068,SJB293015069",36.53463,127.351655,"300,32,33","300,32,33",3,40.0,44.166666666666664,46.25,14.653465346534654,40.0,44.166666666666664,14.653465346534654,46.25,14.653465346534654,0.0,2822.546128262474,0,0,0,1.0,0.17095709570957096,0.0,0.413,False,True,False,False,False,False,combined_feeder,행정동 단위 병의원 수 보조지표,부강면,B,출퇴근·등하교 시간대 집중 모니터링,2,529
명학리,"SJB293015062,SJB293015063",36.53573,127.34795,"300,33","300,33",2,40.0,43.125,46.25,21.44927536231884,40.0,43.125,21.44927536231884,46.25,21.44927536231884,0.0,2519.340835556381,0,0,0,1.0,0.2502415458937198,0.0,0.441,False,True,False,False,False,False,combined_feeder,행정동 단위 병의원 수 보조지표,부강면,B,출퇴근·등하교 시간대 집중 모니터링,2,511
명학산업단지,"SJB293015049,SJB293015050",36.539010000000005,127.340375,"300,33","300,33",2,40.0,43.125,46.25,21.44927536231884,40.0,43.125,21.44927536231884,46.25,21.44927536231884,0.0,1985.1838740418157,0,0,0,0.9925919370209079,0.2502415458937198,0.0,0.439,False,True,False,False,False,False,combined_feeder,행정동 단위 병의원 수 보조지표,연동면,B,출퇴근·등하교 시간대 집중 모니터링,2,514
명학산업단지입구,"SJB293064229,SJB293064230",36.54917725,127.32786555,32,32,1,46.25,46.25,46.25,46.25,46.25,46.25,46.25,46.25,46.25,0.0,2056.430476612003,0,2,0,1.0,0.5395833333333333,0.10242374307345076,0.574,False,True,True,False,False,False,combined_feeder,행정동 단위 병의원 수 보조지표,연동면,B,출퇴근·등하교 시간대 집중 모니터링,2,382
모드니에아파트,"SJB285013001,SJB285013002",36.75905,127.29709,910,910,1,320.0,320.0,320.0,320.0,320.0,320.0,320.0,320.0,320.0,0.0,15797.709143668759,0,0,0,1.0,0.7,0.0,0.6,False,True,True,True,False,False,combined_feeder,행정동 단위 병의원 수 보조지표,전의면,C,"지선-BRT 환승 시간표 보정, 배차간격 조정",3,111
문주리,"SJB293015009,SJB293064014",36.54696465,127.3104433,33,33,1,46.25,46.25,46.25,46.25,46.25,46.25,46.25,46.25,46.25,0.0,1871.1406139318237,0,0,0,0.9355703069659118,0.5395833333333333,0.0,0.521,False,True,True,False,False,False,combined_feeder,행정동 단위 병의원 수 보조지표,연동면,B,출퇴근·등하교 시간대 집중 모니터링,2,439
문주리입구,"SJB293064292,SJB293064293",36.54821725,127.31122965,33,33,1,46.25,46.25,46.25,46.25,46.25,46.25,46.25,46.25,46.25,0.0,1967.853339429796,0,0,0,0.9839266697148981,0.5395833333333333,0.0,0.538,False,True,True,False,False,False,combined_feeder,행정동 단위 병의원 수 보조지표,연동면,B,출퇴근·등하교 시간대 집중 모니터링,2,422
문화체육관광부,"SJB293062017,SJB293062018,SJB293064062,SJB293064384",36.497719525,127.26555765,"201,203,52,53","201,203,52,53",2,15.0,22.5,30.0,12.5,15.0,22.5,12.5,30.0,12.5,10.0,783.420820394859,0,33,0,0.39171041019742947,0.26666666666666666,0.32876297496682927,0.313,False,True,False,False,True,True,combined_feeder,행정동 단위 병의원 수 보조지표,어진동,B,출퇴근·등하교 시간대 집중 모니터링,2,555
민석아파트입구,"SJB293019026,SJB293019027",36.681045,127.181655,85,85,1,137.14285714285714,137.14285714285714,137.14285714285714,137.14285714285714,137.14285714285714,137.14285714285714,137.14285714285714,137.14285714285714,137.14285714285714,0.0,14825.439309045474,0,0,0,1.0,0.7,0.0,0.6,False,True,True,True,False,False,combined_feeder,행정동 단위 병의원 수 보조지표,전의면,C,"지선-BRT 환승 시간표 보정, 배차간격 조정",3,153
박산고개,"SJB293011107,SJB293011108",36.475094999999996,127.36242,"69,691","69,691",2,192.0,256.0,320.0,120.0,192.0,256.0,120.0,320.0,120.0,0.0,4184.225155111414,0,0,0,1.0,0.7,0.0,0.6,False,True,True,True,False,False,combined_feeder,행정동 단위 병의원 수 보조지표,집현동,C,"지선-BRT 환승 시간표 보정, 배차간격 조정",3,201
박산리,"SJB293011103,SJB293011104",36.477255,127.354465,"69,691","69,691",2,192.0,256.0,320.0,120.0,192.0,256.0,120.0,320.0,120.0,0.0,3519.812403135924,0,0,0,1.0,0.7,0.0,0.6,False,True,True,True,False,False,combined_feeder,행정동 단위 병의원 수 보조지표,집현동,C,"지선-BRT 환승 시간표 보정, 배차간격 조정",3,215
박산리(작약골),"SJB293011102,SJB293064271",36.4770472,127.3518748,"69,691","69,691",2,192.0,256.0,320.0,120.0,192.0,256.0,120.0,320.0,120.0,0.0,3382.5239883110075,0,0,0,1.0,0.7,0.0,0.6,False,True,True,True,False,False,combined_feeder,행정동 단위 병의원 수 보조지표,집현동,C,"지선-BRT 환승 시간표 보정, 배차간격 조정",3,217
반곡동(수루배마을),"SJB293064257,SJB293064258",36.497637,127.311619,"B0,B5",,2,10.0,13.75,17.5,6.363636363636364,10.0,13.75,6.363636363636364,17.5,6.363636363636364,5.0,0.0,4,17,0,0.0,0.14924242424242423,1.0,0.347,True,False,False,False,True,True,combined_feeder,행정동 단위 병의원 수 보조지표,반곡동,A,현행 유지 및 정기 모니터링,1,
반석역,"SJB186004229,SJB186004230",36.391485,127.315005,"1004,1005,B2","1004,1005",3,8.0,13.833333333333334,17.5,4.087591240875913,16.0,16.75,8.358208955223882,17.5,8.358208955223882,8.0,0.0,0,0,0,0.0,0.21751243781094526,0.0,0.077,True,False,False,False,False,False,combined_feeder,행정동 단위 병의원 수 보조지표,금남면,A,현행 유지 및 정기 모니터링,1,
발산리,"SJB293011033,SJB293011034",36.45643,127.284115,64,64,1,96.0,96.0,96.0,96.0,96.0,96.0,96.0,96.0,96.0,0.0,1694.5782090526332,0,12,0,0.8472891045263166,0.7,0.2391305073635656,0.616,False,True,True,True,True,True,combined_feeder,행정동 단위 병의원 수 보조지표,금남면,E,배차 조정 + 두루타버스 연계 + 정류장 개선 패키지,5,39
방공학교,"SJB293014036,SJB293064170",36.55192955,127.27808905,"16,17","16,17",2,120.0,140.0,160.0,68.57142857142857,120.0,140.0,68.57142857142857,160.0,68.57142857142857,0.0,1997.4806315490143,0,1,0,0.9987403157745072,0.7,0.06462218697719856,0.619,False,True,True,True,False,False,combined_feeder,행정동 단위 병의원 수 보조지표,연기면,C,"지선-BRT 환승 시간표 보정, 배차간격 조정",3,99
방축골,"SJB293016100,SJB293064183",36.59442975,127.27732285,"71,72,73,76,86","71,72,73,76,86",4,120.0,360.0,960.0,45.714285714285715,120.0,360.0,45.714285714285715,960.0,45.714285714285715,0.0,5353.413370476709,0,7,0,1.0,0.5333333333333333,0.19386656093159566,0.598,False,True,True,False,False,False,combined_feeder,행정동 단위 병의원 수 보조지표,연서면,B,출퇴근·등하교 시간대 집중 모니터링,2,365
방축골(갑부농원),"SJB293001007,SJB293001008",36.600539999999995,127.276025,"13,73","13,73",1,960.0,960.0,960.0,960.0,960.0,960.0,960.0,960.0,960.0,0.0,5148.319170196126,0,7,0,1.0,0.7,0.19386656093159566,0.657,False,True,True,True,False,False,combined_feeder,행정동 단위 병의원 수 보조지표,연서면,C,"지선-BRT 환승 시간표 보정, 배차간격 조정",3,79
백자2리,"SJB285016001,SJB285016002",36.710735,127.27411000000001,910,910,1,320.0,320.0,320.0,320.0,320.0,320.0,320.0,320.0,320.0,0.0,11275.868183599538,0,0,0,1.0,0.7,0.0,0.6,False,True,True,True,False,False,combined_feeder,행정동 단위 병의원 수 보조지표,전동면,C,"지선-BRT 환승 시간표 보정, 배차간격 조정",3,123
백자3리,"SJB285016003,SJB285016004",36.702075,127.27602999999999,910,910,1,320.0,320.0,320.0,320.0,320.0,320.0,320.0,320.0,320.0,0.0,10333.239391340008,0,0,0,1.0,0.7,0.0,0.6,False,True,True,True,False,False,combined_feeder,행정동 단위 병의원 수 보조지표,전동면,C,"지선-BRT 환승 시간표 보정, 배차간격 조정",3,125
백자4리,"SJB285016005,SJB285016006",36.705185,127.27377,910,910,1,320.0,320.0,320.0,320.0,320.0,320.0,320.0,320.0,320.0,0.0,10744.70544286155,0,0,0,1.0,0.7,0.0,0.6,False,True,True,True,False,False,combined_feeder,행정동 단위 병의원 수 보조지표,전동면,C,"지선-BRT 환승 시간표 보정, 배차간격 조정",3,124
번암리,"SJB293001089,SJB293064274",36.5883645,127.29851020000001,"12,16,17,72,73,74,75,86","12,16,17,72,73,74,75,86",8,120.0,233.75,960.0,80.0,120.0,233.75,80.0,960.0,80.0,0.0,4367.575367928656,0,0,0,1.0,0.7,0.0,0.6,False,True,True,True,False,False,combined_feeder,행정동 단위 병의원 수 보조지표,연서면,C,"지선-BRT 환승 시간표 보정, 배차간격 조정",3,307
번암삼거리,"SJB293001065,SJB293001066",36.58383,127.294125,"11,12,16,17,72,73,74,75,76,86","11,12,16,17,72,73,74,75,76,86",8,30.0,250.0,960.0,14.328358208955226,30.0,250.0,14.328358208955226,960.0,14.328358208955226,0.0,5021.267783955346,0,0,0,1.0,0.16716417910447764,0.0,0.412,False,True,False,False,False,False,combined_feeder,행정동 단위 병의원 수 보조지표,연서면,B,출퇴근·등하교 시간대 집중 모니터링,2,530
번암아파트,"SJB293001078,SJB293001079",36.586234649999994,127.29649739999999,"11,12,16,17,72,73,74,75,76,86","11,12,16,17,72,73,74,75,76,86",8,30.0,250.0,960.0,14.328358208955226,30.0,250.0,14.328358208955226,960.0,14.328358208955226,0.0,4740.395798946075,0,0,0,1.0,0.16716417910447764,0.0,0.412,False,True,False,False,False,False,combined_feeder,행정동 단위 병의원 수 보조지표,연서면,B,출퇴근·등하교 시간대 집중 모니터링,2,531
번암아파트후문,"SJB293001054,SJB293064083",36.5877033,127.29218560000001,"11,12,72,76,86","11,12,72,76,86",4,30.0,337.5,960.0,21.81818181818182,30.0,337.5,21.81818181818182,960.0,21.81818181818182,0.0,4797.370144036667,1,0,0,1.0,0.2545454545454545,0.19999999999999998,0.502,False,True,False,False,True,False,combined_feeder,행정동 단위 병의원 수 보조지표,연서면,B,출퇴근·등하교 시간대 집중 모니터링,2,464
번암터,SJB293016063,36.56317,127.25387,75,75,1,120.0,120.0,120.0,120.0,120.0,120.0,120.0,120.0,120.0,0.0,3787.0267067164536,0,0,0,1.0,0.7,0.0,0.6,False,True,True,True,False,False,combined_feeder,행정동 단위 병의원 수 보조지표,연기면,C,"지선-BRT 환승 시간표 보정, 배차간격 조정",3,211
범지기마을10단지,"SJB293061007,SJB293064056",36.5186669,127.25236805,1004,1004,1,16.0,16.0,16.0,16.0,16.0,16.0,16.0,16.0,16.0,8.0,323.3436913069169,1,31,0,0.16167184565345846,0.30666666666666664,0.5231109348859928,0.319,False,False,False,False,True,True,combined_feeder,행정동 단위 병의원 수 보조지표,아름동,A,현행 유지 및 정기 모니터링,1,579
범지기마을10단지북측,"SJB293064101,SJB293064102",36.5190433,127.24863515,"1004,201,B5","1004,201",3,15.0,16.166666666666668,17.5,5.36741214057508,15.0,15.5,7.741935483870969,16.0,7.741935483870969,10.0,0.0,2,31,0,0.0,0.2403225806451613,0.7231109348859928,0.297,True,False,False,False,True,True,combined_feeder,행정동 단위 병의원 수 보조지표,아름동,A,현행 유지 및 정기 모니터링,1,
범지기마을1단지,"SJB293064148,SJB293064149",36.5088559,127.2425958,221,221,1,12.5,12.5,12.5,12.5,12.5,12.5,12.5,12.5,12.5,5.0,175.00761035754016,1,17,0,0.08750380517877009,0.22083333333333333,0.46946967312410004,0.247,False,False,False,False,True,True,combined_feeder,행정동 단위 병의원 수 보조지표,고운동,A,현행 유지 및 정기 모니터링,1,592
"범지기마을3,9단지","SJB293064099,SJB293064100",36.518892550000004,127.24451149999999,"1004,201,B5","1004,201",3,15.0,16.166666666666668,17.5,5.36741214057508,15.0,15.5,7.741935483870969,16.0,7.741935483870969,10.0,0.0,1,31,0,0.0,0.2403225806451613,0.5231109348859928,0.239,True,False,False,False,True,True,combined_feeder,행정동 단위 병의원 수 보조지표,아름동,A,현행 유지 및 정기 모니터링,1,
범지기마을4단지,"SJB293061004,SJB293064059",36.50811025,127.24952765,"1004,221","1004,221",1,16.0,16.0,16.0,16.0,16.0,16.0,16.0,16.0,16.0,8.0,751.1127536369492,2,34,0,0.3755563768184746,0.30666666666666664,0.7314654861799867,0.411,False,True,False,False,True,True,combined_feeder,행정동 단위 병의원 수 보조지표,종촌동,B,출퇴근·등하교 시간대 집중 모니터링,2,532
"범지기마을6,11단지",SJB293061005,36.51045,127.2498,1004,1004,1,16.0,16.0,16.0,16.0,16.0,16.0,16.0,16.0,16.0,8.0,737.8480629662587,3,31,0,0.36892403148312936,0.30666666666666664,0.9231109348859927,0.51,False,True,False,False,True,True,combined_feeder,행정동 단위 병의원 수 보조지표,아름동,B,출퇴근·등하교 시간대 집중 모니터링,2,460
"범지기마을8,12단지",SJB293064054,36.5125038,127.2504125,1004,1004,1,16.0,16.0,16.0,16.0,16.0,16.0,16.0,16.0,16.0,8.0,733.7573977428427,3,31,0,0.3668786988714214,0.30666666666666664,0.9231109348859927,0.509,False,True,False,False,True,True,combined_feeder,행정동 단위 병의원 수 보조지표,아름동,B,출퇴근·등하교 시간대 집중 모니터링,2,461
"법원.검찰청,경찰청","SJB293064253,SJB293064254",36.4869685,127.3015865,"B0,B5",,2,10.0,13.75,17.5,6.363636363636364,10.0,13.75,6.363636363636364,17.5,6.363636363636364,5.0,0.0,3,22,0,0.0,0.14924242424242423,0.8923224665272582,0.315,True,False,False,False,True,True,combined_feeder,행정동 단위 병의원 수 보조지표,소담동,A,현행 유지 및 정기 모니터링,1,
베어트리파크,"SJB293018001,SJB293018002",36.67205,127.2108,"81,95","81,95",2,106.66666666666667,173.33333333333334,240.0,73.84615384615384,106.66666666666667,173.33333333333334,73.84615384615384,240.0,73.84615384615384,0.0,12043.246247905183,0,0,0,1.0,0.7,0.0,0.6,False,True,True,True,False,False,combined_feeder,행정동 단위 병의원 수 보조지표,전동면,C,"지선-BRT 환승 시간표 보정, 배차간격 조정",3,308
병천3리,"SJB285013003,SJB285013004",36.762215,127.30045000000001,910,910,1,320.0,320.0,320.0,320.0,320.0,320.0,320.0,320.0,320.0,0.0,16094.683762100734,0,0,0,1.0,0.7,0.0,0.6,False,True,True,True,False,False,combined_feeder,행정동 단위 병의원 수 보조지표,전의면,C,"지선-BRT 환승 시간표 보정, 배차간격 조정",3,109
병천고등학교,"SJB285013005,SJB285013010",36.76437,127.312185,910,910,1,320.0,320.0,320.0,320.0,320.0,320.0,320.0,320.0,320.0,0.0,16211.966029374797,0,0,0,1.0,0.7,0.0,0.6,False,True,True,True,False,False,combined_feeder,행정동 단위 병의원 수 보조지표,전의면,C,"지선-BRT 환승 시간표 보정, 배차간격 조정",3,107
병천시장,"SJB285013006,SJB285013007",36.761160000000004,127.298885,910,910,1,320.0,320.0,320.0,320.0,320.0,320.0,320.0,320.0,320.0,0.0,16001.228646718786,0,0,0,1.0,0.7,0.0,0.6,False,True,True,True,False,False,combined_feeder,행정동 단위 병의원 수 보조지표,전의면,C,"지선-BRT 환승 시간표 보정, 배차간격 조정",3,110
보건복지부 고용노동부,"SJB293064393,SJB293064394",36.5023251,127.26087145,201,201,1,15.0,15.0,15.0,15.0,15.0,15.0,15.0,15.0,15.0,10.0,118.57065243821232,1,33,0,0.05928532621910616,0.32499999999999996,0.5287629749668292,0.291,False,False,False,False,True,True,combined_feeder,행정동 단위 병의원 수 보조지표,어진동,A,현행 유지 및 정기 모니터링,1,584
보덕1리,"SJB293018079,SJB293018080",36.63256,127.273235,94,94,1,160.0,160.0,160.0,160.0,160.0,160.0,160.0,160.0,160.0,0.0,5162.555167411706,0,0,0,1.0,0.7,0.0,0.6,False,True,True,True,False,False,combined_feeder,행정동 단위 병의원 수 보조지표,조치원읍,C,"지선-BRT 환승 시간표 보정, 배차간격 조정",3,142
보덕2리마을회관,SJB293018044,36.64401,127.25738,92,92,1,120.0,120.0,120.0,120.0,120.0,120.0,120.0,120.0,120.0,0.0,6923.236350099434,0,0,0,1.0,0.7,0.0,0.6,False,True,True,True,False,False,combined_feeder,행정동 단위 병의원 수 보조지표,전동면,C,"지선-BRT 환승 시간표 보정, 배차간격 조정",3,171
보람동(해들마을),SJB293064207,36.4746524,127.2805,221,221,1,12.5,12.5,12.5,12.5,12.5,12.5,12.5,12.5,12.5,5.0,38.31756063678482,3,22,0,0.01915878031839241,0.22083333333333333,0.8923224665272582,0.347,False,False,False,False,True,True,combined_feeder,행정동 단위 병의원 수 보조지표,보람동,A,현행 유지 및 정기 모니터링,1,578
보람동(호려울마을),SJB293064208,36.4757635,127.2817304,221,221,1,12.5,12.5,12.5,12.5,12.5,12.5,12.5,12.5,12.5,5.0,19.495050537436924,2,22,0,0.009747525268718462,0.22083333333333333,0.6923224665272583,0.285,False,False,False,False,True,True,combined_feeder,행정동 단위 병의원 수 보조지표,보람동,A,현행 유지 및 정기 모니터링,1,587
보람동.대평동,"SJB293064206,SJB293064209",36.4752734,127.28118475000001,"B0,B5",,2,10.0,13.75,17.5,6.363636363636364,10.0,13.75,6.363636363636364,17.5,6.363636363636364,5.0,0.0,2,22,0,0.0,0.14924242424242423,0.6923224665272583,0.256,True,False,False,False,True,True,combined_feeder,행정동 단위 병의원 수 보조지표,보람동,A,현행 유지 및 정기 모니터링,1,
보통1리마을회관,"SJB293014048,SJB293064196",36.5448449,127.2900941,17,17,1,160.0,160.0,160.0,160.0,160.0,160.0,160.0,160.0,160.0,0.0,1218.4667622189736,0,0,0,0.6092333811094868,0.7,0.0,0.462,False,True,True,True,False,False,combined_feeder,행정동 단위 병의원 수 보조지표,연기면,C,"지선-BRT 환승 시간표 보정, 배차간격 조정",3,353
보통2리,"SJB293014037,SJB293014038",36.548680000000004,127.27843,"16,17","16,17",2,120.0,140.0,160.0,68.57142857142857,120.0,140.0,68.57142857142857,160.0,68.57142857142857,0.0,1631.004579083285,0,1,0,0.8155022895416425,0.7,0.06462218697719856,0.554,False,True,True,True,False,False,combined_feeder,행정동 단위 병의원 수 보조지표,연기면,C,"지선-BRT 환승 시간표 보정, 배차간격 조정",3,348
복지회관,"SJB293064153,SJB293064464",36.52707925,127.3697768,"300,31,32,33","300,31,32,33",4,40.0,44.6875,46.25,11.12781954887218,40.0,44.6875,11.12781954887218,46.25,11.12781954887218,0.0,4455.888984477377,2,10,0,1.0,0.12982456140350876,0.623556036894412,0.582,False,True,False,False,True,True,combined_feeder,행정동 단위 병의원 수 보조지표,부강면,B,출퇴근·등하교 시간대 집중 모니터링,2,373
봉대리,"SJB293018054,SJB293018055",36.683409999999995,127.265205,"91,910","91,910",2,120.0,220.0,320.0,87.27272727272727,120.0,220.0,87.27272727272727,320.0,87.27272727272727,0.0,9099.956350812927,0,0,0,1.0,0.7,0.0,0.6,False,True,True,True,False,False,combined_feeder,행정동 단위 병의원 수 보조지표,전동면,C,"지선-BRT 환승 시간표 보정, 배차간격 조정",3,276
봉대리(평말),"SJB293018050,SJB293018051",36.680854999999994,127.263095,"91,910","91,910",2,120.0,220.0,320.0,87.27272727272727,120.0,220.0,87.27272727272727,320.0,87.27272727272727,0.0,9012.24050147221,0,0,0,1.0,0.7,0.0,0.6,False,True,True,True,False,False,combined_feeder,행정동 단위 병의원 수 보조지표,전동면,C,"지선-BRT 환승 시간표 보정, 배차간격 조정",3,277
봉산1리,"SJB293001009,SJB293001010",36.60485,127.277475,"13,73","13,73",1,960.0,960.0,960.0,960.0,960.0,960.0,960.0,960.0,960.0,0.0,4845.690063456788,0,72,0,1.0,0.7,0.4,0.718,False,True,True,True,True,True,combined_feeder,행정동 단위 병의원 수 보조지표,조치원읍,E,배차 조정 + 두루타버스 연계 + 정류장 개선 패키지,5,8
봉산1리마을회관,"SJB293001011,SJB293001012",36.606875,127.277995,"13,73,93","13,73,93",2,73.84615384615384,516.9230769230769,960.0,68.57142857142857,73.84615384615384,516.9230769230769,68.57142857142857,960.0,68.57142857142857,0.0,4724.452429185578,0,72,0,1.0,0.7,0.4,0.718,False,True,True,True,True,True,combined_feeder,행정동 단위 병의원 수 보조지표,조치원읍,E,배차 조정 + 두루타버스 연계 + 정류장 개선 패키지,5,13
봉산리,"SJB293001013,SJB293001014",36.606155,127.280865,"13,73,93","13,73,93",2,73.84615384615384,516.9230769230769,960.0,68.57142857142857,73.84615384615384,516.9230769230769,68.57142857142857,960.0,68.57142857142857,0.0,4511.306866974175,0,72,0,1.0,0.7,0.4,0.718,False,True,True,True,True,True,combined_feeder,행정동 단위 병의원 수 보조지표,조치원읍,E,배차 조정 + 두루타버스 연계 + 정류장 개선 패키지,5,14
봉산리(국제기계),"SJB293001001,SJB293001002",36.61814,127.270415,93,93,1,73.84615384615384,73.84615384615384,73.84615384615384,73.84615384615384,73.84615384615384,73.84615384615384,73.84615384615384,73.84615384615384,73.84615384615384,0.0,5201.134200199022,0,0,0,1.0,0.7,0.0,0.6,False,True,True,True,False,False,combined_feeder,행정동 단위 병의원 수 보조지표,조치원읍,C,"지선-BRT 환승 시간표 보정, 배차간격 조정",3,315
봉산리(윗말),"SJB293001003,SJB293001004",36.611729999999994,127.273815,93,93,1,73.84615384615384,73.84615384615384,73.84615384615384,73.84615384615384,73.84615384615384,73.84615384615384,73.84615384615384,73.84615384615384,73.84615384615384,0.0,4968.529106759279,0,0,0,1.0,0.7,0.0,0.6,False,True,True,True,False,False,combined_feeder,행정동 단위 병의원 수 보조지표,조치원읍,C,"지선-BRT 환승 시간표 보정, 배차간격 조정",3,316
봉산리(중뜸),"SJB293001005,SJB293001006",36.609475,127.27517,93,93,1,73.84615384615384,73.84615384615384,73.84615384615384,73.84615384615384,73.84615384615384,73.84615384615384,73.84615384615384,73.84615384615384,73.84615384615384,0.0,4896.3010589271535,0,72,0,1.0,0.7,0.4,0.718,False,True,True,True,True,True,combined_feeder,행정동 단위 병의원 수 보조지표,조치원읍,E,배차 조정 + 두루타버스 연계 + 정류장 개선 패키지,5,12
봉안리,"SJB293010007,SJB293010008,SJB293017059,SJB293017064",36.49914938,127.220838775,"1004,52,53","1004,52,53",2,16.0,23.0,30.0,10.434782608695652,16.0,23.0,10.434782608695652,30.0,10.434782608695652,8.0,2007.0141673738551,0,5,0,1.0,0.2417391304347826,0.1670459300506493,0.487,False,True,False,False,False,False,combined_feeder,행정동 단위 병의원 수 보조지표,장군면,B,출퇴근·등하교 시간대 집중 모니터링,2,476
봉안리(다름고개),"SJB293011001,SJB293064012",36.4991289,127.22908905,"1004,52,53","1004,52,53",2,16.0,23.0,30.0,10.434782608695652,16.0,23.0,10.434782608695652,30.0,10.434782608695652,8.0,1161.773299430228,0,17,0,0.5808866497151141,0.2417391304347826,0.26946967312410003,0.368,False,True,False,False,True,True,combined_feeder,행정동 단위 병의원 수 보조지표,고운동,B,출퇴근·등하교 시간대 집중 모니터링,2,549
봉안리(부일가든),"SJB293017049,SJB293017054",36.500385,127.21574,"1004,52,53","1004,52,53",2,16.0,23.0,30.0,10.434782608695652,16.0,23.0,10.434782608695652,30.0,10.434782608695652,8.0,2284.6900961132988,0,5,0,1.0,0.2417391304347826,0.1670459300506493,0.487,False,True,False,False,False,False,combined_feeder,행정동 단위 병의원 수 보조지표,장군면,B,출퇴근·등하교 시간대 집중 모니터링,2,475
봉암2리마을회관,SJB293016119,36.55973,127.28701,17,17,1,160.0,160.0,160.0,160.0,160.0,160.0,160.0,160.0,160.0,0.0,2886.7909752015653,0,0,0,1.0,0.7,0.0,0.6,False,True,True,True,False,False,combined_feeder,행정동 단위 병의원 수 보조지표,연기면,C,"지선-BRT 환승 시간표 보정, 배차간격 조정",3,144
봉암3리,"SJB293064040,SJB293064041",36.555950100000004,127.27282819999999,75,75,1,120.0,120.0,120.0,120.0,120.0,120.0,120.0,120.0,120.0,0.0,2475.2723282462835,0,0,0,1.0,0.7,0.0,0.6,False,True,True,True,False,False,combined_feeder,행정동 단위 병의원 수 보조지표,연기면,C,"지선-BRT 환승 시간표 보정, 배차간격 조정",3,227
봉암리,"SJB293016112,SJB293016113",36.563725000000005,127.28325000000001,"16,17,75","16,17,75",3,120.0,133.33333333333334,160.0,43.63636363636363,120.0,133.33333333333334,43.63636363636363,160.0,43.63636363636363,0.0,3366.189873825793,1,0,0,1.0,0.509090909090909,0.19999999999999998,0.591,False,True,True,False,True,False,combined_feeder,행정동 단위 병의원 수 보조지표,연기면,D,쉘터·의자·안내정보 등 대기환경 우선 개선,4,57
부강2리,"SJB293064462,SJB293064465",36.52942,127.36612500000001,"300,31,32,33","300,31,32,33",4,40.0,44.6875,46.25,11.12781954887218,40.0,44.6875,11.12781954887218,46.25,11.12781954887218,0.0,4119.623937575952,2,10,0,1.0,0.12982456140350876,0.623556036894412,0.582,False,True,False,False,True,True,combined_feeder,행정동 단위 병의원 수 보조지표,부강면,B,출퇴근·등하교 시간대 집중 모니터링,2,375
부강3리,SJB293012023,36.52795,127.368,35,35,1,87.27272727272727,87.27272727272727,87.27272727272727,87.27272727272727,87.27272727272727,87.27272727272727,87.27272727272727,87.27272727272727,87.27272727272727,0.0,4285.664368266739,2,10,0,1.0,0.7,0.623556036894412,0.783,False,True,True,True,True,True,combined_feeder,행정동 단위 병의원 수 보조지표,부강면,E,배차 조정 + 두루타버스 연계 + 정류장 개선 패키지,5,5
부강9리,"SJB293012025,SJB293012028",36.51905,127.36829499999999,35,35,1,87.27272727272727,87.27272727272727,87.27272727272727,87.27272727272727,87.27272727272727,87.27272727272727,87.27272727272727,87.27272727272727,87.27272727272727,0.0,4023.314019010551,0,10,0,1.0,0.7,0.22355603689441206,0.666,False,True,True,True,True,True,combined_feeder,행정동 단위 병의원 수 보조지표,부강면,E,배차 조정 + 두루타버스 연계 + 정류장 개선 패키지,5,18
부강리,"SJB293012008,SJB293012009",36.53297,127.360215,"300,31,32,33,35","300,31,32,33,35",5,40.0,53.20454545454545,87.27272727272727,11.12781954887218,40.0,53.20454545454545,11.12781954887218,87.27272727272727,11.12781954887218,0.0,3630.1285673399484,0,10,0,1.0,0.12982456140350876,0.22355603689441206,0.465,False,True,False,False,True,True,combined_feeder,행정동 단위 병의원 수 보조지표,부강면,B,출퇴근·등하교 시간대 집중 모니터링,2,495
부강면,SJB293012017,36.52986,127.36613,35,35,1,87.27272727272727,87.27272727272727,87.27272727272727,87.27272727272727,87.27272727272727,87.27272727272727,87.27272727272727,87.27272727272727,87.27272727272727,0.0,4102.800705336999,2,10,0,1.0,0.7,0.623556036894412,0.783,False,True,True,True,True,True,combined_feeder,행정동 단위 병의원 수 보조지표,부강면,E,배차 조정 + 두루타버스 연계 + 정류장 개선 패키지,5,6
부강면생활체육관,"SJB293012038,SJB293064280",36.52712745,127.37403900000001,300,300,1,40.0,40.0,40.0,40.0,40.0,40.0,40.0,40.0,40.0,0.0,4857.847521048815,0,10,0,1.0,0.4666666666666666,0.22355603689441206,0.583,False,True,True,False,True,True,combined_feeder,행정동 단위 병의원 수 보조지표,부강면,D,쉘터·의자·안내정보 등 대기환경 우선 개선,4,61
부강산업단지,SJB293064301,36.4983679,127.3649243,35,35,1,87.27272727272727,87.27272727272727,87.27272727272727,87.27272727272727,87.27272727272727,87.27272727272727,87.27272727272727,87.27272727272727,87.27272727272727,0.0,3248.0698137208756,0,0,0,1.0,0.7,0.0,0.6,False,True,True,True,False,False,combined_feeder,행정동 단위 병의원 수 보조지표,집현동,C,"지선-BRT 환승 시간표 보정, 배차간격 조정",3,297
부강산업단지입구,"SJB293064298,SJB293064300",36.500715299999996,127.3620504,35,35,1,87.27272727272727,87.27272727272727,87.27272727272727,87.27272727272727,87.27272727272727,87.27272727272727,87.27272727272727,87.27272727272727,87.27272727272727,0.0,2991.6105519318103,0,0,0,1.0,0.7,0.0,0.6,False,True,True,True,False,False,combined_feeder,행정동 단위 병의원 수 보조지표,집현동,C,"지선-BRT 환승 시간표 보정, 배차간격 조정",3,299
부강삼거리,"SJB293012032,SJB293012033",36.52784,127.37209,300,300,1,40.0,40.0,40.0,40.0,40.0,40.0,40.0,40.0,40.0,0.0,4659.427530403014,1,10,0,1.0,0.4666666666666666,0.423556036894412,0.642,False,True,True,False,True,True,combined_feeder,행정동 단위 병의원 수 보조지표,부강면,D,쉘터·의자·안내정보 등 대기환경 우선 개선,4,49
부강역,"SJB293012011,SJB293012014",36.531904999999995,127.364905,"300,31,32,33,35","300,31,32,33,35",5,40.0,53.20454545454545,87.27272727272727,9.869408168935816,40.0,53.20454545454545,9.869408168935816,87.27272727272727,9.869408168935816,0.0,4011.35724425395,1,10,0,1.0,0.11514309530425118,0.423556036894412,0.518,False,True,False,False,True,True,combined_feeder,행정동 단위 병의원 수 보조지표,부강면,B,출퇴근·등하교 시간대 집중 모니터링,2,456
부강초등학교,"SJB293012021,SJB293064463",36.52803,127.36718000000002,"300,31,32,33,35","300,31,32,33,35",5,40.0,53.20454545454545,87.27272727272727,11.12781954887218,40.0,53.20454545454545,11.12781954887218,87.27272727272727,11.12781954887218,0.0,4217.701120856811,2,10,0,1.0,0.12982456140350876,0.623556036894412,0.582,False,True,False,False,True,True,combined_feeder,행정동 단위 병의원 수 보조지표,부강면,B,출퇴근·등하교 시간대 집중 모니터링,2,374
부거실(아랫마을),"SJB293019043,SJB293019044",36.62592,127.19008,82,82,1,96.0,96.0,96.0,96.0,96.0,96.0,96.0,96.0,96.0,0.0,12389.624720326829,0,0,0,1.0,0.7,0.0,0.6,False,True,True,True,False,False,combined_feeder,행정동 단위 병의원 수 보조지표,전동면,C,"지선-BRT 환승 시간표 보정, 배차간격 조정",3,265
부거실(윗마을),SJB293019060,36.62444,127.19807,82,82,1,96.0,96.0,96.0,96.0,96.0,96.0,96.0,96.0,96.0,0.0,11662.965019685113,0,0,0,1.0,0.7,0.0,0.6,False,True,True,True,False,False,combined_feeder,행정동 단위 병의원 수 보조지표,전동면,C,"지선-BRT 환승 시간표 보정, 배차간격 조정",3,268
부동리마을회관,"SJB293016092,SJB293016093",36.5596673,127.26967995000001,75,75,1,120.0,120.0,120.0,120.0,120.0,120.0,120.0,120.0,120.0,0.0,2911.7020703079575,0,0,0,1.0,0.7,0.0,0.6,False,True,True,True,False,False,combined_feeder,행정동 단위 병의원 수 보조지표,연기면,C,"지선-BRT 환승 시간표 보정, 배차간격 조정",3,223
부용1리,"SJB293011091,SJB293011093",36.497655,127.344495,67,67,1,106.66666666666667,106.66666666666667,106.66666666666667,106.66666666666667,106.66666666666667,106.66666666666667,106.66666666666667,106.66666666666667,106.66666666666667,0.0,1498.2773235934224,0,1,0,0.7491386617967112,0.7,0.06462218697719856,0.53,False,True,True,True,False,False,combined_feeder,행정동 단위 병의원 수 보조지표,집현동,C,"지선-BRT 환승 시간표 보정, 배차간격 조정",3,350
부용2리,"SJB293011105,SJB293011106",36.512395,127.35853,67,67,1,106.66666666666667,106.66666666666667,106.66666666666667,106.66666666666667,106.66666666666667,106.66666666666667,106.66666666666667,106.66666666666667,106.66666666666667,0.0,2919.516133874975,0,0,0,1.0,0.7,0.0,0.6,False,True,True,True,False,False,combined_feeder,행정동 단위 병의원 수 보조지표,부강면,C,"지선-BRT 환승 시간표 보정, 배차간격 조정",3,248
부용농공단지,"SJB293064087,SJB293064088",36.492298149999996,127.36236629999999,35,35,1,87.27272727272727,87.27272727272727,87.27272727272727,87.27272727272727,87.27272727272727,87.27272727272727,87.27272727272727,87.27272727272727,87.27272727272727,0.0,3188.070369057545,0,0,0,1.0,0.7,0.0,0.6,False,True,True,True,False,False,combined_feeder,행정동 단위 병의원 수 보조지표,집현동,C,"지선-BRT 환승 시간표 보정, 배차간격 조정",3,298
비암사입구,"SJB293019030,SJB293019031",36.604074999999995,127.18646000000001,"82,86","82,86",2,96.0,168.0,240.0,68.57142857142857,96.0,168.0,68.57142857142857,240.0,68.57142857142857,0.0,10794.601783430857,0,0,0,1.0,0.7,0.0,0.6,False,True,True,True,False,False,combined_feeder,행정동 단위 병의원 수 보조지표,연서면,C,"지선-BRT 환승 시간표 보정, 배차간격 조정",3,328
사관정,"SJB293019078,SJB293019095",36.698909145,127.21017085,84,84,1,96.0,96.0,96.0,96.0,96.0,96.0,96.0,96.0,96.0,0.0,13788.609148384681,0,9,0,1.0,0.7,0.2146702584726201,0.663,False,True,True,True,False,False,combined_feeder,행정동 단위 병의원 수 보조지표,전의면,C,"지선-BRT 환승 시간표 보정, 배차간격 조정",3,75
산수리,SJB293012057,36.55633667,127.3581367,35,35,1,87.27272727272727,87.27272727272727,87.27272727272727,87.27272727272727,87.27272727272727,87.27272727272727,87.27272727272727,87.27272727272727,87.27272727272727,0.0,4346.05064653425,0,0,0,1.0,0.7,0.0,0.6,False,True,True,True,False,False,combined_feeder,행정동 단위 병의원 수 보조지표,연동면,C,"지선-BRT 환승 시간표 보정, 배차간격 조정",3,289
산수리입구,SJB293012007,36.55433,127.35824,35,35,1,87.27272727272727,87.27272727272727,87.27272727272727,87.27272727272727,87.27272727272727,87.27272727272727,87.27272727272727,87.27272727272727,87.27272727272727,0.0,4216.976220370256,0,0,0,1.0,0.7,0.0,0.6,False,True,True,True,False,False,combined_feeder,행정동 단위 병의원 수 보조지표,연동면,C,"지선-BRT 환승 시간표 보정, 배차간격 조정",3,290
산학리,"SJB293017057,SJB293017058",36.49189,127.222035,"52,53","52,53",1,30.0,30.0,30.0,30.0,30.0,30.0,30.0,30.0,30.0,0.0,2032.6475465155133,0,0,0,1.0,0.35,0.0,0.476,False,True,True,False,False,False,combined_feeder,행정동 단위 병의원 수 보조지표,장군면,B,출퇴근·등하교 시간대 집중 모니터링,2,486
산학리(주니어전문스쿨),"SJB293064385,SJB293064386",36.482583,127.23272745,"52,53","52,53",1,30.0,30.0,30.0,30.0,30.0,30.0,30.0,30.0,30.0,0.0,2086.251808453976,0,0,0,1.0,0.35,0.0,0.476,False,True,True,False,False,False,combined_feeder,행정동 단위 병의원 수 보조지표,새롬동,B,출퇴근·등하교 시간대 집중 모니터링,2,485
산학연클러스터,"SJB293011075,SJB293011076,SJB293064416,SJB293064417",36.49990925,127.32830175000001,"67,B0,B5",67,2,106.66666666666667,106.66666666666667,106.66666666666667,106.66666666666667,106.66666666666667,106.66666666666667,106.66666666666667,106.66666666666667,106.66666666666667,5.0,255.67526991147162,0,1,0,0.1278376349557358,0.7,0.06462218697719856,0.311,True,False,True,True,False,False,combined_feeder,행정동 단위 병의원 수 보조지표,집현동,A,현행 유지 및 정기 모니터링,1,
삼성전기,"SJB293064225,SJB293064226",36.53957415,127.3360452,32,32,1,46.25,46.25,46.25,46.25,46.25,46.25,46.25,46.25,46.25,0.0,1665.0494539616782,0,0,0,0.8325247269808391,0.5395833333333333,0.0,0.484,False,True,True,False,False,False,combined_feeder,행정동 단위 병의원 수 보조지표,연동면,B,출퇴근·등하교 시간대 집중 모니터링,2,480
삼일아파트,SJB293064188,36.5950425,127.2970189,76,76,1,960.0,960.0,960.0,960.0,960.0,960.0,960.0,960.0,960.0,0.0,3902.308438502702,1,0,0,1.0,0.7,0.19999999999999998,0.659,False,True,True,True,True,False,combined_feeder,행정동 단위 병의원 수 보조지표,조치원읍,E,배차 조정 + 두루타버스 연계 + 정류장 개선 패키지,5,21
상대부(쌍태울),SJB293019080,36.71258,127.21146,84,84,1,96.0,96.0,96.0,96.0,96.0,96.0,96.0,96.0,96.0,0.0,14721.497495153699,0,0,0,1.0,0.7,0.0,0.6,False,True,True,True,False,False,combined_feeder,행정동 단위 병의원 수 보조지표,전의면,C,"지선-BRT 환승 시간표 보정, 배차간격 조정",3,255
상록리조트정문,"SJB285016007,SJB285016018",36.742475,127.28615500000001,910,910,1,320.0,320.0,320.0,320.0,320.0,320.0,320.0,320.0,320.0,0.0,14209.994933926244,0,0,0,1.0,0.7,0.0,0.6,False,True,True,True,False,False,combined_feeder,행정동 단위 병의원 수 보조지표,전의면,C,"지선-BRT 환승 시간표 보정, 배차간격 조정",3,116
상록리조트후문,"SJB285016008,SJB285016009",36.736635,127.283995,910,910,1,320.0,320.0,320.0,320.0,320.0,320.0,320.0,320.0,320.0,0.0,13639.263224506314,0,0,0,1.0,0.7,0.0,0.6,False,True,True,True,False,False,combined_feeder,행정동 단위 병의원 수 보조지표,전의면,C,"지선-BRT 환승 시간표 보정, 배차간격 조정",3,117
상봉2리(가마소),"SJB274002082,SJB274002083",36.638595,127.28371999999999,"91,910,92,95","91,910,92,95",4,120.0,200.0,320.0,41.73913043478261,120.0,200.0,41.73913043478261,320.0,41.73913043478261,0.0,4547.065496011737,0,0,0,1.0,0.4869565217391304,0.0,0.525,False,True,True,False,False,False,combined_feeder,행정동 단위 병의원 수 보조지표,조치원읍,B,출퇴근·등하교 시간대 집중 모니터링,2,436
상봉초등학교,"SJB274002084,SJB274002085",36.637525,127.28625,"91,910,92,95","91,910,92,95",4,120.0,200.0,320.0,41.73913043478261,120.0,200.0,41.73913043478261,320.0,41.73913043478261,0.0,4288.230808898105,0,0,0,1.0,0.4869565217391304,0.0,0.525,False,True,True,False,False,False,combined_feeder,행정동 단위 병의원 수 보조지표,조치원읍,B,출퇴근·등하교 시간대 집중 모니터링,2,437
새나루마을10단지,"SJB293011069,SJB293011070",36.493745000000004,127.325355,67,67,1,106.66666666666667,106.66666666666667,106.66666666666667,106.66666666666667,106.66666666666667,106.66666666666667,106.66666666666667,106.66666666666667,106.66666666666667,0.0,550.2606028287014,2,1,0,0.2751303014143507,0.7,0.46462218697719854,0.481,False,True,True,True,True,False,combined_feeder,행정동 단위 병의원 수 보조지표,집현동,E,배차 조정 + 두루타버스 연계 + 정류장 개선 패키지,5,47
새나루마을8단지,"SJB293011067,SJB293011068",36.48913,127.3237,67,67,1,106.66666666666667,106.66666666666667,106.66666666666667,106.66666666666667,106.66666666666667,106.66666666666667,106.66666666666667,106.66666666666667,106.66666666666667,0.0,996.6721170909781,2,0,0,0.498336058545489,0.7,0.39999999999999997,0.541,False,True,True,True,True,False,combined_feeder,행정동 단위 병의원 수 보조지표,반곡동,E,배차 조정 + 두루타버스 연계 + 정류장 개선 패키지,5,41
"새뜸마을1,2단지","SJB293064388,SJB293064389",36.48286675,127.24604205,1005,1005,1,17.5,17.5,17.5,17.5,17.5,17.5,17.5,17.5,17.5,5.0,1140.3350972452326,3,28,0,0.5701675486226163,0.2791666666666667,0.913933356198811,0.569,False,True,False,False,True,True,combined_feeder,행정동 단위 병의원 수 보조지표,새롬동,B,출퇴근·등하교 시간대 집중 모니터링,2,384
새뜸마을10단지,SJB293064371,36.4905735,127.2508178,"203,53","203,53",2,12.5,21.25,30.0,8.823529411764705,12.5,21.25,8.823529411764705,30.0,8.823529411764705,5.0,602.9718379137153,4,28,0,0.3014859189568576,0.1779411764705882,1.0,0.463,False,True,False,False,True,True,combined_feeder,행정동 단위 병의원 수 보조지표,새롬동,B,출퇴근·등하교 시간대 집중 모니터링,2,496
새뜸마을14단지,"SJB293064368,SJB293064369",36.49103835,127.25543865,"203,52,53","203,52,53",2,12.5,21.25,30.0,8.823529411764705,12.5,21.25,8.823529411764705,30.0,8.823529411764705,5.0,344.07990463388006,1,65,0,0.17203995231694003,0.1779411764705882,0.5906019669450613,0.297,False,False,False,False,True,True,combined_feeder,행정동 단위 병의원 수 보조지표,나성동,A,현행 유지 및 정기 모니터링,1,581
새뜸마을4단지(가온마을1단지),"SJB293064360,SJB293064361",36.4895263,127.2448034,1005,1005,1,17.5,17.5,17.5,17.5,17.5,17.5,17.5,17.5,17.5,5.0,1101.2089849927995,4,20,0,0.5506044924963998,0.2791666666666667,1.0,0.587,False,True,False,False,True,True,combined_feeder,행정동 단위 병의원 수 보조지표,다정동,B,출퇴근·등하교 시간대 집중 모니터링,2,368
"새뜸마을5,8단지","SJB293064241,SJB293064242",36.48244715,127.25339755,"1004,52,53","1004,52,53",2,16.0,23.0,30.0,10.434782608695652,16.0,23.0,10.434782608695652,30.0,10.434782608695652,8.0,642.4441402043005,5,28,0,0.32122207010215026,0.2417391304347826,1.0,0.493,False,True,False,False,True,True,combined_feeder,행정동 단위 병의원 수 보조지표,새롬동,B,출퇴근·등하교 시간대 집중 모니터링,2,466
"새뜸마을7,10단지","SJB293064238,SJB293064430",36.48916095,127.25029975,"1004,52","1004,52",2,16.0,23.0,30.0,16.0,16.0,23.0,16.0,30.0,16.0,8.0,688.4130205168431,5,28,0,0.3442065102584215,0.30666666666666664,1.0,0.505,False,True,False,False,True,True,combined_feeder,행정동 단위 병의원 수 보조지표,새롬동,B,출퇴근·등하교 시간대 집중 모니터링,2,462
새롬동.나성동,"SJB293053003,SJB293053004,SJB293053005,SJB293053006",36.487296075,127.25755965,"B0,B2,B5",,2,17.5,17.5,17.5,17.5,17.5,17.5,17.5,17.5,17.5,5.0,0.0,2,28,0,0.0,0.2791666666666667,0.713933356198811,0.309,True,False,False,False,True,True,combined_feeder,행정동 단위 병의원 수 보조지표,새롬동,A,현행 유지 및 정기 모니터링,1,
새롬동커뮤니티센터,"SJB293064239,SJB293064240",36.485491350000004,127.25089829999999,"1004,52,53","1004,52,53",2,16.0,23.0,30.0,10.434782608695652,16.0,23.0,10.434782608695652,30.0,10.434782608695652,8.0,624.528696025488,5,28,0,0.312264348012744,0.2417391304347826,1.0,0.49,False,True,False,False,True,True,combined_feeder,행정동 단위 병의원 수 보조지표,새롬동,B,출퇴근·등하교 시간대 집중 모니터링,2,469
새롬중학교(새뜸마을1단지),"SJB293064358,SJB293064359",36.4803585,127.2493742,1005,1005,1,17.5,17.5,17.5,17.5,17.5,17.5,17.5,17.5,17.5,5.0,1051.2807223518053,3,28,0,0.5256403611759026,0.2791666666666667,0.913933356198811,0.553,False,True,False,False,True,True,combined_feeder,행정동 단위 병의원 수 보조지표,새롬동,B,출퇴근·등하교 시간대 집중 모니터링,2,397
"새샘마을1,2단지","SJB293064168,SJB293064169",36.4808183,127.299455,221,221,1,12.5,12.5,12.5,12.5,12.5,12.5,12.5,12.5,12.5,5.0,281.84656754933525,4,22,0,0.14092328377466762,0.22083333333333333,1.0,0.422,False,False,False,False,True,True,combined_feeder,행정동 단위 병의원 수 보조지표,소담동,A,현행 유지 및 정기 모니터링,1,565
새샘마을6단지,"SJB293064364,SJB293064365",36.48462635,127.30436295,221,221,1,12.5,12.5,12.5,12.5,12.5,12.5,12.5,12.5,12.5,5.0,361.0318214517116,3,22,0,0.1805159107258558,0.22083333333333333,0.8923224665272582,0.404,False,False,False,False,True,True,combined_feeder,행정동 단위 병의원 수 보조지표,소담동,A,현행 유지 및 정기 모니터링,1,568
새주막거리,"SJB293001067,SJB293001068",36.61246,127.29457,"11,12,13,71,73,76,91,910,92,93,94,95","11,12,13,71,73,76,91,910,92,93,94,95",11,30.0,369.4405594405594,960.0,11.428571428571427,30.0,369.4405594405594,11.428571428571427,960.0,11.428571428571427,0.0,3132.2549927375876,1,72,0,1.0,0.1333333333333333,0.6,0.576,False,True,False,False,True,True,combined_feeder,행정동 단위 병의원 수 보조지표,조치원읍,B,출퇴근·등하교 시간대 집중 모니터링,2,376
생천경로당,SJB293064200,36.6055624,127.2171389,71,71,1,120.0,120.0,120.0,120.0,120.0,120.0,120.0,120.0,120.0,0.0,9446.172946320254,0,0,0,1.0,0.7,0.0,0.6,False,True,True,True,False,False,combined_feeder,행정동 단위 병의원 수 보조지표,연서면,C,"지선-BRT 환승 시간표 보정, 배차간격 조정",3,157
서면,"SJB293016075,SJB293016076",36.5863,127.2612,"72,73,86","72,73,86",3,120.0,440.0,960.0,80.0,120.0,440.0,80.0,960.0,80.0,0.0,5968.727368542909,0,7,0,1.0,0.7,0.19386656093159566,0.657,False,True,True,True,False,False,combined_feeder,행정동 단위 병의원 수 보조지표,연서면,C,"지선-BRT 환승 시간표 보정, 배차간격 조정",3,84
서세종농협,"SJB293016081,SJB293016082",36.58852,127.26391,"72,73,86","72,73,86",3,120.0,440.0,960.0,80.0,120.0,440.0,80.0,960.0,80.0,0.0,6162.907957471231,0,7,0,1.0,0.7,0.19386656093159566,0.657,False,True,True,True,False,False,combined_feeder,행정동 단위 병의원 수 보조지표,연서면,C,"지선-BRT 환승 시간표 보정, 배차간격 조정",3,83
서정1리마을회관,"SJB293019048,SJB293019050",36.687985,127.19192,83,83,1,96.0,96.0,96.0,96.0,96.0,96.0,96.0,96.0,96.0,0.0,14393.248993522897,0,9,0,1.0,0.7,0.2146702584726201,0.663,False,True,True,True,False,False,combined_feeder,행정동 단위 병의원 수 보조지표,전의면,C,"지선-BRT 환승 시간표 보정, 배차간격 조정",3,74
서정2리,"SJB293019041,SJB293019042",36.699425000000005,127.18983,83,83,1,96.0,96.0,96.0,96.0,96.0,96.0,96.0,96.0,96.0,0.0,15254.759786034116,0,0,0,1.0,0.7,0.0,0.6,False,True,True,True,False,False,combined_feeder,행정동 단위 병의원 수 보조지표,전의면,C,"지선-BRT 환승 시간표 보정, 배차간격 조정",3,253
서정2리마을회관,"SJB293019034,SJB293019035",36.696600000000004,127.18902,83,83,1,96.0,96.0,96.0,96.0,96.0,96.0,96.0,96.0,96.0,0.0,15136.163617064954,0,0,0,1.0,0.7,0.0,0.6,False,True,True,True,False,False,combined_feeder,행정동 단위 병의원 수 보조지표,전의면,C,"지선-BRT 환승 시간표 보정, 배차간격 조정",3,254
서창리,"SJB293001017,SJB293001018",36.60519,127.284265,"13,73,93","13,73,93",2,73.84615384615384,516.9230769230769,960.0,68.57142857142857,73.84615384615384,516.9230769230769,68.57142857142857,960.0,68.57142857142857,0.0,4264.661720835691,2,72,0,1.0,0.7,0.8,0.835,False,True,True,True,True,True,combined_feeder,행정동 단위 병의원 수 보조지표,조치원읍,E,배차 조정 + 두루타버스 연계 + 정류장 개선 패키지,5,2
서평1리,"SJB271010111,SJB274002088",36.59555545,127.31464629999999,"300,31,32,33","300,31,32,33",4,40.0,44.6875,46.25,11.12781954887218,40.0,44.6875,11.12781954887218,46.25,11.12781954887218,0.0,2924.828112050754,0,0,0,1.0,0.12982456140350876,0.0,0.399,False,True,False,False,False,False,combined_feeder,행정동 단위 병의원 수 보조지표,조치원읍,B,출퇴근·등하교 시간대 집중 모니터링,2,539
서평교,"SJB274000055,SJB274000059",36.5919515,127.316502,"300,31,32,33","300,31,32,33",4,40.0,44.6875,46.25,11.12781954887218,40.0,44.6875,11.12781954887218,46.25,11.12781954887218,0.0,3235.318700614664,0,0,0,1.0,0.12982456140350876,0.0,0.399,False,True,False,False,False,False,combined_feeder,행정동 단위 병의원 수 보조지표,조치원읍,B,출퇴근·등하교 시간대 집중 모니터링,2,538
서평리,"SJB274002086,SJB274002087",36.59858,127.313075,"300,31,32,33","300,31,32,33",4,40.0,44.6875,46.25,11.12781954887218,40.0,44.6875,11.12781954887218,46.25,11.12781954887218,0.0,2690.45619870332,0,0,0,1.0,0.12982456140350876,0.0,0.399,False,True,False,False,False,False,combined_feeder,행정동 단위 병의원 수 보조지표,조치원읍,B,출퇴근·등하교 시간대 집중 모니터링,2,540
석곡리,"SJB293018039,SJB293018041",36.658930049999995,127.25648910000001,92,92,1,120.0,120.0,120.0,120.0,120.0,120.0,120.0,120.0,120.0,0.0,7818.653061926742,0,0,0,1.0,0.7,0.0,0.6,False,True,True,True,False,False,combined_feeder,행정동 단위 병의원 수 보조지표,전동면,C,"지선-BRT 환승 시간표 보정, 배차간격 조정",3,166
석곡리입구,"SJB293018046,SJB293018047",36.65917,127.25977,95,95,1,240.0,240.0,240.0,240.0,240.0,240.0,240.0,240.0,240.0,0.0,7579.490402227222,0,0,0,1.0,0.7,0.0,0.6,False,True,True,True,False,False,combined_feeder,행정동 단위 병의원 수 보조지표,전동면,C,"지선-BRT 환승 시간표 보정, 배차간격 조정",3,133
석교리마을회관,"SJB293011064,SJB293011066",36.486630000000005,127.321505,67,67,1,106.66666666666667,106.66666666666667,106.66666666666667,106.66666666666667,106.66666666666667,106.66666666666667,106.66666666666667,106.66666666666667,106.66666666666667,0.0,1258.863537460646,2,0,0,0.629431768730323,0.7,0.39999999999999997,0.587,False,True,True,True,True,False,combined_feeder,행정동 단위 병의원 수 보조지표,반곡동,E,배차 조정 + 두루타버스 연계 + 정류장 개선 패키지,5,40
성덕1리,SJB293011018,36.46097,127.26644,62,62,1,120.0,120.0,120.0,120.0,120.0,120.0,120.0,120.0,120.0,0.0,1133.8163619924705,0,0,0,0.5669081809962353,0.7,0.0,0.447,False,True,True,True,False,False,combined_feeder,행정동 단위 병의원 수 보조지표,금남면,C,"지선-BRT 환승 시간표 보정, 배차간격 조정",3,354
성덕2리,SJB293011019,36.45575,127.26691,62,62,1,120.0,120.0,120.0,120.0,120.0,120.0,120.0,120.0,120.0,0.0,1624.6718935576,0,0,0,0.8123359467788,0.7,0.0,0.534,False,True,True,True,False,False,combined_feeder,행정동 단위 병의원 수 보조지표,금남면,C,"지선-BRT 환승 시간표 보정, 배차간격 조정",3,349
성덕교차로,"SJB293064085,SJB293064086",36.46069825,127.27763200000001,62,62,1,120.0,120.0,120.0,120.0,120.0,120.0,120.0,120.0,120.0,0.0,1017.0582006944521,0,12,0,0.5085291003472261,0.7,0.2391305073635656,0.497,False,True,True,True,True,True,combined_feeder,행정동 단위 병의원 수 보조지표,금남면,E,배차 조정 + 두루타버스 연계 + 정류장 개선 패키지,5,44
성제1리마을회관,"SJB293016088,SJB293016089",36.591895,127.26916,"71,72,73,76,86","71,72,73,76,86",4,120.0,360.0,960.0,45.714285714285715,120.0,360.0,45.714285714285715,960.0,45.714285714285715,0.0,6125.08260555597,0,7,0,1.0,0.5333333333333333,0.19386656093159566,0.598,False,True,True,False,False,False,combined_feeder,행정동 단위 병의원 수 보조지표,연서면,B,출퇴근·등하교 시간대 집중 모니터링,2,362
성제2리,"SJB293016079,SJB293016080",36.591454999999996,127.26184,71,71,1,120.0,120.0,120.0,120.0,120.0,120.0,120.0,120.0,120.0,0.0,6520.748481044906,0,7,0,1.0,0.7,0.19386656093159566,0.657,False,True,True,True,False,False,combined_feeder,행정동 단위 병의원 수 보조지표,연서면,C,"지선-BRT 환승 시간표 보정, 배차간격 조정",3,80
성제삼거리,"SJB293016083,SJB293016084,SJB293064189",36.589083566666666,127.26438976666667,"71,76","71,76",1,960.0,960.0,960.0,960.0,960.0,960.0,960.0,960.0,960.0,0.0,6226.422373602441,0,7,0,1.0,0.7,0.19386656093159566,0.657,False,True,True,True,False,False,combined_feeder,행정동 단위 병의원 수 보조지표,연서면,C,"지선-BRT 환승 시간표 보정, 배차간격 조정",3,78
성호아파트,"SJB293019069,SJB293019070",36.681934999999996,127.20447999999999,"83,84","83,84",2,96.0,96.0,96.0,48.0,96.0,96.0,48.0,96.0,48.0,0.0,13084.283836700568,1,9,0,1.0,0.5599999999999999,0.41467025847262007,0.673,False,True,True,False,True,False,combined_feeder,행정동 단위 병의원 수 보조지표,전의면,D,쉘터·의자·안내정보 등 대기환경 우선 개선,4,48
세종고등학교,"SJB293001080,SJB293001082",36.61020499999999,127.29673,"11,12,13,71,73,76,91,910,92,93,94,95","11,12,13,71,73,76,91,910,92,93,94,95",11,30.0,369.4405594405594,960.0,11.428571428571427,30.0,369.4405594405594,11.428571428571427,960.0,11.428571428571427,0.0,3023.8574264576123,2,72,0,1.0,0.1333333333333333,0.8,0.635,False,True,False,False,True,True,combined_feeder,행정동 단위 병의원 수 보조지표,조치원읍,B,출퇴근·등하교 시간대 집중 모니터링,2,358
세종고속시외버스터미널,"SJB293055058,SJB293055059",36.46890025,127.2735462,"1004,1005,203,221,61,62,64,66,661,67,69,691","1004,1005,203,221,61,62,64,66,661,67,69,691",12,12.5,130.859126984127,480.0,2.922755741127349,12.5,130.859126984127,2.922755741127349,480.0,2.922755741127349,8.0,57.647122713376135,1,18,0,0.02882356135668807,0.15409881697981906,0.4745103660393375,0.204,False,False,False,False,True,True,combined_feeder,행정동 단위 병의원 수 보조지표,대평동,A,현행 유지 및 정기 모니터링,1,597
세종고속시외버스터미널(지상),"SJB293055001,SJB293055002",36.4692832,127.27390845,"B0,B2,B5",,3,8.0,11.833333333333334,17.5,3.5443037974683547,8.0,11.833333333333334,3.5443037974683547,17.5,3.5443037974683547,5.0,0.0,1,18,0,0.0,0.11635021097046414,0.4745103660393375,0.181,True,False,False,False,True,True,combined_feeder,행정동 단위 병의원 수 보조지표,대평동,A,현행 유지 및 정기 모니터링,1,
세종고속시외버스터미널(지하),"SJB293064220,SJB293064221",36.470728300000005,127.27318035,"B0,B2,B5",,3,8.0,11.833333333333334,17.5,3.5443037974683547,8.0,11.833333333333334,3.5443037974683547,17.5,3.5443037974683547,5.0,0.0,0,18,0,0.0,0.11635021097046414,0.2745103660393375,0.122,True,False,False,False,True,True,combined_feeder,행정동 단위 병의원 수 보조지표,대평동,A,현행 유지 및 정기 모니터링,1,
세종교통,"SJB293016116,SJB293016117",36.56604,127.28481500000001,"16,17,75","16,17,75",3,120.0,133.33333333333334,160.0,43.63636363636363,120.0,133.33333333333334,43.63636363636363,160.0,43.63636363636363,0.0,3613.1795816727454,1,0,0,1.0,0.509090909090909,0.19999999999999998,0.591,False,True,True,False,True,False,combined_feeder,행정동 단위 병의원 수 보조지표,연기면,D,쉘터·의자·안내정보 등 대기환경 우선 개선,4,56
세종기숙학원,"SJB293016061,SJB293064074",36.5568796,127.2521183,75,75,1,120.0,120.0,120.0,120.0,120.0,120.0,120.0,120.0,120.0,0.0,3231.2402265338173,0,0,0,1.0,0.7,0.0,0.6,False,True,True,True,False,False,combined_feeder,행정동 단위 병의원 수 보조지표,연기면,C,"지선-BRT 환승 시간표 보정, 배차간격 조정",3,220
세종누리학교,"SJB293064424,SJB293064425",36.525538,127.2422375,221,221,1,12.5,12.5,12.5,12.5,12.5,12.5,12.5,12.5,12.5,5.0,764.6099616716574,0,31,0,0.3823049808358287,0.22083333333333333,0.3231109348859928,0.308,False,True,False,False,True,True,combined_feeder,행정동 단위 병의원 수 보조지표,아름동,B,출퇴근·등하교 시간대 집중 모니터링,2,556
세종미래산업단지,"SJB293019018,SJB293019019",36.639795,127.17643000000001,"82,86","82,86",2,96.0,168.0,240.0,68.57142857142857,96.0,168.0,68.57142857142857,240.0,68.57142857142857,0.0,13775.27208630656,0,0,0,1.0,0.7,0.0,0.6,False,True,True,True,False,False,combined_feeder,행정동 단위 병의원 수 보조지표,전동면,C,"지선-BRT 환승 시간표 보정, 배차간격 조정",3,319
세종세무서,"SJB293001064,SJB293064084",36.60600095,127.29405685,"13,76","13,76",2,960.0,960.0,960.0,960.0,960.0,960.0,960.0,960.0,960.0,0.0,3428.3230626500504,2,72,0,1.0,0.7,0.8,0.835,False,True,True,True,True,True,combined_feeder,행정동 단위 병의원 수 보조지표,조치원읍,E,배차 조정 + 두루타버스 연계 + 정류장 개선 패키지,5,1
세종시공원묘원,"SJB293018073,SJB293018074",36.692805,127.27235999999999,910,910,1,320.0,320.0,320.0,320.0,320.0,320.0,320.0,320.0,320.0,0.0,9593.995656204768,0,0,0,1.0,0.7,0.0,0.6,False,True,True,True,False,False,combined_feeder,행정동 단위 병의원 수 보조지표,전동면,C,"지선-BRT 환승 시간표 보정, 배차간격 조정",3,126
세종시문화예술회관,"SJB293001042,SJB293001045",36.598344999999995,127.29055,"11,12,71","11,12,71",2,30.0,75.0,120.0,24.0,30.0,75.0,24.0,120.0,24.0,0.0,4126.600666851758,1,0,0,1.0,0.27999999999999997,0.19999999999999998,0.511,False,True,False,False,True,False,combined_feeder,행정동 단위 병의원 수 보조지표,조치원읍,B,출퇴근·등하교 시간대 집중 모니터링,2,457
세종시민체육관,"SJB293001019,SJB293001020",36.594615,127.284775,"11,12,13,71,72,76,86","11,12,13,71,72,76,86",5,30.0,294.0,960.0,18.11320754716981,30.0,294.0,18.11320754716981,960.0,18.11320754716981,0.0,4783.96000485332,1,0,0,1.0,0.2113207547169811,0.19999999999999998,0.486,False,True,False,False,True,False,combined_feeder,행정동 단위 병의원 수 보조지표,연서면,B,출퇴근·등하교 시간대 집중 모니터링,2,477
세종시청.교육청.시의회,"SJB293064079,SJB293064080,SJB293064210,SJB293064211",36.478511499999996,127.28848875,"221,B0,B5",221,2,12.5,13.75,17.5,12.5,12.5,13.75,12.5,17.5,12.5,5.0,24.374069247611594,4,22,0,0.012187034623805796,0.22083333333333333,1.0,0.376,True,False,False,False,True,True,combined_feeder,행정동 단위 병의원 수 보조지표,보람동,A,현행 유지 및 정기 모니터링,1,
세종여자고등학교,"SJB293001023,SJB293001024",36.606455,127.288325,"13,73,93","13,73,93",2,73.84615384615384,516.9230769230769,960.0,68.57142857142857,73.84615384615384,516.9230769230769,68.57142857142857,960.0,68.57142857142857,0.0,3875.309879311834,2,72,0,1.0,0.7,0.8,0.835,False,True,True,True,True,True,combined_feeder,행정동 단위 병의원 수 보조지표,조치원읍,E,배차 조정 + 두루타버스 연계 + 정류장 개선 패키지,5,3
세종여자고등학교입구,"SJB293001041,SJB293001051",36.6069289,127.2913404,"11,12,13,71,73,93","11,12,13,71,73,93",4,30.0,295.96153846153845,960.0,17.77777777777778,30.0,295.96153846153845,17.77777777777778,960.0,17.77777777777778,0.0,3601.8949008161335,2,72,0,1.0,0.20740740740740743,0.8,0.661,False,True,False,False,True,True,combined_feeder,행정동 단위 병의원 수 보조지표,조치원읍,B,출퇴근·등하교 시간대 집중 모니터링,2,355
세종예술고등학교,"SJB293064347,SJB293064348",36.4924005,127.2692375,203,203,1,12.5,12.5,12.5,12.5,12.5,12.5,12.5,12.5,12.5,5.0,1176.7278799077842,1,65,0,0.5883639399538921,0.22083333333333333,0.5906019669450613,0.459,False,True,False,False,True,True,combined_feeder,행정동 단위 병의원 수 보조지표,나성동,B,출퇴근·등하교 시간대 집중 모니터링,2,498
세종예술의전당,"SJB293064488,SJB293064489",36.487743300000005,127.26439455,203,203,1,12.5,12.5,12.5,12.5,12.5,12.5,12.5,12.5,12.5,5.0,604.0353993361199,2,65,0,0.30201769966805997,0.22083333333333333,0.7906019669450612,0.417,False,True,False,False,True,True,combined_feeder,행정동 단위 병의원 수 보조지표,나성동,B,출퇴근·등하교 시간대 집중 모니터링,2,524
세종우체국,SJB293001087,36.60296,127.29789000000001,"11,13,71,76,91,910,92,93,94,95","11,13,71,76,91,910,92,93,94,95",10,30.0,310.38461538461536,960.0,11.428571428571427,30.0,310.38461538461536,11.428571428571427,960.0,11.428571428571427,0.0,3289.176374261526,2,72,0,1.0,0.1333333333333333,0.8,0.635,False,True,False,False,True,True,combined_feeder,행정동 단위 병의원 수 보조지표,조치원읍,B,출퇴근·등하교 시간대 집중 모니터링,2,356
세종우체국(보람초등학교),"SJB293064164,SJB293064165",36.48039704999999,127.29295615000001,221,221,1,12.5,12.5,12.5,12.5,12.5,12.5,12.5,12.5,12.5,5.0,428.8285120969569,2,22,0,0.21441425604847844,0.22083333333333333,0.6923224665272583,0.357,False,False,False,False,True,True,combined_feeder,행정동 단위 병의원 수 보조지표,소담동,A,현행 유지 및 정기 모니터링,1,576
세종장례식장,"SJB293016111,SJB293064193",36.5714271,127.2821467,"72,73","72,73",2,120.0,540.0,960.0,120.0,120.0,540.0,120.0,960.0,120.0,0.0,4185.820474396765,0,0,0,1.0,0.7,0.0,0.6,False,True,True,True,False,False,combined_feeder,행정동 단위 병의원 수 보조지표,연서면,C,"지선-BRT 환승 시간표 보정, 배차간격 조정",3,200
세종장례식장입구,"SJB293016120,SJB293016121,SJB293016122,SJB293016123",36.570152425,127.287594775,"16,17,72,73,75","16,17,72,73,75",3,120.0,540.0,960.0,120.0,120.0,540.0,120.0,960.0,120.0,0.0,4049.3342666765257,0,0,0,1.0,0.7,0.0,0.6,False,True,True,True,False,False,combined_feeder,행정동 단위 병의원 수 보조지표,연서면,C,"지선-BRT 환승 시간표 보정, 배차간격 조정",3,205
세종중앙공원,SJB293064454,36.5001803,127.2821042,221,221,1,12.5,12.5,12.5,12.5,12.5,12.5,12.5,12.5,12.5,5.0,1919.7610729215783,0,0,0,0.9598805364607891,0.22083333333333333,0.0,0.417,False,True,False,False,False,False,combined_feeder,행정동 단위 병의원 수 보조지표,어진동,B,출퇴근·등하교 시간대 집중 모니터링,2,523
세종중학교,"SJB293001085,SJB293001086",36.605845,127.29731,"11,12,13,71,73,76,91,910,92,93,94,95","11,12,13,71,73,76,91,910,92,93,94,95",11,30.0,369.4405594405594,960.0,11.428571428571427,30.0,369.4405594405594,11.428571428571427,960.0,11.428571428571427,0.0,3173.2752260187926,2,72,0,1.0,0.1333333333333333,0.8,0.635,False,True,False,False,True,True,combined_feeder,행정동 단위 병의원 수 보조지표,조치원읍,B,출퇴근·등하교 시간대 집중 모니터링,2,357
세종첨단산업단지,SJB293064329,36.7191773,127.1955466,"83,85","83,85",2,96.0,116.57142857142857,137.14285714285714,56.470588235294116,96.0,116.57142857142857,56.470588235294116,137.14285714285714,56.470588235294116,0.0,16252.338678923727,0,0,0,1.0,0.6588235294117647,0.0,0.585,False,True,True,False,False,False,combined_feeder,행정동 단위 병의원 수 보조지표,전의면,B,출퇴근·등하교 시간대 집중 모니터링,2,369
세종충남대병원,"SJB293064051,SJB293064052",36.518685649999995,127.25659139999999,"201,B5",201,2,15.0,16.25,17.5,8.076923076923077,15.0,15.0,15.0,15.0,15.0,10.0,0.0,2,15,0,0.0,0.32499999999999996,0.6584887479087942,0.308,True,False,False,False,True,True,combined_feeder,행정동 단위 병의원 수 보조지표,도담동,A,현행 유지 및 정기 모니터링,1,
세종충남대학교병원,"SJB293064445,SJB293064446",36.521067,127.25960850000001,"B0,B2",,2,8.0,9.0,10.0,4.444444444444445,8.0,9.0,4.444444444444445,10.0,4.444444444444445,4.0,0.0,1,15,0,0.0,0.11185185185185186,0.45848874790879424,0.174,True,False,False,False,True,True,combined_feeder,행정동 단위 병의원 수 보조지표,도담동,A,현행 유지 및 정기 모니터링,1,
세종충남대학교병원(후문),"SJB293064447,SJB293064448",36.521096,127.2596595,B5,,1,17.5,17.5,17.5,17.5,17.5,17.5,17.5,17.5,17.5,5.0,0.0,1,15,0,0.0,0.2791666666666667,0.45848874790879424,0.233,True,False,False,False,True,True,combined_feeder,행정동 단위 병의원 수 보조지표,도담동,A,현행 유지 및 정기 모니터링,1,
세종호수공원,"SJB293014034,SJB293064453",36.50202125,127.27825695,221,221,1,12.5,12.5,12.5,12.5,12.5,12.5,12.5,12.5,12.5,5.0,1615.028009820868,0,0,0,0.807514004910434,0.22083333333333333,0.0,0.363,False,True,False,False,False,False,combined_feeder,행정동 단위 병의원 수 보조지표,어진동,B,출퇴근·등하교 시간대 집중 모니터링,2,550
소담고등학교(새샘마을1단지),SJB293064363,36.4815428,127.3027743,221,221,1,12.5,12.5,12.5,12.5,12.5,12.5,12.5,12.5,12.5,5.0,466.58307547870635,3,22,0,0.23329153773935318,0.22083333333333333,0.8923224665272582,0.423,False,False,False,False,True,True,combined_feeder,행정동 단위 병의원 수 보조지표,소담동,A,현행 유지 및 정기 모니터링,1,564
소담고등학교(새샘마을5단지),SJB293064362,36.4815502,127.3045326,221,221,1,12.5,12.5,12.5,12.5,12.5,12.5,12.5,12.5,12.5,5.0,619.5288647868412,3,22,0,0.30976443239342055,0.22083333333333333,0.8923224665272582,0.45,False,True,False,False,True,True,combined_feeder,행정동 단위 병의원 수 보조지표,소담동,B,출퇴근·등하교 시간대 집중 모니터링,2,503
소담동 새샘마을,"SJB293064214,SJB293064216",36.48254815,127.29750250000001,"B0,B5",,2,10.0,13.75,17.5,6.363636363636364,10.0,13.75,6.363636363636364,17.5,6.363636363636364,5.0,0.0,3,22,0,0.0,0.14924242424242423,0.8923224665272582,0.315,True,False,False,False,True,True,combined_feeder,행정동 단위 병의원 수 보조지표,소담동,A,현행 유지 및 정기 모니터링,1,
소정리,"SJB293013018,SJB293064387",36.72464175,127.1581322,85,85,1,137.14285714285714,137.14285714285714,137.14285714285714,137.14285714285714,137.14285714285714,137.14285714285714,137.14285714285714,137.14285714285714,137.14285714285714,0.0,19201.194864317396,1,2,0,1.0,0.7,0.30242374307345077,0.689,False,True,True,True,True,False,combined_feeder,행정동 단위 병의원 수 보조지표,소정면,E,배차 조정 + 두루타버스 연계 + 정류장 개선 패키지,5,15
소정리역,"SJB293013013,SJB293013014",36.718900000000005,127.15665,85,85,1,137.14285714285714,137.14285714285714,137.14285714285714,137.14285714285714,137.14285714285714,137.14285714285714,137.14285714285714,137.14285714285714,137.14285714285714,0.0,18923.170340224617,1,2,0,1.0,0.7,0.30242374307345077,0.689,False,True,True,True,True,False,combined_feeder,행정동 단위 병의원 수 보조지표,소정면,E,배차 조정 + 두루타버스 연계 + 정류장 개선 패키지,5,17
소정리입구,"SJB293013009,SJB293013017",36.7120145,127.1539075,85,85,1,137.14285714285714,137.14285714285714,137.14285714285714,137.14285714285714,137.14285714285714,137.14285714285714,137.14285714285714,137.14285714285714,137.14285714285714,0.0,18689.938460101264,0,2,0,1.0,0.7,0.10242374307345076,0.63,False,True,True,True,False,False,combined_feeder,행정동 단위 병의원 수 보조지표,소정면,C,"지선-BRT 환승 시간표 보정, 배차간격 조정",3,97
소정면사무소,"SJB293013015,SJB293013016",36.72161,127.15764,85,85,1,137.14285714285714,137.14285714285714,137.14285714285714,137.14285714285714,137.14285714285714,137.14285714285714,137.14285714285714,137.14285714285714,137.14285714285714,0.0,19032.61575236027,1,2,0,1.0,0.7,0.30242374307345077,0.689,False,True,True,True,True,False,combined_feeder,행정동 단위 병의원 수 보조지표,소정면,E,배차 조정 + 두루타버스 연계 + 정류장 개선 패키지,5,16
소정면우체국,"SJB293013011,SJB293013012",36.714259999999996,127.154785,85,85,1,137.14285714285714,137.14285714285714,137.14285714285714,137.14285714285714,137.14285714285714,137.14285714285714,137.14285714285714,137.14285714285714,137.14285714285714,0.0,18759.624504318137,0,2,0,1.0,0.7,0.10242374307345076,0.63,False,True,True,True,False,False,combined_feeder,행정동 단위 병의원 수 보조지표,소정면,C,"지선-BRT 환승 시간표 보정, 배차간격 조정",3,96
소정육교,SJB293013023,36.72718,127.16312,85,85,1,137.14285714285714,137.14285714285714,137.14285714285714,137.14285714285714,137.14285714285714,137.14285714285714,137.14285714285714,137.14285714285714,137.14285714285714,0.0,19017.771612251614,0,2,0,1.0,0.7,0.10242374307345076,0.63,False,True,True,True,False,False,combined_feeder,행정동 단위 병의원 수 보조지표,소정면,C,"지선-BRT 환승 시간표 보정, 배차간격 조정",3,95
소정육교(맹골),"SJB293013021,SJB293013022",36.726780000000005,127.16187500000001,85,85,1,137.14285714285714,137.14285714285714,137.14285714285714,137.14285714285714,137.14285714285714,137.14285714285714,137.14285714285714,137.14285714285714,137.14285714285714,0.0,19088.421046463387,0,2,0,1.0,0.7,0.10242374307345076,0.63,False,True,True,True,False,False,combined_feeder,행정동 단위 병의원 수 보조지표,소정면,C,"지선-BRT 환승 시간표 보정, 배차간격 조정",3,94
속샘말삼거리,"SJB285016012,SJB285016029",36.7293849,127.2798073,910,910,1,320.0,320.0,320.0,320.0,320.0,320.0,320.0,320.0,320.0,0.0,12996.717555474734,0,0,0,1.0,0.7,0.0,0.6,False,True,True,True,False,False,combined_feeder,행정동 단위 병의원 수 보조지표,전의면,C,"지선-BRT 환승 시간표 보정, 배차간격 조정",3,120
송강마을아파트,SJB186004313,36.4376,127.38602,"661,691","661,691",2,192.0,336.0,480.0,137.14285714285714,192.0,336.0,137.14285714285714,480.0,137.14285714285714,0.0,8160.660985747879,0,0,0,1.0,0.7,0.0,0.6,False,True,True,True,False,False,combined_feeder,행정동 단위 병의원 수 보조지표,집현동,C,"지선-BRT 환승 시간표 보정, 배차간격 조정",3,155
송곡1리,"SJB293018057,SJB293018058",36.630665,127.26607,"93,94","93,94",2,73.84615384615384,116.92307692307692,160.0,50.526315789473685,73.84615384615384,116.92307692307692,50.526315789473685,160.0,50.526315789473685,0.0,5724.893872689958,0,0,0,1.0,0.5894736842105264,0.0,0.561,False,True,True,False,False,False,combined_feeder,행정동 단위 병의원 수 보조지표,조치원읍,B,출퇴근·등하교 시간대 집중 모니터링,2,393
송곡1리(예비군훈련장),"SJB293018063,SJB293018064",36.62549,127.26840999999999,93,93,1,73.84615384615384,73.84615384615384,73.84615384615384,73.84615384615384,73.84615384615384,73.84615384615384,73.84615384615384,73.84615384615384,73.84615384615384,0.0,5421.207496144679,0,0,0,1.0,0.7,0.0,0.6,False,True,True,True,False,False,combined_feeder,행정동 단위 병의원 수 보조지표,조치원읍,C,"지선-BRT 환승 시간표 보정, 배차간격 조정",3,314
송곡2리,"SJB293018048,SJB293018049",36.630105,127.26034000000001,"93,94","93,94",2,73.84615384615384,116.92307692307692,160.0,50.526315789473685,73.84615384615384,116.92307692307692,50.526315789473685,160.0,50.526315789473685,0.0,6219.086818701815,0,0,0,1.0,0.5894736842105264,0.0,0.561,False,True,True,False,False,False,combined_feeder,행정동 단위 병의원 수 보조지표,조치원읍,B,출퇴근·등하교 시간대 집중 모니터링,2,392
송곡2리(능골),"SJB293018040,SJB293018042",36.629615,127.25679,"93,94","93,94",2,73.84615384615384,116.92307692307692,160.0,50.526315789473685,73.84615384615384,116.92307692307692,50.526315789473685,160.0,50.526315789473685,0.0,6515.985821522929,0,0,0,1.0,0.5894736842105264,0.0,0.561,False,True,True,False,False,False,combined_feeder,행정동 단위 병의원 수 보조지표,조치원읍,B,출퇴근·등하교 시간대 집중 모니터링,2,391
송곡보건진료소,"SJB293018065,SJB293018066",36.63072,127.269095,"93,94","93,94",2,73.84615384615384,116.92307692307692,160.0,50.526315789473685,73.84615384615384,116.92307692307692,50.526315789473685,160.0,50.526315789473685,0.0,5460.213661303008,0,0,0,1.0,0.5894736842105264,0.0,0.561,False,True,True,False,False,False,combined_feeder,행정동 단위 병의원 수 보조지표,조치원읍,B,출퇴근·등하교 시간대 집중 모니터링,2,394
송내리,"SJB285016013,SJB285016015",36.750775000000004,127.29251,910,910,1,320.0,320.0,320.0,320.0,320.0,320.0,320.0,320.0,320.0,0.0,15025.54538144565,0,0,0,1.0,0.7,0.0,0.6,False,True,True,True,False,False,combined_feeder,행정동 단위 병의원 수 보조지표,전의면,C,"지선-BRT 환승 시간표 보정, 배차간격 조정",3,113
송림사입구,"SJB293011046,SJB293011047",36.438955,127.2941,64,64,1,96.0,96.0,96.0,96.0,96.0,96.0,96.0,96.0,96.0,0.0,3830.0203304257648,0,0,0,1.0,0.7,0.0,0.6,False,True,True,True,False,False,combined_feeder,행정동 단위 병의원 수 보조지표,금남면,C,"지선-BRT 환승 시간표 보정, 배차간격 조정",3,275
송문리,"SJB293017065,SJB293017066",36.51762096,127.1936943,75,75,1,120.0,120.0,120.0,120.0,120.0,120.0,120.0,120.0,120.0,0.0,4263.187681330912,0,0,0,1.0,0.7,0.0,0.6,False,True,True,True,False,False,combined_feeder,행정동 단위 병의원 수 보조지표,장군면,C,"지선-BRT 환승 시간표 보정, 배차간격 조정",3,199
송문리(원송정),"SJB293017067,SJB293017068",36.513687000000004,127.1909455,75,75,1,120.0,120.0,120.0,120.0,120.0,120.0,120.0,120.0,120.0,0.0,4507.453084318466,0,0,0,1.0,0.7,0.0,0.6,False,True,True,True,False,False,combined_feeder,행정동 단위 병의원 수 보조지표,장군면,C,"지선-BRT 환승 시간표 보정, 배차간격 조정",3,191
송문리입구,"SJB293017010,SJB293017013",36.51471,127.197555,75,75,1,120.0,120.0,120.0,120.0,120.0,120.0,120.0,120.0,120.0,0.0,3939.0312530744586,0,0,0,1.0,0.7,0.0,0.6,False,True,True,True,False,False,combined_feeder,행정동 단위 병의원 수 보조지표,장군면,C,"지선-BRT 환승 시간표 보정, 배차간격 조정",3,207
송성1리,SJB293018009,36.645085,127.217546,"81,95","81,95",2,106.66666666666667,173.33333333333334,240.0,73.84615384615384,106.66666666666667,173.33333333333334,73.84615384615384,240.0,73.84615384615384,0.0,10315.70276607948,0,0,0,1.0,0.7,0.0,0.6,False,True,True,True,False,False,combined_feeder,행정동 단위 병의원 수 보조지표,전동면,C,"지선-BRT 환승 시간표 보정, 배차간격 조정",3,312
송성1리입구,"SJB293018004,SJB293018005",36.649588800000004,127.2135456,"81,95","81,95",2,106.66666666666667,173.33333333333334,240.0,73.84615384615384,106.66666666666667,173.33333333333334,73.84615384615384,240.0,73.84615384615384,0.0,10809.198912475988,0,0,0,1.0,0.7,0.0,0.6,False,True,True,True,False,False,combined_feeder,행정동 단위 병의원 수 보조지표,전동면,C,"지선-BRT 환승 시간표 보정, 배차간격 조정",3,311
송성2리입구,"SJB293018007,SJB293018008",36.662515,127.214325,"81,95","81,95",2,106.66666666666667,173.33333333333334,240.0,73.84615384615384,106.66666666666667,173.33333333333334,73.84615384615384,240.0,73.84615384615384,0.0,11271.85175229593,0,0,0,1.0,0.7,0.0,0.6,False,True,True,True,False,False,combined_feeder,행정동 단위 병의원 수 보조지표,전동면,C,"지선-BRT 환승 시간표 보정, 배차간격 조정",3,309
송성3리(솔티),SJB293018012,36.63605,127.2174,"81,95","81,95",2,106.66666666666667,173.33333333333334,240.0,73.84615384615384,106.66666666666667,173.33333333333334,73.84615384615384,240.0,73.84615384615384,0.0,10096.248003702625,0,0,0,1.0,0.7,0.0,0.6,False,True,True,True,False,False,combined_feeder,행정동 단위 병의원 수 보조지표,전동면,C,"지선-BRT 환승 시간표 보정, 배차간격 조정",3,313
송용1리마을회관,"SJB293064281,SJB293064282",36.56418975,127.32638225,32,32,1,46.25,46.25,46.25,46.25,46.25,46.25,46.25,46.25,46.25,0.0,3635.7971433672355,0,2,0,1.0,0.5395833333333333,0.10242374307345076,0.574,False,True,True,False,False,False,combined_feeder,행정동 단위 병의원 수 보조지표,연동면,B,출퇴근·등하교 시간대 집중 모니터링,2,379
송용3리,"SJB293015001,SJB293015002",36.5603545,127.3037665,33,33,1,46.25,46.25,46.25,46.25,46.25,46.25,46.25,46.25,46.25,0.0,3099.357856703019,0,0,0,1.0,0.5395833333333333,0.0,0.543,False,True,True,False,False,False,combined_feeder,행정동 단위 병의원 수 보조지표,연동면,B,출퇴근·등하교 시간대 집중 모니터링,2,411
송용3리(신촌),"SJB293015004,SJB293015006",36.5689395,127.3081155,33,33,1,46.25,46.25,46.25,46.25,46.25,46.25,46.25,46.25,46.25,0.0,4133.848552400021,0,0,0,1.0,0.5395833333333333,0.0,0.543,False,True,True,False,False,False,combined_feeder,행정동 단위 병의원 수 보조지표,연동면,B,출퇴근·등하교 시간대 집중 모니터링,2,405
송용리,"SJB293015022,SJB293015026,SJB293064283,SJB293064284",36.5618073,127.323155125,"300,32","300,32",1,46.25,46.25,46.25,46.25,46.25,46.25,46.25,46.25,46.25,0.0,3351.602607282468,1,2,0,1.0,0.5395833333333333,0.30242374307345077,0.632,False,True,True,False,True,False,combined_feeder,행정동 단위 병의원 수 보조지표,연동면,D,쉘터·의자·안내정보 등 대기환경 우선 개선,4,50
송정1리,"SJB293018033,SJB293018034",36.62786,127.24622500000001,"93,94","93,94",2,73.84615384615384,116.92307692307692,160.0,50.526315789473685,73.84615384615384,116.92307692307692,50.526315789473685,160.0,50.526315789473685,0.0,7416.543772300635,0,0,0,1.0,0.5894736842105264,0.0,0.561,False,True,True,False,False,False,combined_feeder,행정동 단위 병의원 수 보조지표,전동면,B,출퇴근·등하교 시간대 집중 모니터링,2,389
송정1리(권고조경),"SJB293018035,SJB293018036",36.6286,127.25061,"93,94","93,94",2,73.84615384615384,116.92307692307692,160.0,50.526315789473685,73.84615384615384,116.92307692307692,50.526315789473685,160.0,50.526315789473685,0.0,7037.055036803098,0,0,0,1.0,0.5894736842105264,0.0,0.561,False,True,True,False,False,False,combined_feeder,행정동 단위 병의원 수 보조지표,조치원읍,B,출퇴근·등하교 시간대 집중 모니터링,2,390
송정1리(상소골),"SJB293018029,SJB293018030",36.627455,127.244115,"93,94","93,94",2,73.84615384615384,116.92307692307692,160.0,50.526315789473685,73.84615384615384,116.92307692307692,50.526315789473685,160.0,50.526315789473685,0.0,7594.2453351209615,0,0,0,1.0,0.5894736842105264,0.0,0.561,False,True,True,False,False,False,combined_feeder,행정동 단위 병의원 수 보조지표,전동면,B,출퇴근·등하교 시간대 집중 모니터링,2,388
송정2리(구리골),"SJB293018025,SJB293018026",36.626099999999994,127.23617999999999,"93,94","93,94",2,73.84615384615384,116.92307692307692,160.0,50.526315789473685,73.84615384615384,116.92307692307692,50.526315789473685,160.0,50.526315789473685,0.0,8282.405294110793,0,0,0,1.0,0.5894736842105264,0.0,0.561,False,True,True,False,False,False,combined_feeder,행정동 단위 병의원 수 보조지표,전동면,B,출퇴근·등하교 시간대 집중 모니터링,2,386
송정리,"SJB293018020,SJB293064336",36.62512555,127.23251475,"93,94","93,94",2,73.84615384615384,116.92307692307692,160.0,50.526315789473685,73.84615384615384,116.92307692307692,50.526315789473685,160.0,50.526315789473685,0.0,8600.02285191472,0,0,0,1.0,0.5894736842105264,0.0,0.561,False,True,True,False,False,False,combined_feeder,행정동 단위 병의원 수 보조지표,전동면,B,출퇴근·등하교 시간대 집중 모니터링,2,385
송정리(행골),"SJB293018027,SJB293018028",36.62744,127.24124499999999,"93,94","93,94",2,73.84615384615384,116.92307692307692,160.0,50.526315789473685,73.84615384615384,116.92307692307692,50.526315789473685,160.0,50.526315789473685,0.0,7855.903920786592,0,0,0,1.0,0.5894736842105264,0.0,0.561,False,True,True,False,False,False,combined_feeder,행정동 단위 병의원 수 보조지표,전동면,B,출퇴근·등하교 시간대 집중 모니터링,2,387
송학2리(하나로마트),"SJB293017004,SJB293017005",36.538265,127.19095999999999,75,75,1,120.0,120.0,120.0,120.0,120.0,120.0,120.0,120.0,120.0,0.0,5144.499126525037,0,0,0,1.0,0.7,0.0,0.6,False,True,True,True,False,False,combined_feeder,행정동 단위 병의원 수 보조지표,장군면,C,"지선-BRT 환승 시간표 보정, 배차간격 조정",3,179
수산리,SJB293014001,36.5408579,127.2307892,16,16,1,120.0,120.0,120.0,120.0,120.0,120.0,120.0,120.0,120.0,0.0,2723.7134572238947,0,0,0,1.0,0.7,0.0,0.6,False,True,True,True,False,False,combined_feeder,행정동 단위 병의원 수 보조지표,아름동,C,"지선-BRT 환승 시간표 보정, 배차간격 조정",3,226
수산리(방아다리),"SJB293014002,SJB293014003",36.544439999999994,127.23692,16,16,1,120.0,120.0,120.0,120.0,120.0,120.0,120.0,120.0,120.0,0.0,2918.0118408080866,0,0,0,1.0,0.7,0.0,0.6,False,True,True,True,False,False,combined_feeder,행정동 단위 병의원 수 보조지표,해밀동,C,"지선-BRT 환승 시간표 보정, 배차간격 조정",3,222
수산리교차로,"SJB293064490,SJB293064491",36.5380389,127.23402924999999,16,16,1,120.0,120.0,120.0,120.0,120.0,120.0,120.0,120.0,120.0,0.0,2335.732808708835,0,0,0,1.0,0.7,0.0,0.6,False,True,True,True,False,False,combined_feeder,행정동 단위 병의원 수 보조지표,아름동,C,"지선-BRT 환승 시간표 보정, 배차간격 조정",3,230
수신면사무소,"SJB285016011,SJB285016016",36.730965,127.28169,910,910,1,320.0,320.0,320.0,320.0,320.0,320.0,320.0,320.0,320.0,0.0,13105.996965844632,0,0,0,1.0,0.7,0.0,0.6,False,True,True,True,False,False,combined_feeder,행정동 단위 병의원 수 보조지표,전의면,C,"지선-BRT 환승 시간표 보정, 배차간격 조정",3,119
수신초등학교,"SJB285016010,SJB285016017",36.732820000000004,127.28421499999999,910,910,1,320.0,320.0,320.0,320.0,320.0,320.0,320.0,320.0,320.0,0.0,13228.547702017173,0,0,0,1.0,0.7,0.0,0.6,False,True,True,True,False,False,combined_feeder,행정동 단위 병의원 수 보조지표,전의면,C,"지선-BRT 환승 시간표 보정, 배차간격 조정",3,118
수왕초등학교,"SJB293014010,SJB293014011",36.54503,127.25494499999999,16,16,1,120.0,120.0,120.0,120.0,120.0,120.0,120.0,120.0,120.0,0.0,1917.6385715069212,1,0,0,0.9588192857534605,0.7,0.19999999999999998,0.644,False,True,True,True,True,False,combined_feeder,행정동 단위 병의원 수 보조지표,연기면,E,배차 조정 + 두루타버스 연계 + 정류장 개선 패키지,5,38
시목1리,"SJB274020014,SJB274020044",36.490515,127.41053,300,300,1,40.0,40.0,40.0,40.0,40.0,40.0,40.0,40.0,40.0,0.0,7414.774190256259,0,0,0,1.0,0.4666666666666666,0.0,0.518,False,True,True,False,False,False,combined_feeder,행정동 단위 병의원 수 보조지표,부강면,B,출퇴근·등하교 시간대 집중 모니터링,2,450
시목리,"SJB274020015,SJB274020045",36.489760000000004,127.414435,300,300,1,40.0,40.0,40.0,40.0,40.0,40.0,40.0,40.0,40.0,0.0,7776.211137091099,0,0,0,1.0,0.4666666666666666,0.0,0.518,False,True,True,False,False,False,combined_feeder,행정동 단위 병의원 수 보조지표,부강면,B,출퇴근·등하교 시간대 집중 모니터링,2,449
"시목리, 현도중학교",SJB274020012,36.48395,127.42431,300,300,1,40.0,40.0,40.0,40.0,40.0,40.0,40.0,40.0,40.0,0.0,8761.280762973876,0,0,0,1.0,0.4666666666666666,0.0,0.518,False,True,True,False,False,False,combined_feeder,행정동 단위 병의원 수 보조지표,부강면,B,출퇴근·등하교 시간대 집중 모니터링,2,447
신대1리,"SJB293016056,SJB293016058",36.57809,127.251525,"72,73","72,73",2,120.0,540.0,960.0,106.66666666666667,120.0,540.0,106.66666666666667,960.0,106.66666666666667,0.0,5375.278400068256,0,0,0,1.0,0.7,0.0,0.6,False,True,True,True,False,False,combined_feeder,행정동 단위 병의원 수 보조지표,연서면,C,"지선-BRT 환승 시간표 보정, 배차간격 조정",3,241
신대1리마을회관,"SJB293016055,SJB293016057,SJB293064186",36.5813232,127.25151629999999,"72,73,86","72,73,86",3,120.0,440.0,960.0,120.0,120.0,440.0,120.0,960.0,120.0,0.0,5718.423724367625,1,0,0,1.0,0.7,0.19999999999999998,0.659,False,True,True,True,True,False,combined_feeder,행정동 단위 병의원 수 보조지표,연서면,E,배차 조정 + 두루타버스 연계 + 정류장 개선 패키지,5,27
신대2리(송적골),"SJB293016027,SJB293016028",36.590095000000005,127.23335,"72,86","72,86",2,240.0,240.0,240.0,240.0,240.0,240.0,240.0,240.0,240.0,0.0,7281.462201911682,0,0,0,1.0,0.7,0.0,0.6,False,True,True,True,False,False,combined_feeder,행정동 단위 병의원 수 보조지표,연서면,C,"지선-BRT 환승 시간표 보정, 배차간격 조정",3,134
신대2리(의넘어),"SJB293064184,SJB293064185",36.589082250000004,127.23956005,"72,86","72,86",2,120.0,180.0,240.0,80.0,120.0,180.0,80.0,240.0,80.0,0.0,6937.506450209499,0,0,0,1.0,0.7,0.0,0.6,False,True,True,True,False,False,combined_feeder,행정동 단위 병의원 수 보조지표,연서면,C,"지선-BRT 환승 시간표 보정, 배차간격 조정",3,305
신대2리마을회관,"SJB293016047,SJB293016048",36.58463999999999,127.24808999999999,"72,86","72,86",2,120.0,180.0,240.0,80.0,120.0,180.0,80.0,240.0,80.0,0.0,6168.45400538443,0,0,0,1.0,0.7,0.0,0.6,False,True,True,True,False,False,combined_feeder,행정동 단위 병의원 수 보조지표,연서면,C,"지선-BRT 환승 시간표 보정, 배차간격 조정",3,306
신동,"SJB186004397,SJB293064197",36.4751988,127.36995645,"69,691","69,691",2,192.0,256.0,320.0,120.0,192.0,256.0,120.0,320.0,120.0,0.0,4690.1913880194525,0,0,0,1.0,0.7,0.0,0.6,False,True,True,True,False,False,combined_feeder,행정동 단위 병의원 수 보조지표,집현동,C,"지선-BRT 환승 시간표 보정, 배차간격 조정",3,184
신동1통,"SJB186004391,SJB186004392",36.475115,127.367055,"69,691","69,691",2,192.0,256.0,320.0,120.0,192.0,256.0,120.0,320.0,120.0,0.0,4487.786790047918,0,0,0,1.0,0.7,0.0,0.6,False,True,True,True,False,False,combined_feeder,행정동 단위 병의원 수 보조지표,집현동,C,"지선-BRT 환승 시간표 보정, 배차간격 조정",3,192
신동2통,"SJB186004393,SJB186004394",36.474605,127.37278,"69,691","69,691",2,192.0,256.0,320.0,120.0,192.0,256.0,120.0,320.0,120.0,0.0,4927.699439421838,0,0,0,1.0,0.7,0.0,0.6,False,True,True,True,False,False,combined_feeder,행정동 단위 병의원 수 보조지표,집현동,C,"지선-BRT 환승 시간표 보정, 배차간격 조정",3,181
신동아아파트,SJB293001081,36.59199,127.29667,74,74,1,120.0,120.0,120.0,120.0,120.0,120.0,120.0,120.0,120.0,0.0,4165.561598680954,0,0,0,1.0,0.7,0.0,0.6,False,True,True,True,False,False,combined_feeder,행정동 단위 병의원 수 보조지표,조치원읍,C,"지선-BRT 환승 시간표 보정, 배차간격 조정",3,202
신방1리(신암골),"SJB293019028,SJB293019029",36.650995,127.18470500000001,"82,86","82,86",2,96.0,168.0,240.0,68.57142857142857,96.0,168.0,68.57142857142857,240.0,68.57142857142857,0.0,13321.324572543755,0,0,0,1.0,0.7,0.0,0.6,False,True,True,True,False,False,combined_feeder,행정동 단위 병의원 수 보조지표,전동면,C,"지선-BRT 환승 시간표 보정, 배차간격 조정",3,320
신방2리마을회관,"SJB293019074,SJB293019075",36.676055000000005,127.20614,81,81,1,106.66666666666667,106.66666666666667,106.66666666666667,106.66666666666667,106.66666666666667,106.66666666666667,106.66666666666667,106.66666666666667,106.66666666666667,0.0,12625.645301124308,0,0,0,1.0,0.7,0.0,0.6,False,True,True,True,False,False,combined_feeder,행정동 단위 병의원 수 보조지표,전의면,C,"지선-BRT 환승 시간표 보정, 배차간격 조정",3,233
신봉초등학교,"SJB293001036,SJB293001040",36.60226,127.28990999999999,"11,12,71","11,12,71",2,30.0,75.0,120.0,24.0,30.0,75.0,24.0,120.0,24.0,0.0,3951.041415314621,1,72,0,1.0,0.27999999999999997,0.6,0.628,False,True,False,False,True,True,combined_feeder,행정동 단위 병의원 수 보조지표,조치원읍,B,출퇴근·등하교 시간대 집중 모니터링,2,359
신안1리,SJB293001047,36.61865,127.29090999999998,"91,910,92,94,95","91,910,92,94,95",5,120.0,192.0,320.0,33.10344827586207,120.0,192.0,33.10344827586207,320.0,33.10344827586207,0.0,3364.5298293135693,0,72,0,1.0,0.38620689655172413,0.4,0.607,False,True,True,False,True,True,combined_feeder,행정동 단위 병의원 수 보조지표,조치원읍,D,쉘터·의자·안내정보 등 대기환경 우선 개선,4,54
신안1리입구,"SJB293001049,SJB293001050",36.613625,127.29112500000001,"11,12,91,910,92,94,95","11,12,91,910,92,94,95",6,30.0,165.0,320.0,15.737704918032788,30.0,165.0,15.737704918032788,320.0,15.737704918032788,0.0,3409.374797944845,0,72,0,1.0,0.18360655737704917,0.4,0.535,False,True,False,False,True,True,combined_feeder,행정동 단위 병의원 수 보조지표,조치원읍,B,출퇴근·등하교 시간대 집중 모니터링,2,426
신안2리(안터),"SJB293001034,SJB293001039",36.626425,127.289845,"91,910,92,94,95","91,910,92,94,95",5,120.0,192.0,320.0,33.10344827586207,120.0,192.0,33.10344827586207,320.0,33.10344827586207,0.0,3558.5651114218886,0,0,0,1.0,0.38620689655172413,0.0,0.489,False,True,True,False,False,False,combined_feeder,행정동 단위 병의원 수 보조지표,조치원읍,B,출퇴근·등하교 시간대 집중 모니터링,2,472
신안2리입구,"SJB293001030,SJB293001031",36.629000000000005,127.28909000000002,"91,910,92,94,95","91,910,92,94,95",5,120.0,192.0,320.0,33.10344827586207,120.0,192.0,33.10344827586207,320.0,33.10344827586207,0.0,3695.4277550102483,0,0,0,1.0,0.38620689655172413,0.0,0.489,False,True,True,False,False,False,combined_feeder,행정동 단위 병의원 수 보조지표,조치원읍,B,출퇴근·등하교 시간대 집중 모니터링,2,471
신안리마을회관,"SJB293001021,SJB293001022",36.616460000000004,127.28707,"11,12,91,910,92,94,95","11,12,91,910,92,94,95",6,30.0,165.0,320.0,15.737704918032788,30.0,165.0,15.737704918032788,320.0,15.737704918032788,0.0,3729.8466034850226,0,72,0,1.0,0.18360655737704917,0.4,0.535,False,True,False,False,True,True,combined_feeder,행정동 단위 병의원 수 보조지표,조치원읍,B,출퇴근·등하교 시간대 집중 모니터링,2,423
신정1리,"SJB293019083,SJB293064338",36.691583550000004,127.2146972,84,84,1,96.0,96.0,96.0,96.0,96.0,96.0,96.0,96.0,96.0,0.0,12958.46331267452,0,9,0,1.0,0.7,0.2146702584726201,0.663,False,True,True,True,False,False,combined_feeder,행정동 단위 병의원 수 보조지표,전의면,C,"지선-BRT 환승 시간표 보정, 배차간격 조정",3,77
신정2리,"SJB293019086,SJB293064339",36.694662949999994,127.2199115,84,84,1,96.0,96.0,96.0,96.0,96.0,96.0,96.0,96.0,96.0,0.0,12820.540477783385,0,0,0,1.0,0.7,0.0,0.6,False,True,True,True,False,False,combined_feeder,행정동 단위 병의원 수 보조지표,전의면,C,"지선-BRT 환승 시간표 보정, 배차간격 조정",3,263
신촌리,"SJB293058003,SJB293058004",36.473595,127.28822,"66,661,67,69,691","66,661,67,69,691",5,106.66666666666667,247.16190476190476,480.0,36.92307692307693,106.66666666666667,247.16190476190476,36.92307692307693,480.0,36.92307692307693,0.0,546.7044849186352,2,22,0,0.2733522424593176,0.4307692307692308,0.6923224665272583,0.452,False,True,True,False,True,True,combined_feeder,행정동 단위 병의원 수 보조지표,보람동,D,쉘터·의자·안내정보 등 대기환경 우선 개선,4,68
신탄진동행정복지센터,"SJB187001378,SJB187001379",36.452445,127.42872105000001,300,300,1,40.0,40.0,40.0,40.0,40.0,40.0,40.0,40.0,40.0,0.0,10492.830718161076,0,0,0,1.0,0.4666666666666666,0.0,0.518,False,True,True,False,False,False,combined_feeder,행정동 단위 병의원 수 보조지표,부강면,B,출퇴근·등하교 시간대 집중 모니터링,2,441
신탄진역,"SJB187000270,SJB187000280",36.4493839,127.429138,300,300,1,40.0,40.0,40.0,40.0,40.0,40.0,40.0,40.0,40.0,0.0,10696.177814493,0,0,0,1.0,0.4666666666666666,0.0,0.518,False,True,True,False,False,False,combined_feeder,행정동 단위 병의원 수 보조지표,부강면,B,출퇴근·등하교 시간대 집중 모니터링,2,440
신흥3리,"SJB293064502,SJB293064503",36.5956585,127.2909325,"11,12","11,12",1,30.0,30.0,30.0,30.0,30.0,30.0,30.0,30.0,30.0,0.0,4280.364919297841,2,0,0,1.0,0.35,0.39999999999999997,0.594,False,True,True,False,True,False,combined_feeder,행정동 단위 병의원 수 보조지표,조치원읍,D,쉘터·의자·안내정보 등 대기환경 우선 개선,4,55
신흥리,"SJB293019045,SJB293019046",36.663534999999996,127.191025,"82,86","82,86",2,96.0,168.0,240.0,68.57142857142857,96.0,168.0,68.57142857142857,240.0,68.57142857142857,0.0,13229.47443929686,0,0,0,1.0,0.7,0.0,0.6,False,True,True,True,False,False,combined_feeder,행정동 단위 병의원 수 보조지표,전의면,C,"지선-BRT 환승 시간표 보정, 배차간격 조정",3,322
신흥리(사사),"SJB293019055,SJB293064320",36.669374000000005,127.194261,"82,86","82,86",2,96.0,168.0,240.0,68.57142857142857,96.0,168.0,68.57142857142857,240.0,68.57142857142857,0.0,13220.51226525809,0,0,0,1.0,0.7,0.0,0.6,False,True,True,True,False,False,combined_feeder,행정동 단위 병의원 수 보조지표,전의면,C,"지선-BRT 환승 시간표 보정, 배차간격 조정",3,325
신흥사거리,"SJB293064033,SJB293064034",36.5944711,127.29112860000001,72,72,1,120.0,120.0,120.0,120.0,120.0,120.0,120.0,120.0,120.0,0.0,4349.05414025206,2,0,0,1.0,0.7,0.39999999999999997,0.718,False,True,True,True,True,False,combined_feeder,행정동 단위 병의원 수 보조지표,조치원읍,E,배차 조정 + 두루타버스 연계 + 정류장 개선 패키지,5,9
신흥주공아파트,"SJB293001037,SJB293001038",36.595165,127.28973,"11,12,13,71,72,76,86","11,12,13,71,72,76,86",5,30.0,294.0,960.0,18.11320754716981,30.0,294.0,18.11320754716981,960.0,18.11320754716981,0.0,4391.462471443587,2,0,0,1.0,0.2113207547169811,0.39999999999999997,0.545,False,True,False,False,True,False,combined_feeder,행정동 단위 병의원 수 보조지표,조치원읍,B,출퇴근·등하교 시간대 집중 모니터링,2,401
신흥푸르지오,"SJB293064506,SJB293064507",36.59144445,127.28993209999999,"11,12","11,12",1,30.0,30.0,30.0,30.0,30.0,30.0,30.0,30.0,30.0,0.0,4646.923454014344,0,0,0,1.0,0.35,0.0,0.476,False,True,True,False,False,False,combined_feeder,행정동 단위 병의원 수 보조지표,연서면,B,출퇴근·등하교 시간대 집중 모니터링,2,483
실광주유소,"SJB293014032,SJB293014033",36.55415,127.277375,"16,17","16,17",2,120.0,140.0,160.0,68.57142857142857,120.0,140.0,68.57142857142857,160.0,68.57142857142857,0.0,2290.50998309607,0,0,0,1.0,0.7,0.0,0.6,False,True,True,True,False,False,combined_feeder,행정동 단위 병의원 수 보조지표,연기면,C,"지선-BRT 환승 시간표 보정, 배차간격 조정",3,330
심중1리,"SJB293018081,SJB293018082",36.644535,127.27598,"91,910,92,95","91,910,92,95",4,120.0,200.0,320.0,41.73913043478261,120.0,200.0,41.73913043478261,320.0,41.73913043478261,0.0,5471.7968657375395,0,0,0,1.0,0.4869565217391304,0.0,0.525,False,True,True,False,False,False,combined_feeder,행정동 단위 병의원 수 보조지표,조치원읍,B,출퇴근·등하교 시간대 집중 모니터링,2,435
심중2리,"SJB293018085,SJB293018086",36.665375,127.292225,91,91,1,120.0,120.0,120.0,120.0,120.0,120.0,120.0,120.0,120.0,0.0,6070.599028502325,0,0,0,1.0,0.7,0.0,0.6,False,True,True,True,False,False,combined_feeder,행정동 단위 병의원 수 보조지표,전동면,C,"지선-BRT 환승 시간표 보정, 배차간격 조정",3,176
심중2리입구,"SJB293018071,SJB293018072,SJB293018083,SJB293018084",36.6536825,127.27605750000001,"91,910,92,95","91,910,92,95",4,120.0,200.0,320.0,120.0,120.0,200.0,120.0,320.0,120.0,0.0,6165.7801247620355,0,0,0,1.0,0.7,0.0,0.6,False,True,True,True,False,False,combined_feeder,행정동 단위 병의원 수 보조지표,전동면,C,"지선-BRT 환승 시간표 보정, 배차간격 조정",3,174
심중리시민스포츠센터,SJB293018087,36.6704,127.29874,91,91,1,120.0,120.0,120.0,120.0,120.0,120.0,120.0,120.0,120.0,0.0,6274.569818776834,0,0,0,1.0,0.7,0.0,0.6,False,True,True,True,False,False,combined_feeder,행정동 단위 병의원 수 보조지표,전동면,C,"지선-BRT 환승 시간표 보정, 배차간격 조정",3,173
쌍류리,"SJB293016010,SJB293016011",36.598955000000004,127.22178500000001,"71,86","71,86",2,120.0,180.0,240.0,80.0,120.0,180.0,80.0,240.0,80.0,0.0,8606.031276595571,0,0,0,1.0,0.7,0.0,0.6,False,True,True,True,False,False,combined_feeder,행정동 단위 병의원 수 보조지표,연서면,C,"지선-BRT 환승 시간표 보정, 배차간격 조정",3,302
쌍류리(수디산),SJB293064411,36.609737,127.217233,71,71,1,120.0,120.0,120.0,120.0,120.0,120.0,120.0,120.0,120.0,0.0,9859.391420622469,0,0,0,1.0,0.7,0.0,0.6,False,True,True,True,False,False,combined_feeder,행정동 단위 병의원 수 보조지표,연서면,C,"지선-BRT 환승 시간표 보정, 배차간격 조정",3,156
쌍류리(월정마을),"SJB293064321,SJB293064322",36.59523235,127.21760145,86,86,1,240.0,240.0,240.0,240.0,240.0,240.0,240.0,240.0,240.0,0.0,8420.883017114576,0,0,0,1.0,0.7,0.0,0.6,False,True,True,True,False,False,combined_feeder,행정동 단위 병의원 수 보조지표,연서면,C,"지선-BRT 환승 시간표 보정, 배차간격 조정",3,129
쌍류리입구,"SJB293064038,SJB293064039",36.5967533,127.21842885000001,"71,86","71,86",2,120.0,180.0,240.0,80.0,120.0,180.0,80.0,240.0,80.0,0.0,8534.531253658655,0,0,0,1.0,0.7,0.0,0.6,False,True,True,True,False,False,combined_feeder,행정동 단위 병의원 수 보조지표,연서면,C,"지선-BRT 환승 시간표 보정, 배차간격 조정",3,304
쌍류보건진료소,"SJB293016004,SJB293016005",36.5946,127.213585,"71,86","71,86",2,120.0,180.0,240.0,80.0,120.0,180.0,80.0,240.0,80.0,0.0,8540.7648091698,0,0,0,1.0,0.7,0.0,0.6,False,True,True,True,False,False,combined_feeder,행정동 단위 병의원 수 보조지표,연서면,C,"지선-BRT 환승 시간표 보정, 배차간격 조정",3,303
쌍류초등학교,"SJB293064318,SJB293064319",36.59760325,127.2085565,86,86,1,240.0,240.0,240.0,240.0,240.0,240.0,240.0,240.0,240.0,0.0,9075.377485672887,1,0,0,1.0,0.7,0.19999999999999998,0.659,False,True,True,True,True,False,combined_feeder,행정동 단위 병의원 수 보조지표,연서면,E,배차 조정 + 두루타버스 연계 + 정류장 개선 패키지,5,23
쌍전리,"SJB293064044,SJB293064333",36.5751217,127.27267090000001,74,74,1,120.0,120.0,120.0,120.0,120.0,120.0,120.0,120.0,120.0,0.0,4579.427110476587,0,0,0,1.0,0.7,0.0,0.6,False,True,True,True,False,False,combined_feeder,행정동 단위 병의원 수 보조지표,연서면,C,"지선-BRT 환승 시간표 보정, 배차간격 조정",3,188
쌍전리(우리요양원),"SJB293016090,SJB293016091",36.578075,127.26929999999999,74,74,1,120.0,120.0,120.0,120.0,120.0,120.0,120.0,120.0,120.0,0.0,4934.026652480144,0,0,0,1.0,0.7,0.0,0.6,False,True,True,True,False,False,combined_feeder,행정동 단위 병의원 수 보조지표,연서면,C,"지선-BRT 환승 시간표 보정, 배차간격 조정",3,180
쌍전리(창현),SJB293064187,36.5800984,127.2808446,"74,76","74,76",2,120.0,540.0,960.0,106.66666666666667,120.0,540.0,106.66666666666667,960.0,106.66666666666667,0.0,5128.754350232658,0,0,0,1.0,0.7,0.0,0.6,False,True,True,True,False,False,combined_feeder,행정동 단위 병의원 수 보조지표,연서면,C,"지선-BRT 환승 시간표 보정, 배차간격 조정",3,242
쌍전리마을회관,SJB293016105,36.57776,127.27925,"74,76","74,76",2,120.0,540.0,960.0,106.66666666666667,120.0,540.0,106.66666666666667,960.0,106.66666666666667,0.0,4860.493876536233,0,0,0,1.0,0.7,0.0,0.6,False,True,True,True,False,False,combined_feeder,행정동 단위 병의원 수 보조지표,연서면,C,"지선-BRT 환승 시간표 보정, 배차간격 조정",3,243
아람달동림권역체험관,"SJB293018031,SJB293018032",36.66554,127.24472,95,95,1,240.0,240.0,240.0,240.0,240.0,240.0,240.0,240.0,240.0,0.0,9088.874734410989,0,3,0,1.0,0.7,0.1292443739543971,0.638,False,True,True,True,False,False,combined_feeder,행정동 단위 병의원 수 보조지표,전동면,C,"지선-BRT 환승 시간표 보정, 배차간격 조정",3,89
아름제2중(가락마을20단지),"SJB293064471,SJB293064476",36.51663925,127.2416179,B5,,1,17.5,17.5,17.5,17.5,17.5,17.5,17.5,17.5,17.5,5.0,0.0,4,31,0,0.0,0.2791666666666667,1.0,0.393,True,False,False,False,True,True,combined_feeder,행정동 단위 병의원 수 보조지표,아름동,A,현행 유지 및 정기 모니터링,1,
아름초등학교,"SJB293061006,SJB293064055",36.51502935,127.25088579999999,1004,1004,1,16.0,16.0,16.0,16.0,16.0,16.0,16.0,16.0,16.0,8.0,501.1413049832618,3,31,0,0.2505706524916309,0.30666666666666664,0.9231109348859927,0.468,False,True,False,False,True,True,combined_feeder,행정동 단위 병의원 수 보조지표,아름동,B,출퇴근·등하교 시간대 집중 모니터링,2,490
아시아제지기숙사,"SJB293012018,SJB293012019",36.491215,127.366515,35,35,1,87.27272727272727,87.27272727272727,87.27272727272727,87.27272727272727,87.27272727272727,87.27272727272727,87.27272727272727,87.27272727272727,87.27272727272727,0.0,3579.8003208744467,0,0,0,1.0,0.7,0.0,0.6,False,True,True,True,False,False,combined_feeder,행정동 단위 병의원 수 보조지표,집현동,C,"지선-BRT 환승 시간표 보정, 배차간격 조정",3,294
양곡리,"SJB293019020,SJB293019021",36.643195000000006,127.17703499999999,"82,86","82,86",2,96.0,168.0,240.0,68.57142857142857,96.0,168.0,68.57142857142857,240.0,68.57142857142857,0.0,13789.353064322317,0,0,0,1.0,0.7,0.0,0.6,False,True,True,True,False,False,combined_feeder,행정동 단위 병의원 수 보조지표,전동면,C,"지선-BRT 환승 시간표 보정, 배차간격 조정",3,318
양세오충각,"SJB293015020,SJB293015021",36.578445,127.321835,"300,31,32","300,31,32",3,40.0,44.166666666666664,46.25,14.653465346534654,40.0,44.166666666666664,14.653465346534654,46.25,14.653465346534654,0.0,4590.3416321869545,0,0,0,1.0,0.17095709570957096,0.0,0.413,False,True,False,False,False,False,combined_feeder,행정동 단위 병의원 수 보조지표,연동면,B,출퇴근·등하교 시간대 집중 모니터링,2,527
양지2리,SJB274020018,36.4593,127.42696,300,300,1,40.0,40.0,40.0,40.0,40.0,40.0,40.0,40.0,40.0,0.0,9952.079159985029,0,0,0,1.0,0.4666666666666666,0.0,0.518,False,True,True,False,False,False,combined_feeder,행정동 단위 병의원 수 보조지표,부강면,B,출퇴근·등하교 시간대 집중 모니터링,2,442
양지리,SJB274020017,36.4592,127.42668,300,300,1,40.0,40.0,40.0,40.0,40.0,40.0,40.0,40.0,40.0,0.0,9935.079923481197,0,0,0,1.0,0.4666666666666666,0.0,0.518,False,True,True,False,False,False,combined_feeder,행정동 단위 병의원 수 보조지표,부강면,B,출퇴근·등하교 시간대 집중 모니터링,2,443
양지중학교,SJB293056008,36.50843,127.26785,203,203,1,12.5,12.5,12.5,12.5,12.5,12.5,12.5,12.5,12.5,5.0,679.1492067179179,3,33,0,0.33957460335895895,0.22083333333333333,0.9287629749668292,0.471,False,True,False,False,True,True,combined_feeder,행정동 단위 병의원 수 보조지표,어진동,B,출퇴근·등하교 시간대 집중 모니터링,2,489
"양지중학교(한뜰마을1,2단지)",SJB293062024,36.50712,127.26767,"203,221,52","203,221,52",3,12.5,18.333333333333332,30.0,5.172413793103448,12.5,18.333333333333332,5.172413793103448,30.0,5.172413793103448,5.0,596.3288515171838,3,33,0,0.2981644257585919,0.1353448275862069,0.9287629749668292,0.426,False,True,False,False,True,True,combined_feeder,행정동 단위 병의원 수 보조지표,어진동,B,출퇴근·등하교 시간대 집중 모니터링,2,521
어진중학교(가재마을9단지),"SJB293062002,SJB293062003",36.498794000000004,127.25497375,"201,203,B5","201,203",3,12.5,15.0,17.5,4.906542056074766,12.5,13.75,6.818181818181818,15.0,6.818181818181818,10.0,0.0,3,20,0,0.0,0.22954545454545455,0.8838411577580159,0.341,True,False,False,False,True,True,combined_feeder,행정동 단위 병의원 수 보조지표,다정동,A,현행 유지 및 정기 모니터링,1,
연기2리마을회관,"SJB293014039,SJB293064273",36.5422421,127.28021874999999,17,17,1,160.0,160.0,160.0,160.0,160.0,160.0,160.0,160.0,160.0,0.0,971.1153903572344,1,1,0,0.48555769517861724,0.7,0.2646221869771985,0.496,False,True,True,True,True,False,combined_feeder,행정동 단위 병의원 수 보조지표,연기면,E,배차 조정 + 두루타버스 연계 + 정류장 개선 패키지,5,45
연기리,"SJB293014028,SJB293014030",36.544565000000006,127.276975,"16,17","16,17",2,120.0,140.0,160.0,68.57142857142857,120.0,140.0,68.57142857142857,160.0,68.57142857142857,0.0,1192.9496728015397,1,1,0,0.5964748364007698,0.7,0.2646221869771985,0.535,False,True,True,True,True,False,combined_feeder,행정동 단위 병의원 수 보조지표,연기면,E,배차 조정 + 두루타버스 연계 + 정류장 개선 패키지,5,42
연기면사무소,"SJB293014021,SJB293014023",36.542355,127.274225,16,16,1,120.0,120.0,120.0,120.0,120.0,120.0,120.0,120.0,120.0,0.0,944.8887747360511,1,1,0,0.4724443873680256,0.7,0.2646221869771985,0.492,False,True,True,True,True,False,combined_feeder,행정동 단위 병의원 수 보조지표,연기면,E,배차 조정 + 두루타버스 연계 + 정류장 개선 패키지,5,46
연기산업단지,"SJB293014018,SJB293014019",36.543715,127.26682,16,16,1,120.0,120.0,120.0,120.0,120.0,120.0,120.0,120.0,120.0,0.0,1341.2090932241808,0,1,0,0.6706045466120905,0.7,0.06462218697719856,0.503,False,True,True,True,False,False,combined_feeder,행정동 단위 병의원 수 보조지표,연기면,C,"지선-BRT 환승 시간표 보정, 배차간격 조정",3,352
연동면 복합커뮤니티센터,"SJB293064414,SJB293064415",36.555044499999994,127.32668000000001,"300,32","300,32",2,40.0,43.125,46.25,21.44927536231884,40.0,43.125,21.44927536231884,46.25,21.44927536231884,0.0,2639.083796693617,1,2,0,1.0,0.2502415458937198,0.30242374307345077,0.53,False,True,False,False,True,False,combined_feeder,행정동 단위 병의원 수 보조지표,연동면,B,출퇴근·등하교 시간대 집중 모니터링,2,432
연동중학교,"SJB293015035,SJB293015036,SJB293064345,SJB293064346",36.552817425,127.3281525,"300,32,33","300,32,33",2,46.25,46.25,46.25,46.25,46.25,46.25,46.25,46.25,46.25,0.0,2450.990914013114,1,2,0,1.0,0.5395833333333333,0.30242374307345077,0.632,False,True,True,False,True,False,combined_feeder,행정동 단위 병의원 수 보조지표,연동면,D,쉘터·의자·안내정보 등 대기환경 우선 개선,4,52
연서감리교회,"SJB293016065,SJB293016066",36.57763,127.25617,"72,73","72,73",2,120.0,540.0,960.0,120.0,120.0,540.0,120.0,960.0,120.0,0.0,5167.035894478061,1,0,0,1.0,0.7,0.19999999999999998,0.659,False,True,True,True,True,False,combined_feeder,행정동 단위 병의원 수 보조지표,연서면,E,배차 조정 + 두루타버스 연계 + 정류장 개선 패키지,5,28
연서면사무소,"SJB293016094,SJB293016095",36.591939999999994,127.271375,"71,72,73,76,86","71,72,73,76,86",4,120.0,360.0,960.0,45.714285714285715,120.0,360.0,45.714285714285715,960.0,45.714285714285715,0.0,5968.920062770019,0,7,0,1.0,0.5333333333333333,0.19386656093159566,0.598,False,True,True,False,False,False,combined_feeder,행정동 단위 병의원 수 보조지표,연서면,B,출퇴근·등하교 시간대 집중 모니터링,2,363
연서중학교,"SJB293016067,SJB293016068",36.58106,127.25686,"72,73,86","72,73,86",3,120.0,440.0,960.0,80.0,120.0,440.0,80.0,960.0,80.0,0.0,5514.288309966911,2,0,0,1.0,0.7,0.39999999999999997,0.718,False,True,True,True,True,False,combined_feeder,행정동 단위 병의원 수 보조지표,연서면,E,배차 조정 + 두루타버스 연계 + 정류장 개선 패키지,5,11
연서초등학교,"SJB293016064,SJB293016129",36.582008315,127.2538342,"72,73,86","72,73,86",3,120.0,440.0,960.0,80.0,120.0,440.0,80.0,960.0,80.0,0.0,5696.2322612695525,2,0,0,1.0,0.7,0.39999999999999997,0.718,False,True,True,True,True,False,combined_feeder,행정동 단위 병의원 수 보조지표,연서면,E,배차 조정 + 두루타버스 연계 + 정류장 개선 패키지,5,10
열병합발전소,"SJB293051003,SJB293051004",36.465265,127.24606499999999,"52,53,61","52,53,61",2,30.0,45.0,60.0,20.0,30.0,45.0,20.0,60.0,20.0,0.0,2240.2438818425608,0,1,0,1.0,0.2333333333333333,0.06462218697719856,0.454,False,True,False,False,False,False,combined_feeder,행정동 단위 병의원 수 보조지표,가람동,B,출퇴근·등하교 시간대 집중 모니터링,2,501
영곡2리,"SJB293011015,SJB293011016",36.45342,127.25684000000001,62,62,1,120.0,120.0,120.0,120.0,120.0,120.0,120.0,120.0,120.0,0.0,2726.4172901055263,0,0,0,1.0,0.7,0.0,0.6,False,True,True,True,False,False,combined_feeder,행정동 단위 병의원 수 보조지표,가람동,C,"지선-BRT 환승 시간표 보정, 배차간격 조정",3,225
영곡리,SJB293011017,36.45172,127.26405,62,62,1,120.0,120.0,120.0,120.0,120.0,120.0,120.0,120.0,120.0,0.0,2137.400787392474,0,0,0,1.0,0.7,0.0,0.6,False,True,True,True,False,False,combined_feeder,행정동 단위 병의원 수 보조지표,금남면,C,"지선-BRT 환승 시간표 보정, 배차간격 조정",3,231
영당리(영성들),"SJB293019036,SJB293019039",36.660444999999996,127.189285,"82,86","82,86",2,96.0,168.0,240.0,68.57142857142857,96.0,168.0,68.57142857142857,240.0,68.57142857142857,0.0,13251.964084601583,0,0,0,1.0,0.7,0.0,0.6,False,True,True,True,False,False,combined_feeder,행정동 단위 병의원 수 보조지표,전의면,C,"지선-BRT 환승 시간표 보정, 배차간격 조정",3,321
영대1리마을회관,SJB293011081,36.45845,127.33336000000001,"66,661","66,661",2,137.14285714285714,308.57142857142856,480.0,106.66666666666667,137.14285714285714,308.57142857142856,106.66666666666667,480.0,106.66666666666667,0.0,4169.052681450873,0,0,0,1.0,0.7,0.0,0.6,False,True,True,True,False,False,combined_feeder,행정동 단위 병의원 수 보조지표,소담동,C,"지선-BRT 환승 시간표 보정, 배차간격 조정",3,246
영대리,"SJB293011085,SJB293011086",36.467834999999994,127.33555,"66,661","66,661",2,137.14285714285714,308.57142857142856,480.0,106.66666666666667,137.14285714285714,308.57142857142856,106.66666666666667,480.0,106.66666666666667,0.0,3564.385019682744,0,0,0,1.0,0.7,0.0,0.6,False,True,True,True,False,False,combined_feeder,행정동 단위 병의원 수 보조지표,집현동,C,"지선-BRT 환승 시간표 보정, 배차간격 조정",3,247
영동부화장,"SJB293016037,SJB293016038",36.57483,127.24075,"72,73","72,73",2,120.0,540.0,960.0,106.66666666666667,120.0,540.0,106.66666666666667,960.0,106.66666666666667,0.0,5468.223480220317,0,0,0,1.0,0.7,0.0,0.6,False,True,True,True,False,False,combined_feeder,행정동 단위 병의원 수 보조지표,연서면,C,"지선-BRT 환승 시간표 보정, 배차간격 조정",3,239
영평사입구,"SJB293017062,SJB293017063",36.47573,127.238475,"52,53","52,53",1,30.0,30.0,30.0,30.0,30.0,30.0,30.0,30.0,30.0,0.0,2129.42115471705,0,0,0,1.0,0.35,0.0,0.476,False,True,True,False,False,False,combined_feeder,행정동 단위 병의원 수 보조지표,가람동,B,출퇴근·등하교 시간대 집중 모니터링,2,484
예양1리,"SJB293015018,SJB293015019",36.575775,127.321335,"300,31,32","300,31,32",3,40.0,44.166666666666664,46.25,14.653465346534654,40.0,44.166666666666664,14.653465346534654,46.25,14.653465346534654,0.0,4838.79772233447,0,0,0,1.0,0.17095709570957096,0.0,0.413,False,True,False,False,False,False,combined_feeder,행정동 단위 병의원 수 보조지표,연동면,B,출퇴근·등하교 시간대 집중 모니터링,2,526
예양2리,"SJB293015015,SJB293064171,SJB293064294,SJB293064295",36.580888675,127.3169431,"300,31,32,33","300,31,32,33",3,46.25,46.25,46.25,46.25,46.25,46.25,46.25,46.25,46.25,0.0,4412.352906477088,0,0,0,1.0,0.5395833333333333,0.0,0.543,False,True,True,False,False,False,combined_feeder,행정동 단위 병의원 수 보조지표,연동면,B,출퇴근·등하교 시간대 집중 모니터링,2,404
예양2리(강촌),"SJB293015003,SJB293015005",36.576699500000004,127.3080575,33,33,1,46.25,46.25,46.25,46.25,46.25,46.25,46.25,46.25,46.25,0.0,4959.359542559046,0,0,0,1.0,0.5395833333333333,0.0,0.543,False,True,True,False,False,False,combined_feeder,행정동 단위 병의원 수 보조지표,연동면,B,출퇴근·등하교 시간대 집중 모니터링,2,402
예양리,"SJB293015023,SJB293015025",36.572810000000004,127.32312,"300,31,32","300,31,32",3,40.0,44.166666666666664,46.25,14.653465346534654,40.0,44.166666666666664,14.653465346534654,46.25,14.653465346534654,0.0,4553.064720826092,0,0,0,1.0,0.17095709570957096,0.0,0.413,False,True,False,False,False,False,combined_feeder,행정동 단위 병의원 수 보조지표,연동면,B,출퇴근·등하교 시간대 집중 모니터링,2,528
예양리(강촌입구),"SJB293015012,SJB293064296",36.580368050000004,127.31238335,33,33,1,46.25,46.25,46.25,46.25,46.25,46.25,46.25,46.25,46.25,0.0,4570.059227239855,0,0,0,1.0,0.5395833333333333,0.0,0.543,False,True,True,False,False,False,combined_feeder,행정동 단위 병의원 수 보조지표,연동면,B,출퇴근·등하교 시간대 집중 모니터링,2,403
오송역,SJB274002060,36.61931,127.3286,B2,,1,8.0,8.0,8.0,8.0,8.0,8.0,8.0,8.0,8.0,4.0,0.0,0,0,0,0.0,0.15333333333333332,0.0,0.054,True,False,False,False,False,False,combined_feeder,행정동 단위 병의원 수 보조지표,조치원읍,A,현행 유지 및 정기 모니터링,1,
와촌1리(대실),"SJB293016073,SJB293016074",36.558775,127.260695,75,75,1,120.0,120.0,120.0,120.0,120.0,120.0,120.0,120.0,120.0,0.0,3076.546562534637,0,0,0,1.0,0.7,0.0,0.6,False,True,True,True,False,False,combined_feeder,행정동 단위 병의원 수 보조지표,연기면,C,"지선-BRT 환승 시간표 보정, 배차간격 조정",3,221
와촌3리(은암),"SJB293016013,SJB293016014",36.556035,127.22466,75,75,1,120.0,120.0,120.0,120.0,120.0,120.0,120.0,120.0,120.0,0.0,4486.802187483504,0,0,0,1.0,0.7,0.0,0.6,False,True,True,True,False,False,combined_feeder,행정동 단위 병의원 수 보조지표,해밀동,C,"지선-BRT 환승 시간표 보정, 배차간격 조정",3,193
와촌리(기와말),"SJB293016051,SJB293016052",36.556885,127.24882500000001,75,75,1,120.0,120.0,120.0,120.0,120.0,120.0,120.0,120.0,120.0,0.0,3346.30935180907,0,0,0,1.0,0.7,0.0,0.6,False,True,True,True,False,False,combined_feeder,행정동 단위 병의원 수 보조지표,연기면,C,"지선-BRT 환승 시간표 보정, 배차간격 조정",3,218
와촌보건진료소,"SJB293016043,SJB293016044",36.556625,127.24644,75,75,1,120.0,120.0,120.0,120.0,120.0,120.0,120.0,120.0,120.0,0.0,3416.380421989202,0,0,0,1.0,0.7,0.0,0.6,False,True,True,True,False,False,combined_feeder,행정동 단위 병의원 수 보조지표,연기면,C,"지선-BRT 환승 시간표 보정, 배차간격 조정",3,216
용암1리마을회관,"SJB293017031,SJB293017033",36.548855,127.208485,75,75,1,120.0,120.0,120.0,120.0,120.0,120.0,120.0,120.0,120.0,0.0,4634.041632721431,0,0,0,1.0,0.7,0.0,0.6,False,True,True,True,False,False,combined_feeder,행정동 단위 병의원 수 보조지표,아름동,C,"지선-BRT 환승 시간표 보정, 배차간격 조정",3,187
용암2리,"SJB293064327,SJB293064328",36.55997025,127.2125905,75,75,1,120.0,120.0,120.0,120.0,120.0,120.0,120.0,120.0,120.0,0.0,5380.644950368952,0,0,0,1.0,0.7,0.0,0.6,False,True,True,True,False,False,combined_feeder,행정동 단위 병의원 수 보조지표,아름동,C,"지선-BRT 환승 시간표 보정, 배차간격 조정",3,178
용암2리마을회관,SJB293017047,36.56224,127.21266,75,75,1,120.0,120.0,120.0,120.0,120.0,120.0,120.0,120.0,120.0,0.0,5588.7277759050985,0,0,0,1.0,0.7,0.0,0.6,False,True,True,True,False,False,combined_feeder,행정동 단위 병의원 수 보조지표,해밀동,C,"지선-BRT 환승 시간표 보정, 배차간격 조정",3,177
용암2리입구,"SJB293017050,SJB293017052,SJB293064334",36.552189766666665,127.21559676666668,75,75,1,120.0,120.0,120.0,120.0,120.0,120.0,120.0,120.0,120.0,0.0,4527.702885921281,0,0,0,1.0,0.7,0.0,0.6,False,True,True,True,False,False,combined_feeder,행정동 단위 병의원 수 보조지표,아름동,C,"지선-BRT 환승 시간표 보정, 배차간격 조정",3,189
용암리,"SJB293064036,SJB293064037",36.6015146,127.22774480000001,71,71,1,120.0,120.0,120.0,120.0,120.0,120.0,120.0,120.0,120.0,0.0,8645.720163217762,0,0,0,1.0,0.7,0.0,0.6,False,True,True,True,False,False,combined_feeder,행정동 단위 병의원 수 보조지표,연서면,C,"지선-BRT 환승 시간표 보정, 배차간격 조정",3,162
용암리(금단마을),"SJB293016017,SJB293064323",36.59444455,127.2277249,86,86,1,240.0,240.0,240.0,240.0,240.0,240.0,240.0,240.0,240.0,0.0,7922.500494211008,0,0,0,1.0,0.7,0.0,0.6,False,True,True,True,False,False,combined_feeder,행정동 단위 병의원 수 보조지표,연서면,C,"지선-BRT 환승 시간표 보정, 배차간격 조정",3,132
용암리입구,"SJB293016021,SJB293016023",36.6088,127.232415,71,71,1,120.0,120.0,120.0,120.0,120.0,120.0,120.0,120.0,120.0,0.0,8670.458793380698,0,0,0,1.0,0.7,0.0,0.6,False,True,True,True,False,False,combined_feeder,행정동 단위 병의원 수 보조지표,연서면,C,"지선-BRT 환승 시간표 보정, 배차간격 조정",3,161
용암삼거리,"SJB293016015,SJB293016016",36.5995824,127.227184,71,71,1,120.0,120.0,120.0,120.0,120.0,120.0,120.0,120.0,120.0,0.0,8466.703888692624,0,0,0,1.0,0.7,0.0,0.6,False,True,True,True,False,False,combined_feeder,행정동 단위 병의원 수 보조지표,연서면,C,"지선-BRT 환승 시간표 보정, 배차간격 조정",3,164
용운사,"SJB293015059,SJB293015061",36.51848,127.34687,33,33,1,46.25,46.25,46.25,46.25,46.25,46.25,46.25,46.25,46.25,0.0,2480.675265828512,0,0,0,1.0,0.5395833333333333,0.0,0.543,False,True,True,False,False,False,combined_feeder,행정동 단위 병의원 수 보조지표,집현동,B,출퇴근·등하교 시간대 집중 모니터링,2,416
용포리,"SJB293011029,SJB293011030",36.468525,127.28132500000001,"62,64,66,661,67,69,691","62,64,66,661,67,69,691",7,96.0,207.40136054421768,480.0,21.818181818181817,96.0,207.40136054421768,21.818181818181817,480.0,21.818181818181817,0.0,600.2562896880736,2,12,0,0.30012814484403677,0.2545454545454545,0.6391305073635656,0.384,False,True,False,False,True,True,combined_feeder,행정동 단위 병의원 수 보조지표,금남면,B,출퇴근·등하교 시간대 집중 모니터링,2,543
용현리,"SJB293017021,SJB293017022",36.543085,127.204665,75,75,1,120.0,120.0,120.0,120.0,120.0,120.0,120.0,120.0,120.0,0.0,4414.2429594561245,0,0,0,1.0,0.7,0.0,0.6,False,True,True,True,False,False,combined_feeder,행정동 단위 병의원 수 보조지표,고운동,C,"지선-BRT 환승 시간표 보정, 배차간격 조정",3,194
용현리(효도마을),"SJB293017070,SJB293017071",36.540282815,127.20227855,75,75,1,120.0,120.0,120.0,120.0,120.0,120.0,120.0,120.0,120.0,0.0,4378.829438783303,0,0,0,1.0,0.7,0.0,0.6,False,True,True,True,False,False,combined_feeder,행정동 단위 병의원 수 보조지표,고운동,C,"지선-BRT 환승 시간표 보정, 배차간격 조정",3,195
운당1리,"SJB293013006,SJB293013007",36.698274999999995,127.15233,85,85,1,137.14285714285714,137.14285714285714,137.14285714285714,137.14285714285714,137.14285714285714,137.14285714285714,137.14285714285714,137.14285714285714,137.14285714285714,0.0,18051.150584041923,0,0,0,1.0,0.7,0.0,0.6,False,True,True,True,False,False,combined_feeder,행정동 단위 병의원 수 보조지표,소정면,C,"지선-BRT 환승 시간표 보정, 배차간격 조정",3,148
운당2리,"SJB293013002,SJB293013003",36.7058016,127.14938025000001,85,85,1,137.14285714285714,137.14285714285714,137.14285714285714,137.14285714285714,137.14285714285714,137.14285714285714,137.14285714285714,137.14285714285714,137.14285714285714,0.0,18686.044956777456,0,0,0,1.0,0.7,0.0,0.6,False,True,True,True,False,False,combined_feeder,행정동 단위 병의원 수 보조지표,소정면,C,"지선-BRT 환승 시간표 보정, 배차간격 조정",3,147
운당교차로,SJB293064406,36.705806,127.148932,85,85,1,137.14285714285714,137.14285714285714,137.14285714285714,137.14285714285714,137.14285714285714,137.14285714285714,137.14285714285714,137.14285714285714,137.14285714285714,0.0,18690.389663656955,0,0,0,1.0,0.7,0.0,0.6,False,True,True,True,False,False,combined_feeder,행정동 단위 병의원 수 보조지표,소정면,C,"지선-BRT 환승 시간표 보정, 배차간격 조정",3,146
원봉1리,"SJB293011007,SJB293011008",36.44911,127.23831,62,62,1,120.0,120.0,120.0,120.0,120.0,120.0,120.0,120.0,120.0,0.0,4016.137852876871,0,0,0,1.0,0.7,0.0,0.6,False,True,True,True,False,False,combined_feeder,행정동 단위 병의원 수 보조지표,가람동,C,"지선-BRT 환승 시간표 보정, 배차간격 조정",3,206
원봉1리마을회관,SJB293011009,36.45129,127.23931,62,62,1,120.0,120.0,120.0,120.0,120.0,120.0,120.0,120.0,120.0,0.0,3676.456339600537,0,0,0,1.0,0.7,0.0,0.6,False,True,True,True,False,False,combined_feeder,행정동 단위 병의원 수 보조지표,가람동,C,"지선-BRT 환승 시간표 보정, 배차간격 조정",3,212
원봉2리,SJB293011010,36.44738,127.24399,62,62,1,120.0,120.0,120.0,120.0,120.0,120.0,120.0,120.0,120.0,0.0,3610.5318515554386,0,0,0,1.0,0.7,0.0,0.6,False,True,True,True,False,False,combined_feeder,행정동 단위 병의원 수 보조지표,가람동,C,"지선-BRT 환승 시간표 보정, 배차간격 조정",3,213
원봉2리마을회관,SJB293011011,36.44547,127.2468,62,62,1,120.0,120.0,120.0,120.0,120.0,120.0,120.0,120.0,120.0,0.0,3582.936764356538,0,0,0,1.0,0.7,0.0,0.6,False,True,True,True,False,False,combined_feeder,행정동 단위 병의원 수 보조지표,가람동,C,"지선-BRT 환승 시간표 보정, 배차간격 조정",3,214
원성2리,"SJB293019056,SJB293019057",36.671075,127.19521,"82,86","82,86",2,96.0,168.0,240.0,68.57142857142857,96.0,168.0,68.57142857142857,240.0,68.57142857142857,0.0,13226.55855799182,0,0,0,1.0,0.7,0.0,0.6,False,True,True,True,False,False,combined_feeder,행정동 단위 병의원 수 보조지표,전의면,C,"지선-BRT 환승 시간표 보정, 배차간격 조정",3,323
원성리(죽근마을),"SJB293019063,SJB293019064",36.676155,127.19926000000001,"81,82,86","81,82,86",3,96.0,147.55555555555557,240.0,41.73913043478261,96.0,147.55555555555557,41.73913043478261,240.0,41.73913043478261,0.0,13161.124253828475,0,0,0,1.0,0.4869565217391304,0.0,0.525,False,True,True,False,False,False,combined_feeder,행정동 단위 병의원 수 보조지표,전의면,B,출퇴근·등하교 시간대 집중 모니터링,2,434
월하1리마을회관,"SJB293016098,SJB293016099",36.593635,127.27453,"71,72,73,76,86","71,72,73,76,86",4,120.0,360.0,960.0,45.714285714285715,120.0,360.0,45.714285714285715,960.0,45.714285714285715,0.0,5623.684577088602,0,7,0,1.0,0.5333333333333333,0.19386656093159566,0.598,False,True,True,False,False,False,combined_feeder,행정동 단위 병의원 수 보조지표,연서면,B,출퇴근·등하교 시간대 집중 모니터링,2,364
월하2리,SJB293016115,36.58373,127.28447,"74,76","74,76",2,120.0,540.0,960.0,106.66666666666667,120.0,540.0,106.66666666666667,960.0,106.66666666666667,0.0,5561.160321078713,1,0,0,1.0,0.7,0.19999999999999998,0.659,False,True,True,True,True,False,combined_feeder,행정동 단위 병의원 수 보조지표,연서면,E,배차 조정 + 두루타버스 연계 + 정류장 개선 패키지,5,32
월하리,"SJB293016126,SJB293016127",36.578334999999996,127.29266,"16,17,72,73,74,75","16,17,72,73,74,75",6,120.0,266.6666666666667,960.0,32.0,120.0,266.6666666666667,32.0,960.0,32.0,0.0,4928.452481883809,0,0,0,1.0,0.3733333333333333,0.0,0.485,False,True,True,False,False,False,combined_feeder,행정동 단위 병의원 수 보조지표,연서면,B,출퇴근·등하교 시간대 집중 모니터링,2,478
월하리(패션아울렛),SJB293064508,36.5735137,127.29030540000001,"16,17,75","16,17,75",3,120.0,133.33333333333334,160.0,43.63636363636363,120.0,133.33333333333334,43.63636363636363,160.0,43.63636363636363,0.0,4385.726463171389,0,0,0,1.0,0.509090909090909,0.0,0.533,False,True,True,False,False,False,combined_feeder,행정동 단위 병의원 수 보조지표,연서면,B,출퇴근·등하교 시간대 집중 모니터링,2,427
월하리(항공학교),"SJB293016124,SJB293016125",36.57585,127.29179500000001,"16,17,72,73,74,75","16,17,72,73,74,75",6,120.0,266.6666666666667,960.0,32.0,120.0,266.6666666666667,32.0,960.0,32.0,0.0,4695.762978899697,0,0,0,1.0,0.3733333333333333,0.0,0.485,False,True,True,False,False,False,combined_feeder,행정동 단위 병의원 수 보조지표,연서면,B,출퇴근·등하교 시간대 집중 모니터링,2,479
유관순열사유적지,"SJB285013008,SJB285013009",36.76283,127.30462499999999,910,910,1,320.0,320.0,320.0,320.0,320.0,320.0,320.0,320.0,320.0,0.0,16114.561279218398,0,0,0,1.0,0.7,0.0,0.6,False,True,True,True,False,False,combined_feeder,행정동 단위 병의원 수 보조지표,전의면,C,"지선-BRT 환승 시간표 보정, 배차간격 조정",3,108
유천2리,"SJB293019022,SJB293019023",36.68285,127.177275,85,85,1,137.14285714285714,137.14285714285714,137.14285714285714,137.14285714285714,137.14285714285714,137.14285714285714,137.14285714285714,137.14285714285714,137.14285714285714,0.0,15240.833974083733,0,0,0,1.0,0.7,0.0,0.6,False,True,True,True,False,False,combined_feeder,행정동 단위 병의원 수 보조지표,전의면,C,"지선-BRT 환승 시간표 보정, 배차간격 조정",3,152
유천리,"SJB293019005,SJB293019006",36.68624,127.16911999999999,85,85,1,137.14285714285714,137.14285714285714,137.14285714285714,137.14285714285714,137.14285714285714,137.14285714285714,137.14285714285714,137.14285714285714,137.14285714285714,0.0,16059.390940924224,0,0,0,1.0,0.7,0.0,0.6,False,True,True,True,False,False,combined_feeder,행정동 단위 병의원 수 보조지표,전의면,C,"지선-BRT 환승 시간표 보정, 배차간격 조정",3,151
유천리(어천),"SJB293019003,SJB293019004",36.687965,127.16612,85,85,1,137.14285714285714,137.14285714285714,137.14285714285714,137.14285714285714,137.14285714285714,137.14285714285714,137.14285714285714,137.14285714285714,137.14285714285714,0.0,16385.245902975505,0,0,0,1.0,0.7,0.0,0.6,False,True,True,True,False,False,combined_feeder,행정동 단위 병의원 수 보조지표,전의면,C,"지선-BRT 환승 시간표 보정, 배차간격 조정",3,150
으뜸초등학교,"SJB293064121,SJB293064122",36.5070994,127.23158505,"1004,201","1004,201",2,15.0,15.5,16.0,7.741935483870969,15.0,15.5,7.741935483870969,16.0,7.741935483870969,10.0,870.5928066183945,2,17,0,0.4352964033091973,0.2403225806451613,0.6694696731241,0.435,False,True,False,False,True,True,combined_feeder,행정동 단위 병의원 수 보조지표,고운동,B,출퇴근·등하교 시간대 집중 모니터링,2,517
은용1리,"SJB293017051,SJB293017053",36.49333,127.21581,"52,53","52,53",1,30.0,30.0,30.0,30.0,30.0,30.0,30.0,30.0,30.0,0.0,2487.251824906664,0,5,0,1.0,0.35,0.1670459300506493,0.526,False,True,True,False,False,False,combined_feeder,행정동 단위 병의원 수 보조지표,장군면,B,출퇴근·등하교 시간대 집중 모니터링,2,433
은하수공원,"SJB293052001,SJB293052002,SJB293064013,SJB293064156",36.5323892,127.2447685,"1005,16","1005,16",1,120.0,120.0,120.0,120.0,120.0,120.0,120.0,120.0,120.0,5.0,1521.96188586688,0,0,0,0.76098094293344,0.7,0.0,0.516,False,True,True,True,False,False,combined_feeder,행정동 단위 병의원 수 보조지표,해밀동,C,"지선-BRT 환승 시간표 보정, 배차간격 조정",3,351
응암1리마을회관,"SJB293015052,SJB293064285",36.5429208,127.34258195,32,32,1,46.25,46.25,46.25,46.25,46.25,46.25,46.25,46.25,46.25,0.0,2348.806580439322,0,0,0,1.0,0.5395833333333333,0.0,0.543,False,True,True,False,False,False,combined_feeder,행정동 단위 병의원 수 보조지표,연동면,B,출퇴근·등하교 시간대 집중 모니터링,2,418
응암2리,"SJB293015051,SJB293064277",36.5572252,127.34182905,31,31,1,46.25,46.25,46.25,46.25,46.25,46.25,46.25,46.25,46.25,0.0,3427.0641221762385,0,0,0,1.0,0.5395833333333333,0.0,0.543,False,True,True,False,False,False,combined_feeder,행정동 단위 병의원 수 보조지표,연동면,B,출퇴근·등하교 시간대 집중 모니터링,2,408
응암2리마을회관,SJB293064444,36.5534,127.3389,31,31,1,46.25,46.25,46.25,46.25,46.25,46.25,46.25,46.25,46.25,0.0,2922.432637289242,0,2,0,1.0,0.5395833333333333,0.10242374307345076,0.574,False,True,True,False,False,False,combined_feeder,행정동 단위 병의원 수 보조지표,연동면,B,출퇴근·등하교 시간대 집중 모니터링,2,381
응암3리,"SJB293064198,SJB293064278",36.547957999999994,127.35314754999999,31,31,1,46.25,46.25,46.25,46.25,46.25,46.25,46.25,46.25,46.25,0.0,3448.239890528364,0,0,0,1.0,0.5395833333333333,0.0,0.543,False,True,True,False,False,False,combined_feeder,행정동 단위 병의원 수 보조지표,연동면,B,출퇴근·등하교 시간대 집중 모니터링,2,407
응암3리마을입구,SJB293064470,36.55073,127.35874,35,35,1,87.27272727272727,87.27272727272727,87.27272727272727,87.27272727272727,87.27272727272727,87.27272727272727,87.27272727272727,87.27272727272727,87.27272727272727,0.0,4030.190688470928,0,0,0,1.0,0.7,0.0,0.6,False,True,True,True,False,False,combined_feeder,행정동 단위 병의원 수 보조지표,부강면,C,"지선-BRT 환승 시간표 보정, 배차간격 조정",3,292
응암3리입구,"SJB293015073,SJB293015074,SJB293015075",36.546796666666665,127.35391666666668,"31,35","31,35",1,87.27272727272727,87.27272727272727,87.27272727272727,87.27272727272727,87.27272727272727,87.27272727272727,87.27272727272727,87.27272727272727,87.27272727272727,0.0,3447.8739640910244,0,0,0,1.0,0.7,0.0,0.6,False,True,True,True,False,False,combined_feeder,행정동 단위 병의원 수 보조지표,부강면,C,"지선-BRT 환승 시간표 보정, 배차간격 조정",3,295
응암4리,"SJB293015057,SJB293015058",36.55807,127.344735,31,31,1,46.25,46.25,46.25,46.25,46.25,46.25,46.25,46.25,46.25,0.0,3656.430270744748,0,0,0,1.0,0.5395833333333333,0.0,0.543,False,True,True,False,False,False,combined_feeder,행정동 단위 병의원 수 보조지표,연동면,B,출퇴근·등하교 시간대 집중 모니터링,2,406
응암농공단지,"SJB293015043,SJB293015044",36.545955,127.33430000000001,"300,33","300,33",2,40.0,43.125,46.25,21.44927536231884,40.0,43.125,21.44927536231884,46.25,21.44927536231884,0.0,2028.5923433918308,0,2,0,1.0,0.2502415458937198,0.10242374307345076,0.471,False,True,False,False,False,False,combined_feeder,행정동 단위 병의원 수 보조지표,연동면,B,출퇴근·등하교 시간대 집중 모니터링,2,488
응암리(가마골),"SJB293015060,SJB293064287",36.54117205,127.3468633,32,32,1,46.25,46.25,46.25,46.25,46.25,46.25,46.25,46.25,46.25,0.0,2600.069358865203,0,0,0,1.0,0.5395833333333333,0.0,0.543,False,True,True,False,False,False,combined_feeder,행정동 단위 병의원 수 보조지표,연동면,B,출퇴근·등하교 시간대 집중 모니터링,2,414
응암리(영모재),"SJB293064286,SJB293064289",36.5422948,127.34473155,32,32,1,46.25,46.25,46.25,46.25,46.25,46.25,46.25,46.25,46.25,0.0,2481.8071911676107,0,0,0,1.0,0.5395833333333333,0.0,0.543,False,True,True,False,False,False,combined_feeder,행정동 단위 병의원 수 보조지표,연동면,B,출퇴근·등하교 시간대 집중 모니터링,2,415
응암리(우리종묘),"SJB293064288,SJB293064290",36.53962925,127.34522,32,32,1,46.25,46.25,46.25,46.25,46.25,46.25,46.25,46.25,46.25,0.0,2398.1282225878217,0,0,0,1.0,0.5395833333333333,0.0,0.543,False,True,True,False,False,False,combined_feeder,행정동 단위 병의원 수 보조지표,연동면,B,출퇴근·등하교 시간대 집중 모니터링,2,417
인사혁신처,"SJB293056005,SJB293062015",36.50855585,127.26152515,"201,203,221,53","201,203,221,53",4,12.5,17.5,30.0,6.818181818181818,12.5,17.5,6.818181818181818,30.0,6.818181818181818,10.0,455.61093436356634,1,33,0,0.22780546718178318,0.22954545454545455,0.5287629749668292,0.317,False,False,False,False,True,True,combined_feeder,행정동 단위 병의원 수 보조지표,어진동,A,현행 유지 및 정기 모니터링,1,580
자이아파트,"SJB293001052,SJB293001053",36.59084,127.29182499999999,"11,12,72,74,86","11,12,72,74,86",4,30.0,130.0,240.0,21.81818181818182,30.0,130.0,21.81818181818182,240.0,21.81818181818182,0.0,4567.321421169382,0,0,0,1.0,0.2545454545454545,0.0,0.443,False,True,False,False,False,False,combined_feeder,행정동 단위 병의원 수 보조지표,연서면,B,출퇴근·등하교 시간대 집중 모니터링,2,510
자이아파트정문,SJB293001046,36.58832,127.29073,"74,76","74,76",2,120.0,540.0,960.0,106.66666666666667,120.0,540.0,106.66666666666667,960.0,106.66666666666667,0.0,4827.208114515839,1,0,0,1.0,0.7,0.19999999999999998,0.659,False,True,True,True,True,False,combined_feeder,행정동 단위 병의원 수 보조지표,연서면,E,배차 조정 + 두루타버스 연계 + 정류장 개선 패키지,5,34
장군면복지회관,"SJB293064173,SJB293064174",36.499106499999996,127.2081331,"1004,52,53,75","1004,52,53,75",3,16.0,55.333333333333336,120.0,9.600000000000001,16.0,55.333333333333336,9.600000000000001,120.0,9.600000000000001,8.0,2970.640343230354,1,5,0,1.0,0.232,0.3670459300506493,0.543,False,True,False,False,True,False,combined_feeder,행정동 단위 병의원 수 보조지표,장군면,B,출퇴근·등하교 시간대 집중 모니터링,2,421
장군면사무소,"SJB293017023,SJB293017024",36.49699,127.20521,"1004,52,53,75","1004,52,53,75",4,16.0,49.0,120.0,7.272727272727273,16.0,49.0,7.272727272727273,120.0,7.272727272727273,8.0,3280.185886163838,2,5,0,1.0,0.20484848484848484,0.5670459300506493,0.592,False,True,False,False,True,False,combined_feeder,행정동 단위 병의원 수 보조지표,장군면,B,출퇴근·등하교 시간대 집중 모니터링,2,367
장기중학교후문,"SJB293064428,SJB293064429",36.4956045,127.20357249999999,"1004,52,53","1004,52,53",3,16.0,25.333333333333332,30.0,7.741935483870969,16.0,25.333333333333332,7.741935483870969,30.0,7.741935483870969,8.0,3451.500719900965,2,5,0,1.0,0.2103225806451613,0.5670459300506493,0.594,False,True,False,False,True,False,combined_feeder,행정동 단위 병의원 수 보조지표,장군면,B,출퇴근·등하교 시간대 집중 모니터링,2,366
장기초등학교,"SJB293017029,SJB293064270",36.49675525,127.20734425,"52,53","52,53",1,30.0,30.0,30.0,30.0,30.0,30.0,30.0,30.0,30.0,0.0,3095.1197074841048,1,5,0,1.0,0.35,0.3670459300506493,0.584,False,True,True,False,True,False,combined_feeder,행정동 단위 병의원 수 보조지표,장군면,D,쉘터·의자·안내정보 등 대기환경 우선 개선,4,60
장산3리(송내),"SJB285016019,SJB285016020",36.74516,127.28933,910,910,1,320.0,320.0,320.0,320.0,320.0,320.0,320.0,320.0,320.0,0.0,14430.137670725557,0,0,0,1.0,0.7,0.0,0.6,False,True,True,True,False,False,combined_feeder,행정동 단위 병의원 수 보조지표,전의면,C,"지선-BRT 환승 시간표 보정, 배차간격 조정",3,115
장산4리,"SJB285016021,SJB285016028",36.74669595,127.2907932,910,910,1,320.0,320.0,320.0,320.0,320.0,320.0,320.0,320.0,320.0,0.0,14564.493792209914,0,0,0,1.0,0.7,0.0,0.6,False,True,True,True,False,False,combined_feeder,행정동 단위 병의원 수 보조지표,전의면,C,"지선-BRT 환승 시간표 보정, 배차간격 조정",3,114
장산4리(상리),"SJB285016022,SJB285016023",36.754435,127.29541499999999,910,910,1,320.0,320.0,320.0,320.0,320.0,320.0,320.0,320.0,320.0,0.0,15323.939141839644,0,0,0,1.0,0.7,0.0,0.6,False,True,True,True,False,False,combined_feeder,행정동 단위 병의원 수 보조지표,전의면,C,"지선-BRT 환승 시간표 보정, 배차간격 조정",3,112
"장영실고등학교,호탄리(안터)","SJB293058007,SJB293058008",36.477599999999995,127.29854500000002,"66,661,67,69,691","66,661,67,69,691",5,106.66666666666667,247.16190476190476,480.0,36.92307692307693,106.66666666666667,247.16190476190476,36.92307692307693,480.0,36.92307692307693,0.0,560.1066778217983,3,22,0,0.2800533389108991,0.4307692307692308,0.8923224665272582,0.511,False,True,True,False,True,True,combined_feeder,행정동 단위 병의원 수 보조지표,소담동,D,쉘터·의자·안내정보 등 대기환경 우선 개선,4,66
장욱진화백탑비,SJB293064509,36.5559269,127.3394987,31,31,1,46.25,46.25,46.25,46.25,46.25,46.25,46.25,46.25,46.25,0.0,3185.9711352871545,0,2,0,1.0,0.5395833333333333,0.10242374307345076,0.574,False,True,True,False,False,False,combined_feeder,행정동 단위 병의원 수 보조지표,연동면,B,출퇴근·등하교 시간대 집중 모니터링,2,380
장재1리,"SJB293060005,SJB293064272",36.47974085,127.3081713,"66,661,67,69,691","66,661,67,69,691",5,106.66666666666667,247.16190476190476,480.0,36.92307692307693,106.66666666666667,247.16190476190476,36.92307692307693,480.0,36.92307692307693,0.0,994.1823184362586,0,22,0,0.4970911592181293,0.4307692307692308,0.2923224665272583,0.413,False,True,True,False,True,True,combined_feeder,행정동 단위 병의원 수 보조지표,소담동,D,쉘터·의자·안내정보 등 대기환경 우선 개선,4,70
장재리,"SJB293060001,SJB293060002",36.478625,127.30446999999998,"66,661,67,69,691","66,661,67,69,691",5,106.66666666666667,247.16190476190476,480.0,36.92307692307693,106.66666666666667,247.16190476190476,36.92307692307693,480.0,36.92307692307693,0.0,757.2511416092991,3,22,0,0.37862557080464954,0.4307692307692308,0.8923224665272582,0.548,False,True,True,False,True,True,combined_feeder,행정동 단위 병의원 수 보조지표,소담동,D,쉘터·의자·안내정보 등 대기환경 우선 개선,4,63
장재리(길재고개),"SJB293057005,SJB293057006",36.480895000000004,127.31672,"66,661,67,69,691","66,661,67,69,691",5,106.66666666666667,247.16190476190476,480.0,36.92307692307693,106.66666666666667,247.16190476190476,36.92307692307693,480.0,36.92307692307693,0.0,1508.2537044369324,0,0,0,0.7541268522184662,0.4307692307692308,0.0,0.418,False,True,True,False,False,False,combined_feeder,행정동 단위 병의원 수 보조지표,소담동,B,출퇴근·등하교 시간대 집중 모니터링,2,522
장재리(태련암입구),"SJB293057003,SJB293057004",36.480045000000004,127.312525,"66,661,67,69,691","66,661,67,69,691",5,106.66666666666667,247.16190476190476,480.0,36.92307692307693,106.66666666666667,247.16190476190476,36.92307692307693,480.0,36.92307692307693,0.0,1245.9408921753138,0,0,0,0.622970446087657,0.4307692307692308,0.0,0.372,False,True,True,False,False,False,combined_feeder,행정동 단위 병의원 수 보조지표,소담동,B,출퇴근·등하교 시간대 집중 모니터링,2,546
재동아파트,"SJB293019076,SJB293019077",36.67947,127.206635,86,86,1,240.0,240.0,240.0,240.0,240.0,240.0,240.0,240.0,240.0,0.0,12774.036323241015,1,0,0,1.0,0.7,0.19999999999999998,0.659,False,True,True,True,True,False,combined_feeder,행정동 단위 병의원 수 보조지표,전의면,E,배차 조정 + 두루타버스 연계 + 정류장 개선 패키지,5,22
저산2리,SJB293012015,36.56219,127.36536,35,35,1,87.27272727272727,87.27272727272727,87.27272727272727,87.27272727272727,87.27272727272727,87.27272727272727,87.27272727272727,87.27272727272727,87.27272727272727,0.0,5257.812313828979,0,0,0,1.0,0.7,0.0,0.6,False,True,True,True,False,False,combined_feeder,행정동 단위 병의원 수 보조지표,연동면,C,"지선-BRT 환승 시간표 보정, 배차간격 조정",3,285
저산리,SJB293012010,36.56182,127.36194,35,35,1,87.27272727272727,87.27272727272727,87.27272727272727,87.27272727272727,87.27272727272727,87.27272727272727,87.27272727272727,87.27272727272727,87.27272727272727,0.0,5000.067548234753,0,0,0,1.0,0.7,0.0,0.6,False,True,True,True,False,False,combined_feeder,행정동 단위 병의원 수 보조지표,연동면,C,"지선-BRT 환승 시간표 보정, 배차간격 조정",3,287
전당골,SJB293016087,36.58242,127.26832,"74,76","74,76",2,120.0,540.0,960.0,106.66666666666667,120.0,540.0,106.66666666666667,960.0,106.66666666666667,0.0,5423.718869450359,0,7,0,1.0,0.7,0.19386656093159566,0.657,False,True,True,True,False,False,combined_feeder,행정동 단위 병의원 수 보조지표,연서면,C,"지선-BRT 환승 시간표 보정, 배차간격 조정",3,82
전동면사무소,SJB293064510,36.6625624,127.2340451,95,95,1,240.0,240.0,240.0,240.0,240.0,240.0,240.0,240.0,240.0,0.0,9710.971965962002,0,3,0,1.0,0.7,0.1292443739543971,0.638,False,True,True,True,False,False,combined_feeder,행정동 단위 병의원 수 보조지표,전동면,C,"지선-BRT 환승 시간표 보정, 배차간격 조정",3,88
전동삼거리,"SJB293018059,SJB293018060,SJB293018061,SJB293018062",36.6536225,127.2669325,"91,910,92,95","91,910,92,95",3,240.0,240.0,320.0,240.0,240.0,240.0,240.0,320.0,240.0,0.0,6708.157582059039,1,0,0,1.0,0.7,0.19999999999999998,0.659,False,True,True,True,True,False,combined_feeder,행정동 단위 병의원 수 보조지표,전동면,E,배차 조정 + 두루타버스 연계 + 정류장 개선 패키지,5,26
전동역,SJB293018056,36.65419,127.26593,95,95,1,240.0,240.0,240.0,240.0,240.0,240.0,240.0,240.0,240.0,0.0,6805.235637490971,1,0,0,1.0,0.7,0.19999999999999998,0.659,False,True,True,True,True,False,combined_feeder,행정동 단위 병의원 수 보조지표,전동면,E,배차 조정 + 두루타버스 연계 + 정류장 개선 패키지,5,25
전동초등학교,"SJB293018052,SJB293018053",36.655375,127.263955,95,95,1,240.0,240.0,240.0,240.0,240.0,240.0,240.0,240.0,240.0,0.0,7038.627795381198,1,0,0,1.0,0.7,0.19999999999999998,0.659,False,True,True,True,True,False,combined_feeder,행정동 단위 병의원 수 보조지표,전동면,E,배차 조정 + 두루타버스 연계 + 정류장 개선 패키지,5,24
전의산업단지,"SJB293019079,SJB293064342",36.70115465,127.2106236,84,84,1,96.0,96.0,96.0,96.0,96.0,96.0,96.0,96.0,96.0,0.0,13916.777865097156,0,0,0,1.0,0.7,0.0,0.6,False,True,True,True,False,False,combined_feeder,행정동 단위 병의원 수 보조지표,전의면,C,"지선-BRT 환승 시간표 보정, 배차간격 조정",3,258
전의산업단지교차로,SJB293064497,36.70158,127.21039,84,84,1,96.0,96.0,96.0,96.0,96.0,96.0,96.0,96.0,96.0,0.0,13959.477120127041,0,0,0,1.0,0.7,0.0,0.6,False,True,True,True,False,False,combined_feeder,행정동 단위 병의원 수 보조지표,전의면,C,"지선-BRT 환승 시간표 보정, 배차간격 조정",3,257
전의산연수원,"SJB293019051,SJB293019052",36.70283,127.192285,83,83,1,96.0,96.0,96.0,96.0,96.0,96.0,96.0,96.0,96.0,0.0,15310.202136845099,0,0,0,1.0,0.7,0.0,0.6,False,True,True,True,False,False,combined_feeder,행정동 단위 병의원 수 보조지표,전의면,C,"지선-BRT 환승 시간표 보정, 배차간격 조정",3,252
전의역,"SJB293019065,SJB293019066",36.67946,127.20358999999999,"81,82,83,84,85,86","81,82,83,84,85,86",6,96.0,128.63492063492063,240.0,19.200000000000003,96.0,128.63492063492063,19.200000000000003,240.0,19.200000000000003,0.0,13007.477804017482,1,0,0,1.0,0.22400000000000003,0.19999999999999998,0.491,False,True,False,False,True,False,combined_feeder,행정동 단위 병의원 수 보조지표,전의면,B,출퇴근·등하교 시간대 집중 모니터링,2,468
전의중학교,"SJB293019058,SJB293019059",36.680355,127.19709,"81,82,83,85,86","81,82,83,85,86",5,96.0,135.16190476190476,240.0,24.0,96.0,135.16190476190476,24.0,240.0,24.0,0.0,13581.587045811293,2,0,0,1.0,0.27999999999999997,0.39999999999999997,0.569,False,True,False,False,True,False,combined_feeder,행정동 단위 병의원 수 보조지표,전의면,B,출퇴근·등하교 시간대 집중 모니터링,2,383
정부세종청사남측,"SJB293062005,SJB293062006,SJB293062007,SJB293062008",36.501263425,127.25974335000001,"201,203,52,53,B0,B2","201,203,52,53",3,12.5,19.166666666666668,30.0,5.555555555555555,12.5,19.166666666666668,5.555555555555555,30.0,5.555555555555555,10.0,25.66910886294766,2,33,0,0.01283455443147383,0.2148148148148148,0.7287629749668292,0.295,True,False,False,False,True,True,combined_feeder,행정동 단위 병의원 수 보조지표,어진동,A,현행 유지 및 정기 모니터링,1,
정부세종청사북측,"SJB293062011,SJB293062012,SJB293062013,SJB293062014",36.504822275,127.261434125,"201,203,221,52,53,B0,B2","201,203,221,52,53",4,12.5,17.5,30.0,4.444444444444445,12.5,17.5,4.444444444444445,30.0,4.444444444444445,10.0,25.431329282773106,1,33,0,0.012715664641386553,0.19487179487179485,0.5287629749668292,0.195,True,False,False,False,True,True,combined_feeder,행정동 단위 병의원 수 보조지표,어진동,A,현행 유지 및 정기 모니터링,1,
정부세종청사스포츠센터,"SJB293064023,SJB293064024",36.5063065,127.25859,221,221,1,12.5,12.5,12.5,12.5,12.5,12.5,12.5,12.5,12.5,5.0,302.8218721161436,1,33,0,0.1514109360580718,0.22083333333333333,0.5287629749668292,0.287,False,False,False,False,True,True,combined_feeder,행정동 단위 병의원 수 보조지표,어진동,A,현행 유지 및 정기 모니터링,1,585
제3주차장,"SJB293062019,SJB293062020",36.50195,127.266085,"203,52,53","203,52,53",2,12.5,21.25,30.0,8.823529411764705,12.5,21.25,8.823529411764705,30.0,8.823529411764705,5.0,520.6426467167752,0,33,0,0.2603213233583876,0.1779411764705882,0.32876297496682927,0.251,False,True,False,False,True,True,combined_feeder,행정동 단위 병의원 수 보조지표,어진동,B,출퇴근·등하교 시간대 집중 모니터링,2,559
조치원 농협,"SJB293064504,SJB293064505",36.592899599999996,127.2869544,"11,12","11,12",1,30.0,30.0,30.0,30.0,30.0,30.0,30.0,30.0,30.0,0.0,4744.521947967992,1,0,0,1.0,0.35,0.19999999999999998,0.535,False,True,True,False,True,False,combined_feeder,행정동 단위 병의원 수 보조지표,연서면,D,쉘터·의자·안내정보 등 대기환경 우선 개선,4,65
조치원낚시터,"SJB293018069,SJB293018070",36.672995,127.27069,"91,910","91,910",2,120.0,220.0,320.0,87.27272727272727,120.0,220.0,87.27272727272727,320.0,87.27272727272727,0.0,7907.176533828713,0,0,0,1.0,0.7,0.0,0.6,False,True,True,True,False,False,combined_feeder,행정동 단위 병의원 수 보조지표,전동면,C,"지선-BRT 환승 시간표 보정, 배차간격 조정",3,278
조치원노인전문병원,"SJB293016035,SJB293016036",36.611554999999996,127.238485,71,71,1,120.0,120.0,120.0,120.0,120.0,120.0,120.0,120.0,120.0,0.0,8101.140242154773,0,0,0,1.0,0.7,0.0,0.6,False,True,True,True,False,False,combined_feeder,행정동 단위 병의원 수 보조지표,연서면,C,"지선-BRT 환승 시간표 보정, 배차간격 조정",3,165
조치원버스터미널,"SJB293001094,SJB293001096,SJB293064259,SJB293064260",36.6022333,127.30321105,"11,12,13,16,17,300,31,32,33,71,72,73,74,75,76,86,91,910,92,93,94,95","11,12,13,16,17,300,31,32,33,71,72,73,74,75,76,86,91,910,92,93,94,95",21,40.0,243.45695970695974,960.0,40.0,40.0,243.45695970695974,40.0,960.0,40.0,0.0,3012.922039055351,1,0,0,1.0,0.4666666666666666,0.19999999999999998,0.576,False,True,True,False,True,False,combined_feeder,행정동 단위 병의원 수 보조지표,조치원읍,D,쉘터·의자·안내정보 등 대기환경 우선 개선,4,62
조치원역,"SJB293001084,SJB293064017",36.60116115,127.29710419999999,"11,12,13,16,17,300,31,71,72,73,74,75,76,86,91,910,92,93,94,95","11,12,13,16,17,300,31,71,72,73,74,75,76,86,91,910,92,93,94,95",20,30.0,263.88663967611336,960.0,5.245901639344261,30.0,263.88663967611336,5.245901639344261,960.0,5.245901639344261,0.0,3469.8479053450774,1,72,0,1.0,0.061202185792349706,0.6,0.551,False,True,False,False,True,True,combined_feeder,행정동 단위 병의원 수 보조지표,조치원읍,B,출퇴근·등하교 시간대 집중 모니터링,2,398
조치원역뒤편,"SJB293001072,SJB293001075",36.6001685,127.29509795,"13,76","13,76",2,960.0,960.0,960.0,960.0,960.0,960.0,960.0,960.0,960.0,0.0,3698.5790288859134,1,72,0,1.0,0.7,0.6,0.776,False,True,True,True,True,True,combined_feeder,행정동 단위 병의원 수 보조지표,조치원읍,E,배차 조정 + 두루타버스 연계 + 정류장 개선 패키지,5,7
조치원전통시장,"SJB293001088,SJB293001090",36.599461,127.2984,"11,12,16,17,72,73,74,75,86","11,12,16,17,72,73,74,75,86",8,30.0,233.75,960.0,12.972972972972975,30.0,233.75,12.972972972972975,960.0,12.972972972972975,0.0,3503.6974571804103,1,0,0,1.0,0.15135135135135136,0.19999999999999998,0.465,False,True,False,False,True,False,combined_feeder,행정동 단위 병의원 수 보조지표,조치원읍,B,출퇴근·등하교 시간대 집중 모니터링,2,494
조치원전통시장북측,"SJB293064019,SJB293064152",36.6014948,127.2998531,"11,12,13,16,17,300,31,71,72,73,74,75,76,86,91,910,92,93,94,95","11,12,13,16,17,300,31,71,72,73,74,75,76,86,91,910,92,93,94,95",20,30.0,263.88663967611336,960.0,5.245901639344261,30.0,263.88663967611336,5.245901639344261,960.0,5.245901639344261,0.0,3253.0021623384837,2,0,0,1.0,0.061202185792349706,0.39999999999999997,0.492,False,True,False,False,True,False,combined_feeder,행정동 단위 병의원 수 보조지표,조치원읍,B,출퇴근·등하교 시간대 집중 모니터링,2,467
조형아파트,"SJB293001026,SJB293001027",36.63456,127.28880999999998,"91,910,92,94,95","91,910,92,94,95",5,120.0,192.0,320.0,33.10344827586207,120.0,192.0,33.10344827586207,320.0,33.10344827586207,0.0,3944.536502703266,0,0,0,1.0,0.38620689655172413,0.0,0.489,False,True,True,False,False,False,combined_feeder,행정동 단위 병의원 수 보조지표,조치원읍,B,출퇴근·등하교 시간대 집중 모니터링,2,470
종성골,"SJB293019088,SJB293064340",36.6959873,127.2218218,84,84,1,96.0,96.0,96.0,96.0,96.0,96.0,96.0,96.0,96.0,0.0,12789.45329364967,0,0,0,1.0,0.7,0.0,0.6,False,True,True,True,False,False,combined_feeder,행정동 단위 병의원 수 보조지표,전의면,C,"지선-BRT 환승 시간표 보정, 배차간격 조정",3,264
종촌종합복지센터,"SJB293064026,SJB293064031",36.5020669,127.2471714,"201,52,53","201,52,53",2,15.0,22.5,30.0,10.0,15.0,22.5,10.0,30.0,10.0,10.0,316.3021734907785,4,34,0,0.15815108674538925,0.26666666666666666,1.0,0.437,False,False,False,False,True,True,combined_feeder,행정동 단위 병의원 수 보조지표,종촌동,A,현행 유지 및 정기 모니터링,1,561
"종촌초등학교(가락마을6, 7단지)",SJB293064473,36.5034395,127.2408773,B5,,1,17.5,17.5,17.5,17.5,17.5,17.5,17.5,17.5,17.5,5.0,0.0,6,34,0,0.0,0.2791666666666667,1.0,0.393,True,False,False,False,True,True,combined_feeder,행정동 단위 병의원 수 보조지표,종촌동,A,현행 유지 및 정기 모니터링,1,
"종촌초등학교(가재마을1,2단지)","SJB293064027,SJB293064030",36.501982749999996,127.24259065,"201,52,53","201,52,53",2,15.0,22.5,30.0,10.0,15.0,22.5,10.0,30.0,10.0,10.0,230.73980609790036,4,34,0,0.11536990304895017,0.26666666666666666,1.0,0.429,False,False,False,False,True,True,combined_feeder,행정동 단위 병의원 수 보조지표,종촌동,A,현행 유지 및 정기 모니터링,1,563
종촌초등학교(가재마을3단지),SJB293064474,36.5038057,127.2413842,B5,,1,17.5,17.5,17.5,17.5,17.5,17.5,17.5,17.5,17.5,5.0,0.0,6,34,0,0.0,0.2791666666666667,1.0,0.393,True,False,False,False,True,True,combined_feeder,행정동 단위 병의원 수 보조지표,종촌동,A,현행 유지 및 정기 모니터링,1,
주택성능연구개발센터,"SJB293064426,SJB293064427",36.467548,127.24240449999999,"52,53","52,53",1,30.0,30.0,30.0,30.0,30.0,30.0,30.0,30.0,30.0,0.0,2290.5840416530154,0,1,0,1.0,0.35,0.06462218697719856,0.495,False,True,True,False,False,False,combined_feeder,행정동 단위 병의원 수 보조지표,가람동,B,출퇴근·등하교 시간대 집중 모니터링,2,465
죽림리,"SJB293001091,SJB293001092,SJB293001097",36.59289956666667,127.29790056666667,"11,12,13,16,17,72,73,74,75,76,86","11,12,13,16,17,72,73,74,75,76,86",8,960.0,960.0,960.0,960.0,960.0,960.0,960.0,960.0,960.0,0.0,4133.165246290637,1,0,0,1.0,0.7,0.19999999999999998,0.659,False,True,True,True,True,False,combined_feeder,행정동 단위 병의원 수 보조지표,조치원읍,E,배차 조정 + 두루타버스 연계 + 정류장 개선 패키지,5,19
중대부,"SJB293019081,SJB293019082",36.70495,127.21241,84,84,1,96.0,96.0,96.0,96.0,96.0,96.0,96.0,96.0,96.0,0.0,14083.042469407144,0,0,0,1.0,0.7,0.0,0.6,False,True,True,True,False,False,combined_feeder,행정동 단위 병의원 수 보조지표,전의면,C,"지선-BRT 환승 시간표 보정, 배차간격 조정",3,256
중봉리,"SJB274002001,SJB274002040",36.60378,127.3067,"300,31,32,33","300,31,32,33",4,40.0,44.6875,46.25,11.12781954887218,40.0,44.6875,11.12781954887218,46.25,11.12781954887218,0.0,2627.912372452558,1,0,0,1.0,0.12982456140350876,0.19999999999999998,0.458,False,True,False,False,True,False,combined_feeder,행정동 단위 병의원 수 보조지표,조치원읍,B,출퇴근·등하교 시간대 집중 모니터링,2,499
중앙요양병원,"SJB293001032,SJB293001033",36.61405499999999,127.289465,"11,12,91,910,92,94,95","11,12,91,910,92,94,95",6,30.0,165.0,320.0,15.737704918032788,30.0,165.0,15.737704918032788,320.0,15.737704918032788,0.0,3548.071979553147,0,72,0,1.0,0.18360655737704917,0.4,0.535,False,True,False,False,True,True,combined_feeder,행정동 단위 병의원 수 보조지표,조치원읍,B,출퇴근·등하교 시간대 집중 모니터링,2,425
"진웅엠피아,재진가로등","SJB293064466,SJB293064467",36.5382767,127.336559,32,32,1,46.25,46.25,46.25,46.25,46.25,46.25,46.25,46.25,46.25,0.0,1632.8719912599784,0,0,0,0.8164359956299891,0.5395833333333333,0.0,0.479,False,True,True,False,False,False,combined_feeder,행정동 단위 병의원 수 보조지표,연동면,B,출퇴근·등하교 시간대 집중 모니터링,2,482
집현동,"SJB293011077,SJB293011079",36.49975765000001,127.3335197,67,67,1,106.66666666666667,106.66666666666667,106.66666666666667,106.66666666666667,106.66666666666667,106.66666666666667,106.66666666666667,106.66666666666667,106.66666666666667,0.0,488.0033149336199,0,1,0,0.24400165746680993,0.7,0.06462218697719856,0.352,False,False,True,True,False,False,combined_feeder,행정동 단위 병의원 수 보조지표,집현동,B,출퇴근·등하교 시간대 집중 모니터링,2,551
집현리,"SJB293064418,SJB293064419",36.498025999999996,127.322385,"B0,B5",,2,10.0,13.75,17.5,6.363636363636364,10.0,13.75,6.363636363636364,17.5,6.363636363636364,5.0,0.0,2,17,0,0.0,0.14924242424242423,0.6694696731241,0.25,True,False,False,False,True,True,combined_feeder,행정동 단위 병의원 수 보조지표,반곡동,A,현행 유지 및 정기 모니터링,1,
첫마을1단지,"SJB293053007,SJB293064009",36.483594999999994,127.258915,"1005,61","1005,61",2,17.5,38.75,60.0,13.548387096774194,17.5,38.75,13.548387096774194,60.0,13.548387096774194,5.0,358.34104141390213,1,2,0,0.17917052070695105,0.23306451612903223,0.30242374307345077,0.234,False,False,False,False,True,False,combined_feeder,행정동 단위 병의원 수 보조지표,한솔동,A,현행 유지 및 정기 모니터링,1,594
첫마을3단지,"SJB293064010,SJB293064011",36.478105,127.26126,1004,1004,1,16.0,16.0,16.0,16.0,16.0,16.0,16.0,16.0,16.0,8.0,277.53586894001506,1,2,0,0.13876793447000754,0.30666666666666664,0.30242374307345077,0.246,False,False,False,False,True,False,combined_feeder,행정동 단위 병의원 수 보조지표,한솔동,A,현행 유지 및 정기 모니터링,1,593
첫마을4단지,"SJB293064003,SJB293064004",36.480085,127.251815,"1004,52,53,61","1004,52,53,61",3,16.0,35.333333333333336,60.0,8.88888888888889,16.0,35.333333333333336,8.88888888888889,60.0,8.88888888888889,8.0,896.1420342858565,4,28,0,0.4480710171429283,0.2237037037037037,1.0,0.525,False,True,False,False,True,True,combined_feeder,행정동 단위 병의원 수 보조지표,새롬동,B,출퇴근·등하교 시간대 집중 모니터링,2,438
첫마을5단지,"SJB293064001,SJB293064002",36.47766,127.249885,"1004,52,53,61","1004,52,53,61",3,16.0,35.333333333333336,60.0,8.88888888888889,16.0,35.333333333333336,8.88888888888889,60.0,8.88888888888889,8.0,1127.1278896908461,4,1,0,0.563563944845423,0.2237037037037037,0.8646221869771985,0.532,False,True,False,False,True,False,combined_feeder,행정동 단위 병의원 수 보조지표,가람동,B,출퇴근·등하교 시간대 집중 모니터링,2,430
첫마을6단지,"SJB293064005,SJB293064006",36.475224999999995,127.25317,"1004,52,53,61","1004,52,53,61",3,16.0,35.333333333333336,60.0,8.88888888888889,16.0,35.333333333333336,8.88888888888889,60.0,8.88888888888889,8.0,1005.4154564760541,4,1,0,0.5027077282380271,0.2237037037037037,0.8646221869771985,0.511,False,True,False,False,True,False,combined_feeder,행정동 단위 병의원 수 보조지표,가람동,B,출퇴근·등하교 시간대 집중 모니터링,2,459
청라2리,"SJB293016002,SJB293016003",36.59273195,127.20933880000001,71,71,1,120.0,120.0,120.0,120.0,120.0,120.0,120.0,120.0,120.0,0.0,8585.20705685772,0,0,0,1.0,0.7,0.0,0.6,False,True,True,True,False,False,combined_feeder,행정동 단위 병의원 수 보조지표,연서면,C,"지선-BRT 환승 시간표 보정, 배차간격 조정",3,163
청라리,"SJB293016001,SJB293064326",36.58824525,127.1983954,71,71,1,120.0,120.0,120.0,120.0,120.0,120.0,120.0,120.0,120.0,0.0,8739.505255338638,0,0,0,1.0,0.7,0.0,0.6,False,True,True,True,False,False,combined_feeder,행정동 단위 병의원 수 보조지표,연서면,C,"지선-BRT 환승 시간표 보정, 배차간격 조정",3,160
청람1리마을회관,"SJB293018023,SJB293018024",36.654855,127.23332500000001,92,92,1,120.0,120.0,120.0,120.0,120.0,120.0,120.0,120.0,120.0,0.0,9391.108385272273,0,3,0,1.0,0.7,0.1292443739543971,0.638,False,True,True,True,False,False,combined_feeder,행정동 단위 병의원 수 보조지표,전동면,C,"지선-BRT 환승 시간표 보정, 배차간격 조정",3,90
청람리,"SJB293018021,SJB293018022",36.65164,127.2328,92,92,1,120.0,120.0,120.0,120.0,120.0,120.0,120.0,120.0,120.0,0.0,9278.597204611251,0,0,0,1.0,0.7,0.0,0.6,False,True,True,True,False,False,combined_feeder,행정동 단위 병의원 수 보조지표,전동면,C,"지선-BRT 환승 시간표 보정, 배차간격 조정",3,158
청람리(동막골),"SJB293018017,SJB293064337",36.64434355,127.2317444,92,92,1,120.0,120.0,120.0,120.0,120.0,120.0,120.0,120.0,120.0,0.0,9084.874552287903,0,0,0,1.0,0.7,0.0,0.6,False,True,True,True,False,False,combined_feeder,행정동 단위 병의원 수 보조지표,전동면,C,"지선-BRT 환승 시간표 보정, 배차간격 조정",3,159
청람리입구,"SJB293018018,SJB293018019",36.66146,127.232395,95,95,1,240.0,240.0,240.0,240.0,240.0,240.0,240.0,240.0,240.0,0.0,9786.743025352074,0,3,0,1.0,0.7,0.1292443739543971,0.638,False,True,True,True,False,False,combined_feeder,행정동 단위 병의원 수 보조지표,전동면,C,"지선-BRT 환승 시간표 보정, 배차간격 조정",3,87
청봉사,"SJB293015071,SJB293015072",36.52223,127.35364,33,33,1,46.25,46.25,46.25,46.25,46.25,46.25,46.25,46.25,46.25,0.0,3166.833584525899,0,0,0,1.0,0.5395833333333333,0.0,0.543,False,True,True,False,False,False,combined_feeder,행정동 단위 병의원 수 보조지표,부강면,B,출퇴근·등하교 시간대 집중 모니터링,2,410
청송리,"SJB293018043,SJB293018045",36.661785,127.257285,95,95,1,240.0,240.0,240.0,240.0,240.0,240.0,240.0,240.0,240.0,0.0,7927.929580482271,0,0,0,1.0,0.7,0.0,0.6,False,True,True,True,False,False,combined_feeder,행정동 단위 병의원 수 보조지표,전동면,C,"지선-BRT 환승 시간표 보정, 배차간격 조정",3,131
청송산업단지입구,"SJB293018037,SJB293018038",36.66373,127.255395,95,95,1,240.0,240.0,240.0,240.0,240.0,240.0,240.0,240.0,240.0,0.0,8205.214638842894,0,0,0,1.0,0.7,0.0,0.6,False,True,True,True,False,False,combined_feeder,행정동 단위 병의원 수 보조지표,전동면,C,"지선-BRT 환승 시간표 보정, 배차간격 조정",3,130
청정아파트,"SJB293015066,SJB293015070",36.529160000000005,127.351625,"32,33","32,33",2,46.25,46.25,46.25,23.125,46.25,46.25,23.125,46.25,23.125,0.0,2825.81302763726,0,0,0,1.0,0.26979166666666665,0.0,0.448,False,True,False,False,False,False,combined_feeder,행정동 단위 병의원 수 보조지표,부강면,B,출퇴근·등하교 시간대 집중 모니터링,2,508
초정약수터,"SJB293011084,SJB293011087",36.479425,127.33552,"69,691","69,691",2,192.0,256.0,320.0,120.0,192.0,256.0,120.0,320.0,120.0,0.0,2390.0184887571545,0,0,0,1.0,0.7,0.0,0.6,False,True,True,True,False,False,combined_feeder,행정동 단위 병의원 수 보조지표,집현동,C,"지선-BRT 환승 시간표 보정, 배차간격 조정",3,229
축산리,"SJB293011050,SJB293011051",36.43985,127.30654000000001,64,64,1,96.0,96.0,96.0,96.0,96.0,96.0,96.0,96.0,96.0,0.0,4390.449540254258,0,0,0,1.0,0.7,0.0,0.6,False,True,True,True,False,False,combined_feeder,행정동 단위 병의원 수 보조지표,금남면,C,"지선-BRT 환승 시간표 보정, 배차간격 조정",3,273
축산리마을회관,"SJB293011048,SJB293011049",36.44154,127.300625,64,64,1,96.0,96.0,96.0,96.0,96.0,96.0,96.0,96.0,96.0,0.0,3914.193472138294,0,0,0,1.0,0.7,0.0,0.6,False,True,True,True,False,False,combined_feeder,행정동 단위 병의원 수 보조지표,금남면,C,"지선-BRT 환승 시간표 보정, 배차간격 조정",3,274
충남대학교병원세종의원,SJB293064065,36.4960299,127.2657345,203,203,1,12.5,12.5,12.5,12.5,12.5,12.5,12.5,12.5,12.5,5.0,768.4011441953135,0,65,0,0.38420057209765673,0.22083333333333333,0.39060196694506133,0.328,False,True,False,False,True,True,combined_feeder,행정동 단위 병의원 수 보조지표,나성동,B,출퇴근·등하교 시간대 집중 모니터링,2,554
평기리,"SJB293064175,SJB293064176",36.52306575,127.19914155000001,75,75,1,120.0,120.0,120.0,120.0,120.0,120.0,120.0,120.0,120.0,0.0,3848.4344751502817,0,0,0,1.0,0.7,0.0,0.6,False,True,True,True,False,False,combined_feeder,행정동 단위 병의원 수 보조지표,장군면,C,"지선-BRT 환승 시간표 보정, 배차간격 조정",3,210
평기리(아랫말),"SJB293017016,SJB293017017",36.50662,127.19957,75,75,1,120.0,120.0,120.0,120.0,120.0,120.0,120.0,120.0,120.0,0.0,3713.2030878011838,0,5,0,1.0,0.7,0.1670459300506493,0.649,False,True,True,True,False,False,combined_feeder,행정동 단위 병의원 수 보조지표,장군면,C,"지선-BRT 환승 시간표 보정, 배차간격 조정",3,85
평기리마을회관,"SJB293017011,SJB293017014",36.510149999999996,127.197665,75,75,1,120.0,120.0,120.0,120.0,120.0,120.0,120.0,120.0,120.0,0.0,3915.157149132003,0,0,0,1.0,0.7,0.0,0.6,False,True,True,True,False,False,combined_feeder,행정동 단위 병의원 수 보조지표,장군면,C,"지선-BRT 환승 시간표 보정, 배차간격 조정",3,208
평전,"SJB293016033,SJB293016034",36.57383,127.23795999999999,"72,73","72,73",2,120.0,540.0,960.0,106.66666666666667,120.0,540.0,106.66666666666667,960.0,106.66666666666667,0.0,5472.320829123711,0,0,0,1.0,0.7,0.0,0.6,False,True,True,True,False,False,combined_feeder,행정동 단위 병의원 수 보조지표,연서면,C,"지선-BRT 환승 시간표 보정, 배차간격 조정",3,238
평촌입구,"SJB293017025,SJB293017026",36.547124999999994,127.205885,75,75,1,120.0,120.0,120.0,120.0,120.0,120.0,120.0,120.0,120.0,0.0,4647.382930685187,0,0,0,1.0,0.7,0.0,0.6,False,True,True,True,False,False,combined_feeder,행정동 단위 병의원 수 보조지표,아름동,C,"지선-BRT 환승 시간표 보정, 배차간격 조정",3,185
하노곡,"SJB293019089,SJB293019090",36.701377550000004,127.22718745,84,84,1,96.0,96.0,96.0,96.0,96.0,96.0,96.0,96.0,96.0,0.0,12856.01066952574,0,0,0,1.0,0.7,0.0,0.6,False,True,True,True,False,False,combined_feeder,행정동 단위 병의원 수 보조지표,전의면,C,"지선-BRT 환승 시간표 보정, 배차간격 조정",3,262
한결초등학교,"SJB293064376,SJB293064377",36.495975200000004,127.24731125,203,203,1,12.5,12.5,12.5,12.5,12.5,12.5,12.5,12.5,12.5,5.0,362.0290302374823,4,20,0,0.18101451511874114,0.22083333333333333,1.0,0.436,False,False,False,False,True,True,combined_feeder,행정동 단위 병의원 수 보조지표,다정동,A,현행 유지 및 정기 모니터링,1,562
한국개발연구원(KDI),"SJB293060003,SJB293060004",36.482519100000005,127.30730745,221,221,1,12.5,12.5,12.5,12.5,12.5,12.5,12.5,12.5,12.5,5.0,716.1910281801153,2,22,0,0.35809551409005763,0.22083333333333333,0.6923224665272583,0.406,False,True,False,False,True,True,combined_feeder,행정동 단위 병의원 수 보조지표,소담동,B,출퇴근·등하교 시간대 집중 모니터링,2,535
한국영상대기숙사,"SJB293017035,SJB293017036",36.443155000000004,127.209925,61,61,1,60.0,60.0,60.0,60.0,60.0,60.0,60.0,60.0,60.0,0.0,6264.6293899936845,0,0,0,1.0,0.7,0.0,0.6,False,True,True,True,False,False,combined_feeder,행정동 단위 병의원 수 보조지표,가람동,C,"지선-BRT 환승 시간표 보정, 배차간격 조정",3,333
한국영상대학교,SJB293017045,36.46158,127.21124,61,61,1,60.0,60.0,60.0,60.0,60.0,60.0,60.0,60.0,60.0,0.0,4996.911603847173,0,0,0,1.0,0.7,0.0,0.6,False,True,True,True,False,False,combined_feeder,행정동 단위 병의원 수 보조지표,가람동,C,"지선-BRT 환승 시간표 보정, 배차간격 조정",3,341
한국조세재정연구원,"SJB293057001,SJB293057002",36.49281,127.3005,221,221,1,12.5,12.5,12.5,12.5,12.5,12.5,12.5,12.5,12.5,5.0,359.81379389824457,0,22,0,0.1799068969491223,0.22083333333333333,0.2923224665272583,0.227,False,False,False,False,True,True,combined_feeder,행정동 단위 병의원 수 보조지표,소담동,A,현행 유지 및 정기 모니터링,1,596
한국콜마,"SJB293019053,SJB293019054",36.68083,127.193455,"81,82,86","81,82,86",3,96.0,147.55555555555557,240.0,41.73913043478261,96.0,147.55555555555557,41.73913043478261,240.0,41.73913043478261,0.0,13869.95239665974,1,0,0,1.0,0.4869565217391304,0.19999999999999998,0.584,False,True,True,False,True,False,combined_feeder,행정동 단위 병의원 수 보조지표,전의면,D,쉘터·의자·안내정보 등 대기환경 우선 개선,4,59
"한뜰마을1,2단지",SJB293064392,36.506399,127.267947,"203,221","203,221",2,12.5,12.5,12.5,6.25,12.5,12.5,6.25,12.5,6.25,5.0,594.4496341961096,3,33,0,0.2972248170980548,0.14791666666666667,0.9287629749668292,0.43,False,True,False,False,True,True,combined_feeder,행정동 단위 병의원 수 보조지표,어진동,B,출퇴근·등하교 시간대 집중 모니터링,2,520
한마음효요양병원,"SJB293001015,SJB293001016",36.63381,127.28317,94,94,1,160.0,160.0,160.0,160.0,160.0,160.0,160.0,160.0,160.0,0.0,4367.131659263027,0,0,0,1.0,0.7,0.0,0.6,False,True,True,True,False,False,combined_feeder,행정동 단위 병의원 수 보조지표,조치원읍,C,"지선-BRT 환승 시간표 보정, 배차간격 조정",3,143
한별리,"SJB293014025,SJB293014026",36.533935,127.27594,"B0,B2,B5",,3,8.0,11.833333333333334,17.5,3.5443037974683547,8.0,11.833333333333334,3.5443037974683547,17.5,3.5443037974683547,5.0,0.0,0,1,0,0.0,0.11635021097046414,0.06462218697719856,0.06,True,False,False,False,False,False,combined_feeder,행정동 단위 병의원 수 보조지표,연기면,A,현행 유지 및 정기 모니터링,1,
한솔동,"SJB293053009,SJB293053011",36.4807111,127.26210645,"B0,B2",,2,8.0,9.0,10.0,4.444444444444445,8.0,9.0,4.444444444444445,10.0,4.444444444444445,4.0,0.0,1,2,0,0.0,0.11185185185185186,0.30242374307345077,0.128,True,False,False,False,True,False,combined_feeder,행정동 단위 병의원 수 보조지표,한솔동,A,현행 유지 및 정기 모니터링,1,
한솔동(첫마을),"SJB293053008,SJB293053010",36.48121275,127.26171275000002,"1005,61,B5","1005,61",3,17.5,31.666666666666668,60.0,7.636363636363636,17.5,38.75,13.548387096774194,60.0,13.548387096774194,5.0,0.0,1,2,0,0.0,0.23306451612903223,0.30242374307345077,0.171,True,False,False,False,True,False,combined_feeder,행정동 단위 병의원 수 보조지표,한솔동,A,현행 유지 및 정기 모니터링,1,
한솔중학교(첫마을7단지),"SJB293064007,SJB293064008",36.475145,127.25564,1004,1004,1,16.0,16.0,16.0,16.0,16.0,16.0,16.0,16.0,16.0,8.0,852.4339994971415,5,1,0,0.42621699974857075,0.30666666666666664,1.0,0.548,False,True,False,False,True,False,combined_feeder,행정동 단위 병의원 수 보조지표,가람동,B,출퇴근·등하교 시간대 집중 모니터링,2,400
한화사원아파트,"SJB293012026,SJB293012027",36.52616999999999,127.36830499999999,35,35,1,87.27272727272727,87.27272727272727,87.27272727272727,87.27272727272727,87.27272727272727,87.27272727272727,87.27272727272727,87.27272727272727,87.27272727272727,0.0,4345.169258233264,2,10,0,1.0,0.7,0.623556036894412,0.783,False,True,True,True,True,True,combined_feeder,행정동 단위 병의원 수 보조지표,부강면,E,배차 조정 + 두루타버스 연계 + 정류장 개선 패키지,5,4
합강2리,"SJB293015053,SJB293015054",36.51816,127.342705,33,33,1,46.25,46.25,46.25,46.25,46.25,46.25,46.25,46.25,46.25,0.0,2220.5492457589253,0,0,0,1.0,0.5395833333333333,0.0,0.543,False,True,True,False,False,False,combined_feeder,행정동 단위 병의원 수 보조지표,집현동,B,출퇴근·등하교 시간대 집중 모니터링,2,419
합강2리(합강공원),SJB293015048,36.51779,127.33971,33,33,1,46.25,46.25,46.25,46.25,46.25,46.25,46.25,46.25,46.25,0.0,2034.7092087643528,0,0,0,1.0,0.5395833333333333,0.0,0.543,False,True,True,False,False,False,combined_feeder,행정동 단위 병의원 수 보조지표,집현동,B,출퇴근·등하교 시간대 집중 모니터링,2,420
해밀리,"SJB293014014,SJB293014015,SJB293014016,SJB293014017",36.5291242,127.264328375,"B0,B2,B5",,2,17.5,17.5,17.5,17.5,17.5,17.5,17.5,17.5,17.5,5.0,0.0,3,12,0,0.0,0.2791666666666667,0.8391305073635655,0.345,True,False,False,False,True,True,combined_feeder,행정동 단위 병의원 수 보조지표,해밀동,A,현행 유지 및 정기 모니터링,1,
해정2리,"SJB285016025,SJB285016026",36.726875,127.279675,910,910,1,320.0,320.0,320.0,320.0,320.0,320.0,320.0,320.0,320.0,0.0,12733.828652878607,0,0,0,1.0,0.7,0.0,0.6,False,True,True,True,False,False,combined_feeder,행정동 단위 병의원 수 보조지표,전의면,C,"지선-BRT 환승 시간표 보정, 배차간격 조정",3,121
해정리,"SJB285016024,SJB285016027",36.71973,127.2775,910,910,1,320.0,320.0,320.0,320.0,320.0,320.0,320.0,320.0,320.0,0.0,12065.587320775301,0,0,0,1.0,0.7,0.0,0.6,False,True,True,True,False,False,combined_feeder,행정동 단위 병의원 수 보조지표,전의면,C,"지선-BRT 환승 시간표 보정, 배차간격 조정",3,122
행산1리,SJB293064199,36.5525825,127.3725366,35,35,1,87.27272727272727,87.27272727272727,87.27272727272727,87.27272727272727,87.27272727272727,87.27272727272727,87.27272727272727,87.27272727272727,87.27272727272727,0.0,5209.804230028295,0,0,0,1.0,0.7,0.0,0.6,False,True,True,True,False,False,combined_feeder,행정동 단위 병의원 수 보조지표,부강면,C,"지선-BRT 환승 시간표 보정, 배차간격 조정",3,286
행산리,SJB293012036,36.55633,127.37314,35,35,1,87.27272727272727,87.27272727272727,87.27272727272727,87.27272727272727,87.27272727272727,87.27272727272727,87.27272727272727,87.27272727272727,87.27272727272727,0.0,5454.115313621311,0,0,0,1.0,0.7,0.0,0.6,False,True,True,True,False,False,combined_feeder,행정동 단위 병의원 수 보조지표,부강면,C,"지선-BRT 환승 시간표 보정, 배차간격 조정",3,284
행산리(미건산업입구),SJB293012037,36.5575,127.37354,35,35,1,87.27272727272727,87.27272727272727,87.27272727272727,87.27272727272727,87.27272727272727,87.27272727272727,87.27272727272727,87.27272727272727,87.27272727272727,0.0,5550.913534495284,0,0,0,1.0,0.7,0.0,0.6,False,True,True,True,False,False,combined_feeder,행정동 단위 병의원 수 보조지표,부강면,C,"지선-BRT 환승 시간표 보정, 배차간격 조정",3,283
행산리입구,SJB293012058,36.560275,127.3725783,35,35,1,87.27272727272727,87.27272727272727,87.27272727272727,87.27272727272727,87.27272727272727,87.27272727272727,87.27272727272727,87.27272727272727,87.27272727272727,0.0,5644.541608136004,0,0,0,1.0,0.7,0.0,0.6,False,True,True,True,False,False,combined_feeder,행정동 단위 병의원 수 보조지표,부강면,C,"지선-BRT 환승 시간표 보정, 배차간격 조정",3,282
행정리,"SJB293064331,SJB293064332",36.68867545,127.15751005,85,85,1,137.14285714285714,137.14285714285714,137.14285714285714,137.14285714285714,137.14285714285714,137.14285714285714,137.14285714285714,137.14285714285714,137.14285714285714,0.0,17107.94630236283,0,0,0,1.0,0.7,0.0,0.6,False,True,True,True,False,False,combined_feeder,행정동 단위 병의원 수 보조지표,소정면,C,"지선-BRT 환승 시간표 보정, 배차간격 조정",3,149
"현도면 행정복지센터, 선동리",SJB274020010,36.48497,127.42426,300,300,1,40.0,40.0,40.0,40.0,40.0,40.0,40.0,40.0,40.0,0.0,8731.981329319655,0,0,0,1.0,0.4666666666666666,0.0,0.518,False,True,True,False,False,False,combined_feeder,행정동 단위 병의원 수 보조지표,부강면,B,출퇴근·등하교 시간대 집중 모니터링,2,448
협진운수,"SJB186004319,SJB186004320",36.445175,127.384,691,691,1,192.0,192.0,192.0,192.0,192.0,192.0,192.0,192.0,192.0,0.0,7967.658020688778,0,0,0,1.0,0.7,0.0,0.6,False,True,True,True,False,False,combined_feeder,행정동 단위 병의원 수 보조지표,집현동,C,"지선-BRT 환승 시간표 보정, 배차간격 조정",3,136
"호려울마을8,9단지","SJB293064166,SJB293064167",36.479711,127.29637675000001,221,221,1,12.5,12.5,12.5,12.5,12.5,12.5,12.5,12.5,12.5,5.0,332.17047654513436,3,22,0,0.1660852382725672,0.22083333333333333,0.8923224665272582,0.399,False,False,False,False,True,True,combined_feeder,행정동 단위 병의원 수 보조지표,소담동,A,현행 유지 및 정기 모니터링,1,571
호탄리,"SJB293058005,SJB293058006",36.47634,127.29645500000001,"66,661,67,69,691","66,661,67,69,691",5,106.66666666666667,247.16190476190476,480.0,36.92307692307693,106.66666666666667,247.16190476190476,36.92307692307693,480.0,36.92307692307693,0.0,694.0265680010838,3,22,0,0.3470132840005419,0.4307692307692308,0.8923224665272582,0.537,False,True,True,False,True,True,combined_feeder,행정동 단위 병의원 수 보조지표,소담동,D,쉘터·의자·안내정보 등 대기환경 우선 개선,4,64
홍익대학교,"SJB293001043,SJB293001048",36.62183,127.29064,"91,910,92,94,95","91,910,92,94,95",5,120.0,192.0,320.0,33.10344827586207,120.0,192.0,33.10344827586207,320.0,33.10344827586207,0.0,3406.901156544004,0,0,0,1.0,0.38620689655172413,0.0,0.489,False,True,True,False,False,False,combined_feeder,행정동 단위 병의원 수 보조지표,조치원읍,B,출퇴근·등하교 시간대 집중 모니터링,2,473
황용2리,"SJB293011061,SJB293011062",36.474509999999995,127.318485,"66,661","66,661",2,137.14285714285714,308.57142857142856,480.0,106.66666666666667,137.14285714285714,308.57142857142856,106.66666666666667,480.0,106.66666666666667,0.0,2053.8450798467657,0,0,0,1.0,0.7,0.0,0.6,False,True,True,True,False,False,combined_feeder,행정동 단위 병의원 수 보조지표,소담동,C,"지선-BRT 환승 시간표 보정, 배차간격 조정",3,250
황용교,"SJB293011072,SJB293011073",36.481595,127.32534000000001,67,67,1,106.66666666666667,106.66666666666667,106.66666666666667,106.66666666666667,106.66666666666667,106.66666666666667,106.66666666666667,106.66666666666667,106.66666666666667,0.0,1846.1003496773396,0,0,0,0.9230501748386698,0.7,0.0,0.573,False,True,True,True,False,False,combined_feeder,행정동 단위 병의원 수 보조지표,집현동,C,"지선-BRT 환승 시간표 보정, 배차간격 조정",3,345
황용리,"SJB293011071,SJB293064275",36.48113955,127.32388605,67,67,1,106.66666666666667,106.66666666666667,106.66666666666667,106.66666666666667,106.66666666666667,106.66666666666667,106.66666666666667,106.66666666666667,106.66666666666667,0.0,1878.892497463712,0,0,0,0.939446248731856,0.7,0.0,0.579,False,True,True,True,False,False,combined_feeder,행정동 단위 병의원 수 보조지표,소담동,C,"지선-BRT 환승 시간표 보정, 배차간격 조정",3,344
황용리(황용1교),"SJB293011065,SJB293011109",36.47970635,127.32135195000001,"66,661,69,691","66,661,69,691",4,137.14285714285714,282.2857142857143,480.0,56.470588235294116,137.14285714285714,282.2857142857143,56.470588235294116,480.0,56.470588235294116,0.0,1939.529132238465,0,0,0,0.9697645661192326,0.6588235294117647,0.0,0.575,False,True,True,False,False,False,combined_feeder,행정동 단위 병의원 수 보조지표,소담동,B,출퇴근·등하교 시간대 집중 모니터링,2,377
황용리삼성복지회관,"SJB293011078,SJB293011080",36.480165,127.32982,"66,661,69,691","66,661,69,691",4,137.14285714285714,282.2857142857143,480.0,56.470588235294116,137.14285714285714,282.2857142857143,56.470588235294116,480.0,56.470588235294116,0.0,2103.6376741022063,0,0,0,1.0,0.6588235294117647,0.0,0.585,False,True,True,False,False,False,combined_feeder,행정동 단위 병의원 수 보조지표,집현동,B,출퇴근·등하교 시간대 집중 모니터링,2,372
황용사,"SJB293011082,SJB293011083",36.47394,127.33412999999999,"66,661","66,661",2,137.14285714285714,308.57142857142856,480.0,106.66666666666667,137.14285714285714,308.57142857142856,106.66666666666667,480.0,106.66666666666667,0.0,2886.7692175914176,0,0,0,1.0,0.7,0.0,0.6,False,True,True,True,False,False,combined_feeder,행정동 단위 병의원 수 보조지표,집현동,C,"지선-BRT 환승 시간표 보정, 배차간격 조정",3,249
효방동,"SJB293016025,SJB293016026",36.556645,127.233155,75,75,1,120.0,120.0,120.0,120.0,120.0,120.0,120.0,120.0,120.0,0.0,4121.831328783201,0,0,0,1.0,0.7,0.0,0.6,False,True,True,True,False,False,combined_feeder,행정동 단위 병의원 수 보조지표,연기면,C,"지선-BRT 환승 시간표 보정, 배차간격 조정",3,204
효성세종병원,"SJB293001093,SJB293064035",36.59714975,127.29882845,"11,12,16,17,72,73,74,75,86","11,12,16,17,72,73,74,75,86",8,30.0,233.75,960.0,12.972972972972975,30.0,233.75,12.972972972972975,960.0,12.972972972972975,0.0,3624.476641732885,1,0,0,1.0,0.15135135135135136,0.19999999999999998,0.465,False,True,False,False,True,False,combined_feeder,행정동 단위 병의원 수 보조지표,조치원읍,B,출퇴근·등하교 시간대 집중 모니터링,2,493
흥진레미콘,"SJB293018003,SJB293018006",36.652505000000005,127.213765,"81,95","81,95",2,106.66666666666667,173.33333333333334,240.0,73.84615384615384,106.66666666666667,173.33333333333334,73.84615384615384,240.0,73.84615384615384,0.0,10895.230652995127,0,0,0,1.0,0.7,0.0,0.6,False,True,True,True,False,False,combined_feeder,행정동 단위 병의원 수 보조지표,전동면,C,"지선-BRT 환승 시간표 보정, 배차간격 조정",3,310
