정류소ID,정류소명,위도,경도,노선수,BRT경유,지선노선수,BRT최근접거리km,동,동까지km,병원,학교,시설합,환승부담,대안부족,약자인접,취약도점수,등급
SJB293064220,세종고속시외버스터미널(지하),36.4708162,127.2731717,3,True,0,0.0,대평동,0.5054568850715129,18,4,22,0.0,0.3333333333333333,0.7039177700774191,0.346,A
SJB293053011,한솔동,36.48034,127.26243,2,True,0,0.0,한솔동,0.08334990483796419,2,8,10,0.0,0.5,0.5383269676379318,0.338,A
SJB293053005,새롬동.나성동,36.48685,127.25785,2,True,0,0.0,나성동,0.05598270652629193,65,0,65,0.0,0.5,0.9405765790984211,0.479,A
SJB293054003,다정동,36.4939251,127.2563976,2,True,0,0.0,다정동,0.6859611845295174,20,10,30,0.0,0.5,0.7709293811404035,0.42,A
SJB293062006,정부세종청사남측,36.5008869,127.2596196,2,True,0,0.0,어진동,0.31707512769784124,33,0,33,0.0,0.5,0.7916671714354506,0.427,A
SJB293062011,정부세종청사북측,36.504176,127.2611617,2,True,0,0.0,어진동,0.10094583303392868,33,0,33,0.0,0.5,0.7916671714354506,0.427,A
SJB293056003,도담동,36.5140662,127.259188,2,True,0,0.0,도담동,0.0459726375171468,15,18,33,0.0,0.5,0.7916671714354506,0.427,A
SJB293064445,세종충남대학교병원,36.520517,127.259481,2,True,0,0.0,산울동,0.5455633523673117,0,6,6,0.0,0.5,0.43685640558202377,0.303,A
SJB293014014,해밀리,36.528653,127.2638902,2,True,0,0.0,해밀동,0.06540708360078339,12,4,16,0.0,0.5,0.6360557800329567,0.373,A
SJB293014025,한별리,36.53377,127.27527,3,True,0,0.0,연기면,0.9591629655192861,1,4,5,0.0,0.3333333333333333,0.40224961146048943,0.241,A
SJB293064420,누리리,36.533978,127.29214,3,True,0,0.0,연기면,1.8518585852601899,0,0,0,0.0,0.3333333333333333,0.0,0.1,A
SJB293064493,다솜리,36.5319645,127.3198216,1,True,0,0.0,연동면,2.638501910186698,0,0,0,0.0,1.0,0.0,0.3,B
SJB293064416,산학연클러스터,36.501718,127.328826,2,True,0,0.0,집현동,0.47279037808005714,1,3,4,0.0,0.5,0.3613184615819645,0.276,A
SJB293064418,집현리,36.498135,127.322785,2,True,0,0.0,집현동,0.9763488277798918,1,3,4,0.0,0.5,0.3613184615819645,0.276,A
SJB293064257,반곡동(수루배마을),36.497739,127.312279,2,True,0,0.0,반곡동,0.0600760747227684,17,10,27,0.0,0.5,0.7480791883870117,0.412,A
SJB293064261,국책연구단지,36.492195,127.304331,2,True,0,0.0,반곡동,0.8891562140546194,17,10,27,0.0,0.5,0.7480791883870117,0.412,A
SJB293064254,"법원.검찰청,경찰청",36.486842,127.301429,2,True,0,0.0,소담동,0.5926135995822741,22,8,30,0.0,0.5,0.7709293811404035,0.42,A
SJB293064214,소담동 새샘마을,36.4824576,127.2972683,2,True,0,0.0,소담동,0.02323372175342571,22,8,30,0.0,0.5,0.7709293811404035,0.42,A
SJB293064211,세종시청.교육청.시의회,36.478674,127.288769,2,True,0,0.0,보람동,0.7809085687366984,22,7,29,0.0,0.5,0.763568073042454,0.417,A
SJB293064209,보람동.대평동,36.4756055,127.2816359,2,True,0,0.0,보람동,0.059442350989709264,22,7,29,0.0,0.5,0.763568073042454,0.417,A
SJB293064251,대평동,36.472267,127.276406,2,True,0,0.0,대평동,0.1751611497187692,18,4,22,0.0,0.5,0.7039177700774191,0.396,A
SJB293064221,세종고속시외버스터미널(지하),36.4706404,127.273189,3,True,0,0.0,대평동,0.5146726694326349,18,4,22,0.0,0.3333333333333333,0.7039177700774191,0.346,A
SJB293064252,대평동,36.472148,127.276445,2,True,0,0.0,대평동,0.18060516251230593,18,4,22,0.0,0.5,0.7039177700774191,0.396,A
SJB293064206,보람동.대평동,36.4749413,127.2807336,2,True,0,0.0,보람동,0.04994193568705623,22,7,29,0.0,0.5,0.763568073042454,0.417,A
SJB293064210,세종시청.교육청.시의회,36.478356,127.288188,2,True,0,0.0,보람동,0.7183266929356784,22,7,29,0.0,0.5,0.763568073042454,0.417,A
SJB293064216,소담동 새샘마을,36.4826387,127.2977367,2,True,0,0.0,소담동,0.023233699700293514,22,8,30,0.0,0.5,0.7709293811404035,0.42,A
SJB293064253,"법원.검찰청,경찰청",36.487095,127.301744,2,True,0,0.0,소담동,0.631989294029609,22,8,30,0.0,0.5,0.7709293811404035,0.42,A
SJB293064255,국책연구단지,36.4913263,127.304,2,True,0,0.0,반곡동,0.9778885918567232,17,10,27,0.0,0.5,0.7480791883870117,0.412,A
SJB293064258,반곡동(수루배마을),36.497535,127.310959,2,True,0,0.0,반곡동,0.06007615103604283,17,10,27,0.0,0.5,0.7480791883870117,0.412,A
SJB293064419,집현리,36.497917,127.321985,2,True,0,0.0,반곡동,0.927112418082701,17,10,27,0.0,0.5,0.7480791883870117,0.412,A
SJB293064417,산학연클러스터,36.500789,127.328331,2,True,0,0.0,집현동,0.47775749028900805,1,3,4,0.0,0.5,0.3613184615819645,0.276,A
SJB293064492,다솜리,36.5317939,127.3202744,1,True,0,0.0,연동면,2.6479216756128707,0,0,0,0.0,1.0,0.0,0.3,B
SJB293014058,누리리,36.5341,127.292158,3,True,0,0.0,연기면,1.8464663662144434,0,0,0,0.0,0.3333333333333333,0.0,0.1,A
SJB293014026,한별리,36.5341,127.27661,3,True,0,0.0,연기면,0.9423207182022302,1,4,5,0.0,0.3333333333333333,0.40224961146048943,0.241,A
SJB293014017,해밀리,36.52963,127.26478,2,True,0,0.0,해밀동,0.06922123125354852,12,4,16,0.0,0.5,0.6360557800329567,0.373,A
SJB293064446,세종충남대학교병원,36.521617,127.259736,2,True,0,0.0,산울동,0.4486398682178704,0,6,6,0.0,0.5,0.43685640558202377,0.303,A
SJB293056002,도담동,36.51483,127.25896,2,True,0,0.0,도담동,0.04141909046066074,15,18,33,0.0,0.5,0.7916671714354506,0.427,A
SJB293062014,정부세종청사북측,36.5050692,127.2615051,2,True,0,0.0,어진동,0.19179830137098774,33,0,33,0.0,0.5,0.7916671714354506,0.427,A
SJB293062007,정부세종청사남측,36.50173,127.25991,2,True,0,0.0,어진동,0.22058227308961034,33,0,33,0.0,0.5,0.7916671714354506,0.427,A
SJB293062004,다정동,36.49491,127.25649,2,True,0,0.0,다정동,0.6696319412337841,20,10,30,0.0,0.5,0.7709293811404035,0.42,A
SJB293053004,새롬동.나성동,36.48771,127.25729,2,True,0,0.0,나성동,0.05195718676790298,65,0,65,0.0,0.5,0.9405765790984211,0.479,A
SJB293053009,한솔동,36.4810822,127.2617829,2,True,0,0.0,한솔동,0.017526631088933188,2,8,10,0.0,0.5,0.5383269676379318,0.338,A
SJB293055002,세종고속시외버스터미널(지상),36.4693014,127.2740033,3,True,0,0.0,대평동,0.5608210272369766,18,4,22,0.0,0.3333333333333333,0.7039177700774191,0.346,A
SJB293055001,세종고속시외버스터미널(지상),36.469265,127.2738136,3,True,0,0.0,대평동,0.5748186842339089,18,4,22,0.0,0.3333333333333333,0.7039177700774191,0.346,A
SJB186004230,반석역,36.39142,127.31514,3,True,2,0.0,금남면,8.679399462010627,0,0,0,0.0,0.3333333333333333,0.0,0.1,A
SJB274002060,오송역,36.61931,127.3286,1,True,0,0.0,조치원읍,3.779389051199297,0,0,0,0.0,1.0,0.0,0.3,B
SJB186004229,반석역,36.39155,127.31487,3,True,2,0.0,금남면,8.657379787195868,0,0,0,0.0,0.3333333333333333,0.0,0.1,A
SJB293014016,해밀리,36.5296733,127.2646746,1,True,0,0.0,해밀동,0.06844690493673894,12,4,16,0.0,1.0,0.6360557800329567,0.523,D
SJB293064448,세종충남대학교병원(후문),36.521691,127.259634,1,True,0,0.0,산울동,0.43678502734206,0,6,6,0.0,1.0,0.43685640558202377,0.453,B
SJB293064051,세종충남대병원,36.5186505,127.2570215,2,True,1,0.0,도담동,0.4999487288080478,15,18,33,0.0,0.5,0.7916671714354506,0.427,A
SJB293064102,범지기마을10단지북측,36.5190968,127.2483697,3,True,2,0.0,아름동,0.40917510048974426,31,8,39,0.0,0.3333333333333333,0.8281526357894464,0.39,A
SJB293064100,"범지기마을3,9단지",36.5190031,127.2445558,3,True,2,0.0,아름동,0.3835703763451353,31,8,39,0.0,0.3333333333333333,0.8281526357894464,0.39,A
SJB293064471,아름제2중(가락마을20단지),36.5165801,127.2413696,1,True,0,0.0,아름동,0.4441188707302343,31,8,39,0.0,1.0,0.8281526357894464,0.59,D
SJB293064203,"고운뜰공원,대법원등기정보센터",36.5114233,127.2412918,1,True,0,0.0,고운동,0.5842654038769692,17,16,33,0.0,1.0,0.7916671714354506,0.577,D
SJB293064472,가락마을8단지.가재마을4단지,36.5076818,127.2411758,1,True,0,0.0,고운동,0.4748014082411123,17,16,33,0.0,1.0,0.7916671714354506,0.577,D
SJB293064473,"종촌초등학교(가락마을6, 7단지)",36.5034395,127.2408773,1,True,0,0.0,종촌동,0.2649472835795271,34,8,42,0.0,1.0,0.8443886085975061,0.596,D
SJB293064145,다빛초등학교(가온마을3단지),36.4995152,127.2425474,2,True,1,0.0,종촌동,0.3518702422456674,34,8,42,0.0,0.5,0.8443886085975061,0.446,A
SJB293063001,가재마을5단지.가온마을6단지,36.49915,127.24736,1,True,0,0.0,다정동,0.4056426905214627,20,10,30,0.0,1.0,0.7709293811404035,0.57,D
SJB293062002,어진중학교(가재마을9단지),36.4986553,127.2550362,3,True,2,0.0,다정동,0.6217331165346716,20,10,30,0.0,0.3333333333333333,0.7709293811404035,0.37,A
SJB293054001,다정동(대성고등학교),36.4938571,127.2561857,1,True,0,0.0,다정동,0.6702779652286809,20,10,30,0.0,1.0,0.7709293811404035,0.57,D
SJB293053003,새롬동.나성동,36.4877395,127.2571293,1,True,0,0.0,나성동,0.06254046503210954,65,0,65,0.0,1.0,0.9405765790984211,0.629,D
SJB293053008,한솔동(첫마을),36.4811358,127.2615539,3,True,2,0.0,한솔동,0.03721785298944979,2,8,10,0.0,0.3333333333333333,0.5383269676379318,0.288,A
SJB293053010,한솔동(첫마을),36.4812897,127.2618716,3,True,2,0.0,한솔동,0.03660492362420458,2,8,10,0.0,0.3333333333333333,0.5383269676379318,0.288,A
SJB293053006,새롬동.나성동,36.4868848,127.2579693,1,True,0,0.0,나성동,0.05858841029963619,65,0,65,0.0,1.0,0.9405765790984211,0.629,D
SJB293053001,다정동(대성고등학교),36.4938489,127.2565765,1,True,0,0.0,다정동,0.7037649036610452,20,10,30,0.0,1.0,0.7709293811404035,0.57,D
SJB293062003,어진중학교(가재마을9단지),36.4989327,127.2549113,3,True,2,0.0,다정동,0.6288908616476577,20,10,30,0.0,0.3333333333333333,0.7709293811404035,0.37,A
SJB293063002,가재마을5단지.가온마을6단지,36.4994482,127.2466099,1,True,0,0.0,종촌동,0.43638150583571533,34,8,42,0.0,1.0,0.8443886085975061,0.596,D
SJB293064144,다빛초등학교(가재마을1단지),36.4997313,127.2424127,2,True,1,0.0,종촌동,0.33258078405192826,34,8,42,0.0,0.5,0.8443886085975061,0.446,A
SJB293064474,종촌초등학교(가재마을3단지),36.5038057,127.2413842,1,True,0,0.0,종촌동,0.24411698502704132,34,8,42,0.0,1.0,0.8443886085975061,0.596,D
SJB293064475,가락마을8단지.가재마을4단지,36.5076286,127.2416171,1,True,0,0.0,고운동,0.5146757044878446,17,16,33,0.0,1.0,0.7916671714354506,0.577,D
SJB293064204,"고운뜰공원,대법원등기정보센터",36.511388,127.241627,1,True,0,0.0,고운동,0.606878778293254,17,16,33,0.0,1.0,0.7916671714354506,0.577,D
SJB293064476,아름제2중(가락마을20단지),36.5166984,127.2418662,1,True,0,0.0,아름동,0.4035339911642308,31,8,39,0.0,1.0,0.8281526357894464,0.59,D
SJB293064099,"범지기마을3,9단지",36.518782,127.2444672,3,True,2,0.0,아름동,0.3645108313447692,31,8,39,0.0,0.3333333333333333,0.8281526357894464,0.39,A
SJB293064101,범지기마을10단지북측,36.5189898,127.2489006,3,True,2,0.0,아름동,0.4232526657106029,31,8,39,0.0,0.3333333333333333,0.8281526357894464,0.39,A
SJB293064052,세종충남대병원,36.5187208,127.2561613,2,True,1,0.0,도담동,0.539931580131408,15,18,33,0.0,0.5,0.7916671714354506,0.427,A
SJB293064447,세종충남대학교병원(후문),36.520501,127.259685,1,True,0,0.0,산울동,0.554825495567093,0,6,6,0.0,1.0,0.43685640558202377,0.453,B
SJB293014015,해밀리,36.5285405,127.2639687,1,True,0,0.0,해밀동,0.07242520648140294,12,4,16,0.0,1.0,0.6360557800329567,0.523,D
SJB293055058,세종고속시외버스터미널,36.4689905,127.2735878,12,False,12,0.036596937505602035,대평동,0.6111590590273867,18,4,22,0.018298468752801018,0.08333333333333333,0.7039177700774191,0.278,A
SJB293064010,첫마을3단지,36.47821,127.26117,1,False,1,0.2622723639700876,한솔동,0.3130635152152082,2,8,10,0.1311361819850438,1.0,0.5383269676379318,0.534,D
SJB293064007,한솔중학교(첫마을7단지),36.47538,127.25558,1,False,1,0.8241906646306847,가람동,0.6218262453678565,1,0,1,0.41209533231534234,1.0,0.15561139140249397,0.499,B
SJB293064005,첫마을6단지,36.47542,127.25308,3,False,3,0.9889290444150128,가람동,0.5439284087956058,1,0,1,0.4944645222075064,0.3333333333333333,0.15561139140249397,0.328,A
SJB293064002,첫마을5단지,36.4777,127.25004,3,False,3,1.098046649240379,가람동,0.8059255542160542,1,0,1,0.5490233246201895,0.3333333333333333,0.15561139140249397,0.347,B
SJB293064004,첫마을4단지,36.47998,127.25203,3,False,3,0.861149822784422,새롬동,0.8031000022398337,28,12,40,0.430574911392211,0.3333333333333333,0.8336961219498409,0.542,A
SJB293064241,"새뜸마을5,8단지",36.4825015,127.2535174,2,False,2,0.6195471673247458,새롬동,0.4938702863908244,28,12,40,0.3097735836623729,0.5,0.8336961219498409,0.55,A
SJB293064239,새롬동커뮤니티센터,36.4858496,127.2508553,2,False,2,0.5989708548170255,새롬동,0.41172556564429696,28,12,40,0.29948542740851275,0.5,0.8336961219498409,0.547,A
SJB293064430,"새뜸마을7,10단지",36.48844,127.250695,1,False,1,0.5804669536622399,새롬동,0.4583142177878403,28,12,40,0.29023347683111994,1.0,0.8336961219498409,0.693,D
SJB293064237,"가온마을4,7단지",36.4912295,127.2498109,3,False,3,0.6404006153681182,다정동,0.5094542710085133,20,10,30,0.3202003076840591,0.3333333333333333,0.7709293811404035,0.482,A
SJB293064263,다정동커뮤니티센터,36.495506,127.249035,2,False,2,0.4319721299515607,다정동,0.02990542635703932,20,10,30,0.21598606497578035,0.5,0.7709293811404035,0.495,A
SJB293064307,"가온마을6,9단지",36.4986116,127.2491786,3,False,3,0.17323122756502893,다정동,0.3157817590869282,20,10,30,0.08661561378251446,0.3333333333333333,0.7709293811404035,0.4,A
SJB293064138,"가재마을5,8단지",36.5004747,127.2498627,2,False,2,0.2678445404463489,다정동,0.5275220735236853,20,10,30,0.13392227022317446,0.5,0.7709293811404035,0.467,A
SJB293064151,가재마을11단지,36.5043789,127.2501706,1,False,1,0.6333787357312983,종촌동,0.6186167761729882,34,8,42,0.31668936786564916,1.0,0.8443886085975061,0.706,D
SJB293061004,범지기마을4단지,36.5083875,127.2499679,1,False,1,0.7511127536369492,종촌동,0.8608468457629075,34,8,42,0.3755563768184746,1.0,0.8443886085975061,0.727,D
SJB293064054,"범지기마을8,12단지",36.5125038,127.2504125,1,False,1,0.7337573977428428,아름동,0.5247913420872282,31,8,39,0.3668786988714214,1.0,0.8281526357894464,0.718,D
SJB293064055,아름초등학교,36.5153587,127.2511516,1,False,1,0.4510960271022227,아름동,0.4410569505802039,31,8,39,0.22554801355111134,1.0,0.8281526357894464,0.669,D
SJB293064056,범지기마을10단지,36.5185438,127.2524761,1,False,1,0.3233436913069169,아름동,0.6325842798143966,31,8,39,0.16167184565345846,1.0,0.8281526357894464,0.646,D
SJB293064098,가락마을22단지,36.5201811,127.2411119,3,False,3,0.33447053834734203,아름동,0.6667836808698853,31,8,39,0.16723526917367101,0.3333333333333333,0.8281526357894464,0.448,A
SJB293064141,고운동커뮤니티센터북측,36.5202479,127.2366049,2,False,2,0.5896029230224913,아름동,0.9919949209074058,31,8,39,0.29480146151124564,0.5,0.8281526357894464,0.543,A
SJB293064113,"가락마을17,18단지",36.5198521,127.2349532,3,False,3,0.6790820746997195,아름동,1.1041183189088795,31,8,39,0.33954103734985974,0.3333333333333333,0.8281526357894464,0.509,A
SJB293064115,두루고등학교,36.5173734,127.2311308,2,False,2,0.919234646547467,고운동,1.0858766522541705,17,16,33,0.4596173232737335,0.5,0.7916671714354506,0.588,A
SJB293064117,"가락마을10,13단지",36.5134794,127.2293797,3,False,3,1.0888624724508085,고운동,0.8136933094156212,17,16,33,0.5444312362254042,0.3333333333333333,0.7916671714354506,0.568,B
SJB293064120,"가락마을9,11단지",36.5105636,127.2296299,3,False,3,1.046623373559708,고운동,0.6129092039861194,17,16,33,0.523311686779854,0.3333333333333333,0.7916671714354506,0.56,B
SJB293064122,으뜸초등학교,36.5070383,127.231468,2,False,2,0.8705928066183946,고운동,0.42764172845357845,17,16,33,0.4352964033091973,0.5,0.7916671714354506,0.579,A
SJB293064124,고운동커뮤니티센터남측,36.5043276,127.2347772,3,False,3,0.5540997664318392,고운동,0.4652001431565964,17,16,33,0.2770498832159196,0.3333333333333333,0.7916671714354506,0.474,A
SJB293064413,고운동(만남로),36.500435,127.235985,1,False,1,0.5503019481087283,종촌동,0.7230185288648737,34,8,42,0.2751509740543642,1.0,0.8443886085975061,0.692,D
SJB293064012,봉안리(다름고개),36.4992393,127.2290775,2,False,2,1.1534855719518142,고운동,1.1895723679800285,17,16,33,0.5767427859759071,0.5,0.7916671714354506,0.629,B
SJB293017059,봉안리,36.49892,127.22398,2,False,2,1.5917522968557793,고운동,1.5017497057153342,0,0,0,0.7958761484278897,0.5,0.0,0.429,B
SJB293010007,봉안리,36.49935893,127.2190046,2,False,2,2.007014167373855,장군면,1.1119976631672002,5,5,10,1.0,0.5,0.5383269676379318,0.688,B
SJB293017049,봉안리(부일가든),36.50061,127.21556,2,False,2,2.2846900961132985,장군면,0.8440205172774213,5,5,10,1.0,0.5,0.5383269676379318,0.688,B
SJB293017043,대교리,36.50109,127.21121,2,False,2,2.6645666659898257,장군면,0.5281726549840908,5,5,10,1.0,0.5,0.5383269676379318,0.688,B
SJB293064173,장군면복지회관,36.4991636,127.2080709,3,False,3,2.9706403432303543,장군면,0.1761448260220016,5,5,10,1.0,0.3333333333333333,0.5383269676379318,0.638,B
SJB293017024,장군면사무소,36.49714,127.20531,4,False,4,3.255418087804911,장군면,0.15815123220068839,5,5,10,1.0,0.25,0.5383269676379318,0.613,B
SJB293064428,장기중학교후문,36.495592,127.203518,3,False,3,3.451500719900965,장군면,0.3925028302372992,5,5,10,1.0,0.3333333333333333,0.5383269676379318,0.638,B
SJB293064429,장기중학교후문,36.495617,127.203627,3,False,3,3.441370913535242,장군면,0.38360069587722373,5,5,10,1.0,0.3333333333333333,0.5383269676379318,0.638,B
SJB293017023,장군면사무소,36.49684,127.20511,4,False,4,3.2801858861638378,장군면,0.19373642655144513,5,5,10,1.0,0.25,0.5383269676379318,0.613,B
SJB293064174,장군면복지회관,36.4990494,127.2081953,3,False,3,2.9617335417270274,장군면,0.1759088612784881,5,5,10,1.0,0.3333333333333333,0.5383269676379318,0.638,B
SJB293017039,대교리,36.50069,127.21053,2,False,2,2.7296903611466656,장군면,0.4530313826475067,5,5,10,1.0,0.5,0.5383269676379318,0.688,B
SJB293017054,봉안리(부일가든),36.50016,127.21592,2,False,2,2.260361039368353,장군면,0.859382967262456,5,5,10,1.0,0.5,0.5383269676379318,0.688,B
SJB293010008,봉안리,36.49926399,127.2190617,2,False,2,2.0044629747606355,장군면,1.1157302266755793,5,5,10,1.0,0.5,0.5383269676379318,0.688,B
SJB293017064,봉안리,36.4990546,127.2213088,2,False,2,1.8157857939113298,장군면,1.3131487609067394,0,0,0,0.9078928969556649,0.5,0.0,0.468,B
SJB293011001,봉안리(다름고개),36.4990185,127.2291006,2,False,2,1.1617732994302281,고운동,1.2096303640594086,0,0,0,0.5808866497151141,0.5,0.0,0.353,B
SJB293064412,고운동(만남로),36.501134,127.236316,1,False,1,0.4816002150706959,종촌동,0.6727131368919465,34,8,42,0.24080010753534795,1.0,0.8443886085975061,0.68,D
SJB293064123,고운동커뮤니티센터남측,36.5042791,127.2352687,3,False,3,0.5099179003909512,고운동,0.46273981763051486,17,16,33,0.2549589501954756,0.3333333333333333,0.7916671714354506,0.466,A
SJB293064121,으뜸초등학교,36.5071605,127.2317021,2,False,2,0.8487054836368584,고운동,0.4032891708457536,17,16,33,0.4243527418184292,0.5,0.7916671714354506,0.576,A
SJB293064119,"가락마을9,11단지",36.5106813,127.229892,3,False,3,1.0221587590537853,고운동,0.5968554461413755,17,16,33,0.5110793795268926,0.3333333333333333,0.7916671714354506,0.556,B
SJB293064118,"가락마을10,13단지",36.513498,127.2296588,3,False,3,1.0649341087399957,고운동,0.797374765849687,17,16,33,0.5324670543699979,0.3333333333333333,0.7916671714354506,0.563,B
SJB293064116,두루고등학교,36.5172342,127.2313602,2,False,2,0.8974449963247559,고운동,1.063623474188535,17,16,33,0.44872249816237797,0.5,0.7916671714354506,0.584,A
SJB293064114,"가락마을17,18단지",36.5195996,127.2349373,3,False,3,0.6656898836570635,아름동,1.0943734276828705,31,8,39,0.33284494182853175,0.3333333333333333,0.8281526357894464,0.506,A
SJB293064140,고운동커뮤니티센터북측,36.5200092,127.2366895,2,False,2,0.5659555657958661,아름동,0.9724867287774511,31,8,39,0.2829777828979331,0.5,0.8281526357894464,0.539,A
SJB293064097,가락마을22단지,36.5200447,127.2405762,3,False,3,0.3740111107063922,아름동,0.690245663573042,31,8,39,0.1870055553531961,0.3333333333333333,0.8281526357894464,0.455,A
SJB293061007,범지기마을10단지,36.51879,127.25226,1,False,1,0.301026993314224,아름동,0.6295210357306332,31,8,39,0.150513496657112,1.0,0.8281526357894464,0.643,D
SJB293061006,아름초등학교,36.5147,127.25062,1,False,1,0.5011413049832618,아름동,0.41023958213790856,31,8,39,0.2505706524916309,1.0,0.8281526357894464,0.678,D
SJB293061005,"범지기마을6,11단지",36.51045,127.2498,1,False,1,0.7378480629662586,아름동,0.6774956095946907,31,8,39,0.3689240314831293,1.0,0.8281526357894464,0.719,D
SJB293056035,"가재마을7,12단지",36.50648333,127.2496233,1,False,1,0.7268110331691913,종촌동,0.690963734311117,34,8,42,0.36340551658459563,1.0,0.8443886085975061,0.723,D
SJB293064139,"가재마을5,8단지",36.5009207,127.2497831,2,False,2,0.29270677232128556,다정동,0.575886394306746,20,10,30,0.14635338616064278,0.5,0.7709293811404035,0.471,A
SJB293064262,"가온마을6,9단지",36.498607,127.24896,3,False,3,0.1552407301122911,다정동,0.3153086336065953,20,10,30,0.07762036505614554,0.3333333333333333,0.7709293811404035,0.397,A
SJB293064264,다정동커뮤니티센터,36.494341,127.248799,2,False,2,0.5499897569444882,다정동,0.1611364615608337,20,10,30,0.2749948784722441,0.5,0.7709293811404035,0.516,A
SJB293064370,"가온마을4,7단지",36.4915533,127.2494805,3,False,3,0.6518460079741176,다정동,0.47058807708656125,20,10,30,0.3259230039870588,0.3333333333333333,0.7709293811404035,0.484,A
SJB293064238,"새뜸마을7,10단지",36.4898819,127.2499045,2,False,2,0.6884130205168432,새롬동,0.6013889395800253,28,12,40,0.3442065102584216,0.5,0.8336961219498409,0.562,A
SJB293064240,새롬동커뮤니티센터,36.4851331,127.2509413,2,False,2,0.624528696025488,새롬동,0.42980451607298703,28,12,40,0.312264348012744,0.5,0.8336961219498409,0.551,A
SJB293064242,"새뜸마을5,8단지",36.4823928,127.2532777,2,False,2,0.6424441402043005,새롬동,0.5126058175590097,28,12,40,0.32122207010215026,0.5,0.8336961219498409,0.554,A
SJB293064003,첫마을4단지,36.48019,127.2516,3,False,3,0.8961420342835973,새롬동,0.7967883237026779,28,12,40,0.44807101714179864,0.3333333333333333,0.8336961219498409,0.549,A
SJB293064001,첫마을5단지,36.47762,127.24973,3,False,3,1.1271278896887125,가람동,0.8035952871458181,1,0,1,0.5635639448443562,0.3333333333333333,0.15561139140249397,0.352,B
SJB293064006,첫마을6단지,36.47503,127.25326,3,False,3,1.005415456474376,가람동,0.5049147168556672,1,0,1,0.502707728237188,0.3333333333333333,0.15561139140249397,0.33,B
SJB293064008,한솔중학교(첫마을7단지),36.47491,127.2557,1,False,1,0.8524339994971415,가람동,0.584053596544395,1,0,1,0.42621699974857075,1.0,0.15561139140249397,0.504,B
SJB293064011,첫마을3단지,36.478,127.26135,1,False,1,0.2775358689400151,한솔동,0.33312970890336263,2,8,10,0.13876793447000754,1.0,0.5383269676379318,0.537,D
SJB293055059,세종고속시외버스터미널,36.46881,127.2735046,12,False,12,0.05764712271337613,대평동,0.6313491886813842,18,4,22,0.028823561356688066,0.08333333333333333,0.7039177700774191,0.281,A
SJB293053007,첫마을1단지,36.48385,127.2592,2,False,2,0.35474700822736116,한솔동,0.4022642368142,2,8,10,0.17737350411368058,0.5,0.5383269676379318,0.4,A
SJB293064358,새롬중학교(새뜸마을1단지),36.4804553,127.249332,1,False,1,1.0418961845600276,새롬동,0.8773558984396584,28,12,40,0.5209480922800138,1.0,0.8336961219498409,0.774,E
SJB293064388,"새뜸마을1,2단지",36.4828783,127.2461704,1,False,1,1.1189658218994123,새롬동,0.9230355392784636,28,12,40,0.5594829109497061,1.0,0.8336961219498409,0.788,E
SJB293064312,"가득초등학교(새뜸마을3,4단지)",36.4854282,127.2455481,1,False,1,1.0667836079076398,새롬동,0.8865857918265946,28,12,40,0.5333918039538199,1.0,0.8336961219498409,0.778,E
SJB293064360,새뜸마을4단지(가온마을1단지),36.4894565,127.2448371,1,False,1,1.1012089849927995,다정동,0.7980588945708451,20,10,30,0.5506044924963998,1.0,0.7709293811404035,0.763,E
SJB293064352,가락마을6단지,36.502547,127.238868,2,False,2,0.2051898019102558,종촌동,0.42572140811045484,34,8,42,0.1025949009551279,0.5,0.8443886085975061,0.481,A
SJB293052002,은하수공원,36.532563,127.243964,1,False,1,1.508719092795138,산울동,1.4366470477164475,0,0,0,0.754359546397569,1.0,0.0,0.564,C
SJB293052001,은하수공원,36.53181,127.244421,1,False,1,1.4241132456152168,산울동,1.3552461213001972,0,0,0,0.7120566228076084,1.0,0.0,0.549,C
SJB293064354,가락마을6단지,36.5024695,127.2384071,2,False,2,0.24572702194705853,종촌동,0.4670184929217107,34,8,42,0.12286351097352927,0.5,0.8443886085975061,0.489,A
SJB293064361,새뜸마을4단지(가온마을1단지),36.4895961,127.2447697,1,False,1,1.087286934633585,다정동,0.787360420655939,20,10,30,0.5436434673167925,1.0,0.7709293811404035,0.76,E
SJB293064313,"가득초등학교(새뜸마을3,4단지)",36.4853374,127.2452246,1,False,1,1.097289427327053,새롬동,0.9167596977756769,28,12,40,0.5486447136635265,1.0,0.8336961219498409,0.784,E
SJB293064389,"새뜸마을1,2단지",36.4828552,127.2459137,1,False,1,1.1403350972452326,새롬동,0.944633343464839,28,12,40,0.5701675486226163,1.0,0.8336961219498409,0.791,E
SJB293064359,새롬중학교(새뜸마을1단지),36.4802617,127.2494164,1,False,1,1.0512807223518053,새롬동,0.8899659030378477,28,12,40,0.5256403611759026,1.0,0.8336961219498409,0.776,E
SJB293064009,첫마을1단지,36.48334,127.25863,2,False,2,0.3583410414122426,한솔동,0.3948386869646903,2,8,10,0.1791705207061213,0.5,0.5383269676379318,0.401,A
SJB293064393,보건복지부 고용노동부,36.5024356,127.2609046,1,False,1,0.11857065243821233,어진동,0.1540556698156218,33,0,33,0.05928532621910616,1.0,0.7916671714354506,0.598,D
SJB293062012,정부세종청사북측,36.5048938,127.2616877,4,False,4,0.025431329282773106,어진동,0.18788887380066283,33,0,33,0.012715664641386553,0.25,0.7916671714354506,0.357,A
SJB293056005,인사혁신처,36.5091666,127.2615149,2,False,2,0.4556109343635663,어진동,0.6191147458217025,33,0,33,0.22780546718178316,0.5,0.7916671714354506,0.507,A
SJB293064110,"도램마을8,10단지",36.5119177,127.2600021,2,False,2,0.24973533653721094,도담동,0.295541600310583,15,18,33,0.12486766826860547,0.5,0.7916671714354506,0.471,A
SJB293056004,도담동(도램마을),36.514017,127.2593948,2,False,2,0.019274143704613268,도담동,0.0576219650361885,15,18,33,0.009637071852306634,0.5,0.7916671714354506,0.43,A
SJB293064030,"종촌초등학교(가재마을1,2단지)",36.5018836,127.2425854,2,False,2,0.23073980609790037,종촌동,0.11977918102724576,34,8,42,0.11536990304895019,0.5,0.8443886085975061,0.486,A
SJB293064031,종촌종합복지센터,36.5019154,127.246929,2,False,2,0.27581884032991927,종촌동,0.30330952204254746,34,8,42,0.13790942016495963,0.5,0.8443886085975061,0.494,A
SJB293062009,과기정통부(중기부),36.49753,127.26038,1,False,1,0.37940802624248754,어진동,0.686261325184447,33,0,33,0.18970401312124377,1.0,0.7916671714354506,0.643,D
SJB293062017,문화체육관광부,36.49815,127.2644,2,False,2,0.524594863721255,어진동,0.72234732068143,33,0,33,0.2622974318606275,0.5,0.7916671714354506,0.519,A
SJB293062010,과기정통부(중기부),36.49776,127.2605,1,False,1,0.35648985451061277,어진동,0.6610419676848742,33,0,33,0.17824492725530638,1.0,0.7916671714354506,0.639,D
SJB293064026,종촌종합복지센터,36.5022184,127.2474138,2,False,2,0.3163021734907785,종촌동,0.3402152897674549,34,8,42,0.15815108674538925,0.5,0.8443886085975061,0.501,A
SJB293064027,"종촌초등학교(가재마을1,2단지)",36.5020819,127.2425959,2,False,2,0.21537131532620804,종촌동,0.10655756213113318,34,8,42,0.10768565766310402,0.5,0.8443886085975061,0.483,A
SJB293056001,도담동(도램마을),36.5149714,127.2587943,2,False,2,0.021598487882319117,도담동,0.061365523404928776,15,18,33,0.010799243941159558,0.5,0.7916671714354506,0.431,A
SJB293064109,"도램마을8,10단지",36.5121149,127.2594431,2,False,2,0.21816911223371996,도담동,0.26395823986691674,15,18,33,0.10908455611685998,0.5,0.7916671714354506,0.465,A
SJB293062015,인사혁신처,36.5079451,127.2615354,4,False,4,0.3197969563601079,어진동,0.48688955313396126,33,0,33,0.15989847818005395,0.25,0.7916671714354506,0.408,A
SJB293062013,정부세종청사북측,36.5051501,127.261382,4,False,4,0.014211897483682718,어진동,0.1927713611579943,33,0,33,0.007105948741841359,0.25,0.7916671714354506,0.355,A
SJB293062005,정부세종청사남측,36.5008322,127.2593406,3,False,3,0.025669108865157213,어진동,0.32800621152938253,33,0,33,0.012834554432578606,0.3333333333333333,0.7916671714354506,0.382,A
SJB293062008,정부세종청사남측,36.5016046,127.2601032,3,False,3,0.02219552387509097,어진동,0.23315843866468125,33,0,33,0.011097761937545485,0.3333333333333333,0.7916671714354506,0.381,A
SJB293064394,보건복지부 고용노동부,36.5022146,127.2608383,1,False,1,0.09893559231797597,어진동,0.17474474796893408,33,0,33,0.049467796158987984,1.0,0.7916671714354506,0.594,D
SJB293062018,문화체육관광부,36.49931,127.26472,2,False,2,0.4884546636905057,어진동,0.633649362497253,33,0,33,0.24422733184525286,0.5,0.7916671714354506,0.513,A
SJB293064488,세종예술의전당,36.4874554,127.2646885,1,False,1,0.6040353993361198,나성동,0.6375609291608986,65,0,65,0.3020176996680599,1.0,0.9405765790984211,0.735,D
SJB293064347,세종예술고등학교,36.492095,127.269558,1,False,1,1.1767278799077843,나성동,1.1980169189258,65,0,65,0.5883639399538921,1.0,0.9405765790984211,0.835,E
SJB293064065,충남대학교병원세종의원,36.4960299,127.2657345,1,False,1,0.7684011441953135,어진동,0.9859649923106187,33,0,33,0.38420057209765673,1.0,0.7916671714354506,0.712,D
SJB293064268,과학기술정보통신,36.496085,127.2630356,2,False,2,0.5995211343408455,어진동,0.8838701330800032,33,0,33,0.29976056717042276,0.5,0.7916671714354506,0.532,A
SJB293064349,나릿재마을,36.4914044,127.2581439,2,False,2,0.3058041420564598,나성동,0.4598010286503426,65,0,65,0.1529020710282299,0.5,0.9405765790984211,0.533,A
SJB293064368,새뜸마을14단지,36.4911744,127.2558346,2,False,2,0.2999492328299518,나성동,0.4579943105934771,65,0,65,0.1499746164149759,0.5,0.9405765790984211,0.532,A
SJB293064366,다정중학교(가온마을4단지),36.4937133,127.2477261,1,False,1,0.6054185706921014,다정동,0.25887025448442985,20,10,30,0.3027092853460507,1.0,0.7709293811404035,0.676,D
SJB293064372,다정고등학교(가온마을1단지),36.4929776,127.2430447,1,False,1,0.7283058520550688,다정동,0.6223401331367865,20,10,30,0.3641529260275344,1.0,0.7709293811404035,0.697,D
SJB293064374,"가온마을2,3단지",36.4960541,127.2420575,1,False,1,0.3873401171574196,다정동,0.6281757985210754,20,10,30,0.1936700585787098,1.0,0.7709293811404035,0.638,D
SJB293064376,한결초등학교,36.4958942,127.2473673,1,False,1,0.3620290302374823,다정동,0.15335110957936732,20,10,30,0.18101451511874114,1.0,0.7709293811404035,0.633,D
SJB293055069,도램마을20단지,36.517445,127.264615,1,False,1,0.5563850250956831,도담동,0.5946773127460725,15,18,33,0.27819251254784155,1.0,0.7916671714354506,0.674,D
SJB293056011,"도램마을16,19단지",36.51484,127.2660717,1,False,1,0.6211713445190246,도담동,0.6257968514530897,15,18,33,0.3105856722595123,1.0,0.7916671714354506,0.686,D
SJB293064073,"도램마을14,15단지",36.5108082,127.2669854,1,False,1,0.7853990125037168,도담동,0.815173166081847,15,18,33,0.3926995062518584,1.0,0.7916671714354506,0.715,D
SJB293062024,"양지중학교(한뜰마을1,2단지)",36.50712,127.26767,3,False,3,0.5963288515171838,어진동,0.7683650961116217,33,0,33,0.2981644257585919,0.3333333333333333,0.7916671714354506,0.481,A
SJB293062027,공정거래위원회,36.504461,127.267198,2,False,2,0.5133020644728512,어진동,0.6311798765289213,33,0,33,0.2566510322364256,0.5,0.7916671714354506,0.517,A
SJB293062019,제3주차장,36.50222,127.26608,2,False,2,0.4904650594200554,어진동,0.5507256953228864,33,0,33,0.2452325297100277,0.5,0.7916671714354506,0.513,A
SJB293064306,국립세종도서관정문,36.4991764,127.26764,1,False,1,0.7417031247527107,어진동,0.8338162075768584,33,0,33,0.37085156237635536,1.0,0.7916671714354506,0.707,D
SJB293064384,문화체육관광부,36.4967463,127.2664681,1,False,1,0.7659778780016762,어진동,0.9548649839633234,33,0,33,0.3829889390008381,1.0,0.7916671714354506,0.711,D
SJB293064348,세종예술고등학교,36.492706,127.268917,1,False,1,1.1104450015139495,나성동,1.1801336003043608,65,0,65,0.5552225007569748,1.0,0.9405765790984211,0.824,E
SJB293064489,세종예술의전당,36.4880312,127.2641006,1,False,1,0.5627612813480115,나성동,0.5904403528662449,65,0,65,0.28138064067400576,1.0,0.9405765790984211,0.728,D
SJB293064062,문화체육관광부,36.4966718,127.2666425,1,False,1,0.7834208203948589,어진동,0.9707510134321055,33,0,33,0.39171041019742947,1.0,0.7916671714354506,0.714,D
SJB293064063,국립세종도서관정문,36.4991217,127.2678021,1,False,1,0.7572709671183102,어진동,0.849050223016961,33,0,33,0.3786354835591551,1.0,0.7916671714354506,0.71,D
SJB293062020,제3주차장,36.50168,127.26609,2,False,2,0.5206426467167752,어진동,0.5723718920359722,33,0,33,0.2603213233583876,0.5,0.7916671714354506,0.518,A
SJB293062021,공정거래위원회,36.50435,127.26735,2,False,2,0.5284990566212865,어진동,0.6431422830396881,33,0,33,0.26424952831064324,0.5,0.7916671714354506,0.52,A
SJB293064392,"한뜰마을1,2단지",36.506399,127.267947,2,False,2,0.5944496341961096,어진동,0.7546608771052481,33,0,33,0.2972248170980548,0.5,0.7916671714354506,0.531,A
SJB293056008,양지중학교,36.50843,127.26785,1,False,1,0.6791492067179179,어진동,0.8626274735152506,33,0,33,0.33957460335895895,1.0,0.7916671714354506,0.696,D
SJB293056007,"도램마을14,15단지",36.51233,127.2668,1,False,1,0.7071444644400122,도담동,0.7294947346348121,15,18,33,0.3535722322200061,1.0,0.7916671714354506,0.701,D
SJB293056010,"도램마을16,19단지",36.51532,127.2659733,1,False,1,0.6222080082825614,도담동,0.6228490741507497,15,18,33,0.3111040041412807,1.0,0.7916671714354506,0.686,D
SJB293064108,도램마을20단지,36.5174087,127.2649161,1,False,1,0.5803070714622025,도담동,0.6150702901783053,15,18,33,0.29015353573110125,1.0,0.7916671714354506,0.679,D
SJB293064377,한결초등학교,36.4960562,127.2472552,1,False,1,0.34414238723794227,다정동,0.16579735418410768,20,10,30,0.17207119361897114,1.0,0.7709293811404035,0.63,D
SJB293064375,"가온마을2,3단지",36.4961754,127.2418338,1,False,1,0.3768070457426163,다정동,0.6489382517899939,20,10,30,0.18840352287130815,1.0,0.7709293811404035,0.636,D
SJB293064373,다정고등학교(가온마을1단지),36.4927929,127.2431235,1,False,1,0.7492574729618778,다정동,0.6268578486004928,20,10,30,0.3746287364809389,1.0,0.7709293811404035,0.701,D
SJB293064367,다정중학교(가온마을4단지),36.4936286,127.2481842,1,False,1,0.6183563426693678,다정동,0.251414293129641,20,10,30,0.3091781713346839,1.0,0.7709293811404035,0.678,D
SJB293064371,새뜸마을10단지,36.4905735,127.2508178,2,False,2,0.6029718379137153,새롬동,0.5911193183081697,28,12,40,0.30148591895685767,0.5,0.8336961219498409,0.547,A
SJB293064369,새뜸마을14단지,36.4909023,127.2550427,2,False,2,0.34407990463388005,나성동,0.4598098150774122,65,0,65,0.17203995231694003,0.5,0.9405765790984211,0.539,A
SJB293064350,나릿재마을,36.4912197,127.2581891,2,False,2,0.3259625601605773,나성동,0.4399010672759717,65,0,65,0.16298128008028864,0.5,0.9405765790984211,0.536,A
SJB293064269,과학기술정보통신,36.4959777,127.2634881,2,False,2,0.6367269278260622,어진동,0.9075866578673774,33,0,33,0.3183634639130311,0.5,0.7916671714354506,0.539,A
SJB293064232,대평동(해들마을),36.4719176,127.2763944,1,False,1,0.026015769051131763,대평동,0.20129048904755834,18,4,22,0.013007884525565882,1.0,0.7039177700774191,0.551,D
SJB293064207,보람동(해들마을),36.4746524,127.2805,1,False,1,0.03831756063678481,보람동,0.08750105569631751,22,7,29,0.019158780318392406,1.0,0.763568073042454,0.574,D
SJB293064079,세종시청.교육청.시의회,36.478188,127.288035,1,False,1,0.023153938046266948,보람동,0.6974028582971923,22,7,29,0.011576969023133474,1.0,0.763568073042454,0.571,D
SJB293064164,세종우체국(보람초등학교),36.4802554,127.2931435,1,False,1,0.4288285120969569,소담동,0.4657023625014415,22,8,30,0.21441425604847844,1.0,0.7709293811404035,0.645,D
SJB293064167,"호려울마을8,9단지",36.4797747,127.296745,1,False,1,0.3019713585086552,소담동,0.3157425080711572,22,8,30,0.1509856792543276,1.0,0.7709293811404035,0.623,D
SJB293064169,"새샘마을1,2단지",36.480853,127.299974,1,False,1,0.28184656754933524,소담동,0.29044029605002375,22,8,30,0.14092328377466762,1.0,0.7709293811404035,0.619,D
SJB293064362,소담고등학교(새샘마을5단지),36.4815502,127.3045326,1,False,1,0.6195288647868411,소담동,0.6382502116808629,22,8,30,0.30976443239342055,1.0,0.7709293811404035,0.678,D
SJB293060004,한국개발연구원(KDI),36.4825782,127.3074549,1,False,1,0.7161910281801153,소담동,0.8897998917234322,22,8,30,0.35809551409005763,1.0,0.7709293811404035,0.695,D
SJB293064364,새샘마을6단지,36.4847415,127.3044855,1,False,1,0.35854711581941584,소담동,0.6702536079417315,22,8,30,0.17927355790970792,1.0,0.7709293811404035,0.633,D
SJB293064213,글벗중학교(새샘마을9단지),36.4898882,127.2984603,1,False,1,0.42736560695852616,소담동,0.820655800017213,22,8,30,0.21368280347926308,1.0,0.7709293811404035,0.645,D
SJB293057002,한국조세재정연구원,36.49285,127.30063,1,False,1,0.3387670038225463,반곡동,1.1172580756611385,17,10,27,0.16938350191127316,1.0,0.7480791883870117,0.621,D
SJB293064077,국책연구단지북측,36.4955579,127.3033473,1,False,1,0.3841376311801685,반곡동,0.7746962436813088,17,10,27,0.19206881559008426,1.0,0.7480791883870117,0.629,D
SJB293064451,국립세종수목원(연구동),36.4980336,127.2897139,1,False,1,1.4590303678629761,소담동,1.857348425653922,0,0,0,0.7295151839314881,1.0,0.0,0.555,C
SJB293064452,"국립세종수목원,중앙공원",36.4996496,127.283625,1,False,1,2.0280349724384554,어진동,2.1416857762375603,0,0,0,1.0,1.0,0.0,0.65,C
SJB293064453,세종호수공원,36.5018825,127.2791339,1,False,1,1.615028009820868,어진동,1.7043662600831584,0,0,0,0.807514004910434,1.0,0.0,0.583,C
SJB293062025,국무조정실(한뜰마을3단지),36.50408,127.27115,1,False,1,0.8690455729211364,어진동,0.979626130223571,33,0,33,0.4345227864605682,1.0,0.7916671714354506,0.729,D
SJB293064024,정부세종청사스포츠센터,36.5063112,127.2586961,1,False,1,0.2865407560666113,어진동,0.31995680493166245,33,0,33,0.14327037803330564,1.0,0.7916671714354506,0.627,D
SJB293064058,도램마을1단지,36.5078138,127.2572564,1,False,1,0.4871744151269734,어진동,0.527696688134519,33,0,33,0.2435872075634867,1.0,0.7916671714354506,0.662,D
SJB293064059,범지기마을4단지,36.507833,127.2490874,1,False,1,0.6680513713607764,종촌동,0.7628661435904522,34,8,42,0.3340256856803882,1.0,0.8443886085975061,0.712,D
SJB293064148,범지기마을1단지,36.5089857,127.242171,1,False,1,0.15881543827774497,고운동,0.5605998968174494,17,16,33,0.07940771913887248,1.0,0.7916671714354506,0.605,D
SJB293064158,"가락마을7,8단지",36.5055858,127.2395189,1,False,1,0.25879496417277215,고운동,0.4478921480020411,17,16,33,0.12939748208638607,1.0,0.7916671714354506,0.622,D
SJB293064028,고운중학교,36.5068832,127.2367283,1,False,1,0.4072995838500648,고운동,0.18333837096442523,17,16,33,0.2036497919250324,1.0,0.7916671714354506,0.648,D
SJB293064089,고운고등학교,36.509267,127.2343639,1,False,1,0.6338169294344237,고운동,0.1703678707477922,17,16,33,0.31690846471721185,1.0,0.7916671714354506,0.688,D
SJB293064107,가락마을14단지,36.5129521,127.2334076,1,False,1,0.7248330687076688,고운동,0.5539188694706446,17,16,33,0.3624165343538344,1.0,0.7916671714354506,0.704,D
SJB293064091,가락초등학교,36.5156123,127.2337503,1,False,1,0.6893595781399346,고운동,0.8249166447954923,17,16,33,0.3446797890699673,1.0,0.7916671714354506,0.698,D
SJB293064093,두루중학교,36.5173305,127.2381952,1,False,1,0.295697892884756,아름동,0.7389596774986945,31,8,39,0.147848946442378,1.0,0.8281526357894464,0.642,D
SJB293064095,"두루초,중학교",36.5191814,127.2394622,1,False,1,0.3357389509195138,아름동,0.7118069382805866,31,8,39,0.1678694754597569,1.0,0.8281526357894464,0.649,D
SJB293064424,세종누리학교,36.525453,127.242234,1,False,1,0.7466028450672775,아름동,1.1282054563493016,31,8,39,0.37330142253363874,1.0,0.8281526357894464,0.721,D
SJB293064425,세종누리학교,36.525623,127.242241,1,False,1,0.7646099616716574,아름동,1.1459456959652774,31,8,39,0.3823049808358287,1.0,0.8281526357894464,0.724,D
SJB293064096,"두루초,중학교",36.5187165,127.2391789,1,False,1,0.3078301491991623,아름동,0.7086803113685269,31,8,39,0.15391507459958115,1.0,0.8281526357894464,0.644,D
SJB293064094,두루중학교,36.5174909,127.2373346,1,False,1,0.3745408305846526,아름동,0.8179079771508175,31,8,39,0.1872704152923263,1.0,0.8281526357894464,0.655,D
SJB293064092,가락초등학교,36.5156976,127.233616,1,False,1,0.6998235742199943,고운동,0.8370312634464925,17,16,33,0.34991178710999715,1.0,0.7916671714354506,0.7,D
SJB293064106,가락마을14단지,36.51301,127.2331115,1,False,1,0.7520673530593661,고운동,0.5710142859807202,17,16,33,0.37603367652968306,1.0,0.7916671714354506,0.709,D
SJB293064090,고운고등학교,36.5089377,127.2342422,1,False,1,0.6352323751795312,고운동,0.16289116324757175,17,16,33,0.3176161875897656,1.0,0.7916671714354506,0.688,D
SJB293064029,고운중학교,36.5060786,127.2377584,1,False,1,0.3536535347541692,고운동,0.3055345234151075,17,16,33,0.1768267673770846,1.0,0.7916671714354506,0.639,D
SJB293064205,"가락마을7,8단지",36.5051871,127.240274,1,False,1,0.18286836431015974,종촌동,0.41896110827893257,34,8,42,0.09143418215507987,1.0,0.8443886085975061,0.628,D
SJB293064149,범지기마을1단지,36.5087261,127.2430206,1,False,1,0.17500761035754017,고운동,0.6338122154218859,17,16,33,0.08750380517877009,1.0,0.7916671714354506,0.608,D
SJB293064071,가재마을12단지,36.5073176,127.2505017,1,False,1,0.7948242363757911,종촌동,0.8107340309871144,34,8,42,0.39741211818789557,1.0,0.8443886085975061,0.735,D
SJB293064072,도램마을1단지,36.5075751,127.2573298,1,False,1,0.4657293968783456,어진동,0.5014747563324301,33,0,33,0.2328646984391728,1.0,0.7916671714354506,0.659,D
SJB293064023,정부세종청사스포츠센터,36.5063018,127.2584839,1,False,1,0.3028218721161436,어진동,0.32745224229577813,33,0,33,0.1514109360580718,1.0,0.7916671714354506,0.63,D
SJB293062016,도램마을9단지,36.5084834,127.2624829,2,False,2,0.3895707100766471,어진동,0.5696835123107719,33,0,33,0.19478535503832356,0.5,0.7916671714354506,0.495,A
SJB293062026,국무조정실(한뜰마을3단지),36.50383,127.27132,1,False,1,0.8880083299530098,어진동,0.9940158076497687,33,0,33,0.4440041649765049,1.0,0.7916671714354506,0.732,D
SJB293014034,세종호수공원,36.50216,127.27738,1,False,1,1.455316548205054,어진동,1.5450912986473175,0,0,0,0.727658274102527,1.0,0.0,0.555,C
SJB293064454,세종중앙공원,36.5001803,127.2821042,1,False,1,1.9197610729215784,어진동,1.99658790712466,0,0,0,0.9598805364607892,1.0,0.0,0.636,C
SJB293064455,국립세종수목원,36.4988004,127.286745,1,False,1,1.7351353306057746,소담동,2.047112572384014,0,0,0,0.8675676653028873,1.0,0.0,0.604,C
SJB293064456,국립세종수목원(연구동),36.4976075,127.2900113,1,False,1,1.414474099409505,소담동,1.8034707265812195,0,0,0,0.7072370497047525,1.0,0.0,0.548,C
SJB293064078,국책연구단지북측,36.4959817,127.3034244,1,False,1,0.42879009126468165,반곡동,0.7552740815592273,17,10,27,0.21439504563234082,1.0,0.7480791883870117,0.637,D
SJB293057001,한국조세재정연구원,36.49277,127.30037,1,False,1,0.3598137938982446,반곡동,1.1419355022262672,17,10,27,0.1799068969491223,1.0,0.7480791883870117,0.625,D
SJB293064212,글벗중학교(새샘마을9단지),36.4906457,127.2986202,1,False,1,0.48360009899325584,소담동,0.9059339762747981,22,8,30,0.24180004949662792,1.0,0.7709293811404035,0.654,D
SJB293064365,새샘마을6단지,36.4845112,127.3042404,1,False,1,0.3610318214517116,소담동,0.6407223763656458,22,8,30,0.1805159107258558,1.0,0.7709293811404035,0.633,D
SJB293060003,한국개발연구원(KDI),36.48246,127.30716,1,False,1,0.7070624653758084,소담동,0.8634843972902254,22,8,30,0.3535312326879042,1.0,0.7709293811404035,0.694,D
SJB293064363,소담고등학교(새샘마을1단지),36.4815428,127.3027743,1,False,1,0.46658307547870637,소담동,0.4844038599341396,22,8,30,0.23329153773935318,1.0,0.7709293811404035,0.651,D
SJB293064168,"새샘마을1,2단지",36.4807836,127.298936,1,False,1,0.23248137280165299,소담동,0.23435836821165026,22,8,30,0.11624068640082649,1.0,0.7709293811404035,0.611,D
SJB293064166,"호려울마을8,9단지",36.4796473,127.2960085,1,False,1,0.3321704765451344,소담동,0.349122763334148,22,8,30,0.1660852382725672,1.0,0.7709293811404035,0.628,D
SJB293064165,세종우체국(보람초등학교),36.4805387,127.2927688,1,False,1,0.4133773783190819,소담동,0.47858365576474526,22,8,30,0.20668868915954094,1.0,0.7709293811404035,0.642,D
SJB293064080,세종시청.교육청.시의회,36.478828,127.288963,1,False,1,0.024374069247611593,보람동,0.804437095665612,22,7,29,0.012187034623805796,1.0,0.763568073042454,0.572,D
SJB293064208,보람동(호려울마을),36.4757635,127.2817304,1,False,1,0.019495050537436925,보람동,0.0779300598480332,22,7,29,0.009747525268718462,1.0,0.763568073042454,0.571,D
SJB293064231,대평동(해들마을),36.4723006,127.2763096,1,False,1,0.009394647120737374,대평동,0.18009710969314527,18,4,22,0.004697323560368687,1.0,0.7039177700774191,0.548,D
SJB293064259,조치원버스터미널,36.6018992,127.3028932,21,False,21,3.0021404025522687,조치원읍,1.5583103289991367,0,0,0,1.0,0.047619047619047616,0.0,0.364,B
SJB293064152,조치원전통시장북측,36.6015602,127.2996293,20,False,20,3.2530021623384835,조치원읍,1.344742841792813,0,0,0,1.0,0.05,0.0,0.365,B
SJB293001084,조치원역,36.60099,127.29713,20,False,20,3.4698479053450773,조치원읍,1.2301747157366048,0,0,0,1.0,0.05,0.0,0.365,B
SJB293001087,세종우체국,36.60296,127.29789,10,False,10,3.289176374263419,조치원읍,1.1258676710655509,72,13,85,1.0,0.1,1.0,0.73,B
SJB293001086,세종중학교,36.60578,127.29741,10,False,10,3.1643747573348437,조치원읍,0.920280594207213,72,13,85,1.0,0.1,1.0,0.73,B
SJB293001082,세종고등학교,36.61017,127.2968,10,False,10,3.0146968254810482,조치원읍,0.7807530148957579,72,13,85,1.0,0.1,1.0,0.73,B
SJB293001067,새주막거리,36.61256,127.29455,10,False,10,3.1303043074904084,조치원읍,0.6761405620780694,72,13,85,1.0,0.1,1.0,0.73,B
SJB293001029,구렁말,36.61749,127.28889,6,False,6,3.549808863296416,조치원읍,0.9071510995686596,72,13,85,1.0,0.16666666666666666,1.0,0.75,B
SJB293001021,신안리마을회관,36.61655,127.28695,6,False,6,3.7298466034850226,조치원읍,0.8066588147040781,72,13,85,1.0,0.16666666666666666,1.0,0.75,B
SJB293001032,중앙요양병원,36.614,127.2894,6,False,6,3.548071979553147,조치원읍,0.5290621876925636,72,13,85,1.0,0.16666666666666666,1.0,0.75,B
SJB293001050,신안1리입구,36.61353,127.29121,6,False,6,3.3983938997495273,조치원읍,0.5402858800109631,72,13,85,1.0,0.16666666666666666,1.0,0.75,B
SJB293001055,고려대학교,36.6108381,127.2930928,5,False,5,3.306130507623649,조치원읍,0.47415853858497553,72,13,85,1.0,0.2,1.0,0.76,B
SJB293001041,세종여자고등학교입구,36.6070144,127.2912647,4,False,4,3.6018949008161334,조치원읍,0.3833766556771843,72,13,85,1.0,0.25,1.0,0.775,B
SJB293001036,신봉초등학교,36.60283,127.28966,2,False,2,3.9291393407543183,조치원읍,0.7386704773014656,72,13,85,1.0,0.5,1.0,0.85,B
SJB293001042,세종시문화예술회관,36.59869,127.29035,2,False,2,4.11260623228603,조치원읍,1.2026860983817178,0,0,0,1.0,0.5,0.0,0.5,B
SJB293064502,신흥3리,36.5956852,127.2907396,1,False,1,4.280364919297841,조치원읍,1.5380864439533146,0,0,0,1.0,1.0,0.0,0.65,C
SJB293001038,신흥주공아파트,36.59523,127.28973,5,False,5,4.382613708013392,조치원읍,1.5773382766893738,0,0,0,1.0,0.2,0.0,0.41,B
SJB293001020,세종시민체육관,36.59468,127.28478,5,False,5,4.774921616397767,연서면,1.2349313811735132,0,0,0,1.0,0.2,0.0,0.41,B
SJB293064505,조치원 농협,36.5928162,127.2869351,1,False,1,4.744521947967992,연서면,1.392587737107695,0,0,0,1.0,1.0,0.0,0.65,C
SJB293064507,신흥푸르지오,36.5913565,127.2899016,1,False,1,4.6469234540143445,연서면,1.6553064069767396,0,0,0,1.0,1.0,0.0,0.65,C
SJB293001052,자이아파트,36.59083,127.29173,3,False,3,4.567321421169383,연서면,1.8214646955069078,0,0,0,1.0,0.3333333333333333,0.0,0.45,B
SJB293064083,번암아파트후문,36.5876866,127.2920412,4,False,4,4.797370144036666,연서면,1.9047517887893193,0,0,0,1.0,0.25,0.0,0.425,B
SJB293001065,번암삼거리,36.58365,127.29409,7,False,7,5.021267783955346,연서면,2.227734140055261,0,0,0,1.0,0.14285714285714285,0.0,0.393,B
SJB293001079,번암아파트,36.5866993,127.2971748,7,False,7,4.5845432469236185,연서면,2.3760163049485565,0,0,0,1.0,0.14285714285714285,0.0,0.393,B
SJB293001092,죽림리,36.59127,127.29897,7,False,7,4.088600188173951,조치원읍,2.2324475271537008,0,0,0,1.0,0.14285714285714285,0.0,0.393,B
SJB293001093,효성세종병원,36.59705,127.29895,7,False,7,3.6236511521712753,조치원읍,1.6758117509737873,0,0,0,1.0,0.14285714285714285,0.0,0.393,B
SJB293001090,조치원전통시장,36.59898,127.29861,7,False,7,3.5036974571804103,조치원읍,1.4863603988315286,0,0,0,1.0,0.14285714285714285,0.0,0.393,B
SJB293064017,조치원역,36.6013323,127.2970784,19,False,19,3.4513883872532762,조치원읍,1.1985694376695786,72,13,85,1.0,0.05263157894736842,1.0,0.716,B
SJB293064019,조치원전통시장북측,36.6014294,127.3000769,19,False,19,3.2302688680303553,조치원읍,1.3847417830272306,0,0,0,1.0,0.05263157894736842,0.0,0.366,B
SJB293064260,조치원버스터미널,36.6018765,127.3027591,21,False,21,3.0129220390553506,조치원읍,1.5495417299528547,0,0,0,1.0,0.047619047619047616,0.0,0.364,B
SJB293001088,조치원전통시장,36.599942,127.29819,8,False,8,3.4649281294935674,조치원읍,1.3802213323558747,0,0,0,1.0,0.125,0.0,0.387,B
SJB293064035,효성세종병원,36.5972495,127.2987069,8,False,8,3.624476641732885,조치원읍,1.6451771697742932,0,0,0,1.0,0.125,0.0,0.387,B
SJB293001091,죽림리,36.59078,127.29892,8,False,8,4.133165246290637,조치원읍,2.2797607439779726,0,0,0,1.0,0.125,0.0,0.387,B
SJB293001089,번암리,36.5884,127.29841,8,False,8,4.367575367928656,연서면,2.445587375756568,0,0,0,1.0,0.125,0.0,0.387,B
SJB293001078,번암아파트,36.58577,127.29582,8,False,8,4.740395798946075,연서면,2.2877955877727114,0,0,0,1.0,0.125,0.0,0.387,B
SJB293001066,번암삼거리,36.58401,127.29416,8,False,8,4.98585714086555,연서면,2.217199063923584,0,0,0,1.0,0.125,0.0,0.387,B
SJB293001054,번암아파트후문,36.58772,127.29233,3,False,3,4.777138717184741,연서면,1.9288319917629675,0,0,0,1.0,0.3333333333333333,0.0,0.45,B
SJB293001053,자이아파트,36.59085,127.29192,4,False,4,4.553569328135384,연서면,1.8382409060074856,0,0,0,1.0,0.25,0.0,0.425,B
SJB293064506,신흥푸르지오,36.5915324,127.2899626,1,False,1,4.629802746685339,연서면,1.6600972683449768,0,0,0,1.0,1.0,0.0,0.65,C
SJB293064504,조치원 농협,36.592983,127.2869737,1,False,1,4.730317766193408,연서면,1.397440857341772,0,0,0,1.0,1.0,0.0,0.65,C
SJB293001019,세종시민체육관,36.59455,127.28477,5,False,5,4.783960004853321,연서면,1.2305781102869677,0,0,0,1.0,0.2,0.0,0.41,B
SJB293001037,신흥주공아파트,36.5951,127.28973,5,False,5,4.391462471443587,조치원읍,1.5917334391205917,0,0,0,1.0,0.2,0.0,0.41,B
SJB293064503,신흥3리,36.5956318,127.2911254,1,False,1,4.25689978826604,조치원읍,1.5495611982922002,0,0,0,1.0,1.0,0.0,0.65,C
SJB293001045,세종시문화예술회관,36.598,127.29075,2,False,2,4.1266006668517585,조치원읍,1.2844725871114147,0,0,0,1.0,0.5,0.0,0.5,B
SJB293001040,신봉초등학교,36.60169,127.29016,2,False,2,3.9510414153146214,조치원읍,0.8717769323534835,72,13,85,1.0,0.5,1.0,0.85,B
SJB293001051,세종여자고등학교입구,36.6068434,127.2914161,4,False,4,3.5966858048884385,조치원읍,0.4062373939034406,72,13,85,1.0,0.25,1.0,0.775,B
SJB293001058,고려대학교,36.61076,127.29344,6,False,6,3.278947707921578,조치원읍,0.5005548193340915,72,13,85,1.0,0.16666666666666666,1.0,0.75,B
SJB293001049,신안1리입구,36.61372,127.29104,6,False,6,3.409374797944845,조치원읍,0.5511859683403151,72,13,85,1.0,0.16666666666666666,1.0,0.75,B
SJB293001033,중앙요양병원,36.61411,127.28953,6,False,6,3.534607861464969,조치원읍,0.5435919758382031,72,13,85,1.0,0.16666666666666666,1.0,0.75,B
SJB293001022,신안리마을회관,36.61637,127.28719,6,False,6,3.710214288317844,조치원읍,0.7842782722691476,72,13,85,1.0,0.16666666666666666,1.0,0.75,B
SJB293001028,구렁말,36.61737,127.28887,6,False,6,3.552378979226633,조치원읍,0.8937105317041297,72,13,85,1.0,0.16666666666666666,1.0,0.75,B
SJB293001068,새주막거리,36.61236,127.29459,11,False,11,3.132254992735387,조치원읍,0.6677799987269893,72,13,85,1.0,0.09090909090909091,1.0,0.727,B
SJB293001080,세종고등학교,36.61024,127.29666,11,False,11,3.0238574264576124,조치원읍,0.769298296102707,72,13,85,1.0,0.09090909090909091,1.0,0.727,B
SJB293001085,세종중학교,36.60591,127.29721,11,False,11,3.1732752260187924,조치원읍,0.8979504418345532,72,13,85,1.0,0.09090909090909091,1.0,0.727,B
SJB293001024,세종여자고등학교,36.60653,127.28837,2,False,2,3.8616792493004857,조치원읍,0.31505153483534537,72,13,85,1.0,0.5,1.0,0.85,B
SJB293001018,서창리,36.60526,127.28432,2,False,2,4.249791185938656,조치원읍,0.5674244173862306,72,13,85,1.0,0.5,1.0,0.85,B
SJB293001014,봉산리,36.60621,127.28092,2,False,2,4.498046223967667,조치원읍,0.7310603998209403,72,13,85,1.0,0.5,1.0,0.85,B
SJB293001012,봉산1리마을회관,36.60694,127.27798,2,False,2,4.722777716336333,조치원읍,0.9434176688579144,72,13,85,1.0,0.5,1.0,0.85,B
SJB293001009,봉산1리,36.60484,127.27739,1,False,1,4.845690063456788,조치원읍,1.0807707535063023,72,13,85,1.0,1.0,1.0,1.0,E
SJB293001008,방축골(갑부농원),36.60075,127.27606,1,False,1,5.123620209141664,연서면,1.065175807537482,7,9,16,1.0,1.0,0.6360557800329567,0.873,E
SJB293064147,대동초등학교,36.5955851,127.2953796,1,False,1,3.968923775272598,조치원읍,1.6629931330474614,0,0,0,1.0,1.0,0.0,0.65,C
SJB293001097,죽림리,36.5966487,127.2958117,1,False,1,3.861991329095374,조치원읍,1.5712658046201027,0,0,0,1.0,1.0,0.0,0.65,C
SJB293001075,조치원역뒤편,36.60061,127.29509,2,False,2,3.6427888214003206,조치원읍,1.1548663740040053,72,13,85,1.0,0.5,1.0,0.85,B
SJB293001064,세종세무서,36.60607,127.29412,2,False,2,3.4115128377895307,조치원읍,0.6489154404683485,72,13,85,1.0,0.5,1.0,0.85,B
SJB293001094,조치원버스터미널,36.6024592,127.3035236,1,False,1,2.918995664796122,조치원읍,1.5749901242569802,0,0,0,1.0,1.0,0.0,0.65,C
SJB274002040,중봉리,36.60364,127.30656,4,False,4,2.627912372452558,조치원읍,1.7651061858280324,0,0,0,1.0,0.25,0.0,0.425,B
SJB274002086,서평리,36.59864,127.31297,4,False,4,2.6886774498691834,조치원읍,2.5186316023261752,0,0,0,1.0,0.25,0.0,0.425,B
SJB271010111,서평1리,36.5955309,127.3145926,4,False,4,2.9248281120507538,조치원읍,2.819731272244115,0,0,0,1.0,0.25,0.0,0.425,B
SJB274000055,서평교,36.591895,127.316459,4,False,4,3.2353187006146644,조치원읍,3.1895240246260075,0,0,0,1.0,0.25,0.0,0.425,B
SJB274002090,동평3리,36.5868,127.31859,4,False,4,3.7237445038653516,연동면,3.6042011950593458,0,0,0,1.0,0.25,0.0,0.425,B
SJB293015015,예양2리,36.5808639,127.3172522,3,False,3,4.3933935541849385,연동면,2.9918994110668624,0,0,0,1.0,0.3333333333333333,0.0,0.45,B
SJB293015020,양세오충각,36.57851,127.32177,3,False,3,4.577541172155398,연동면,2.645834442125408,0,0,0,1.0,0.3333333333333333,0.0,0.45,B
SJB293015018,예양1리,36.57621,127.32112,3,False,3,4.838797722334469,연동면,2.40530959860256,0,0,0,1.0,0.3333333333333333,0.0,0.45,B
SJB293015023,예양리,36.57283,127.32303,3,False,3,4.553064720826092,연동면,2.0043439923698245,0,0,0,1.0,0.3333333333333333,0.0,0.45,B
SJB293015022,송용리,36.5617958,127.3229875,1,False,1,3.329123524755822,연동면,0.8199614485460445,2,3,5,1.0,1.0,0.40224961146048943,0.791,C
SJB293015030,내판역,36.55751,127.3252,2,False,2,2.8808785873656397,연동면,0.3043581592703375,2,3,5,1.0,0.5,0.40224961146048943,0.641,B
SJB293064414,연동면 복합커뮤니티센터,36.555077,127.326537,2,False,2,2.6390837966936167,연동면,0.01327432084570873,2,3,5,1.0,0.5,0.40224961146048943,0.641,B
SJB293015035,연동중학교,36.55269,127.32796,2,False,2,2.416536518951635,연동면,0.2856845814259184,2,3,5,1.0,0.5,0.40224961146048943,0.641,B
SJB293015038,교과서박물관,36.5494,127.33021,2,False,2,2.149426986036923,연동면,0.7023926891551205,2,3,5,1.0,0.5,0.40224961146048943,0.641,B
SJB293015044,응암농공단지,36.5457,127.33441,2,False,2,1.9964618285184481,연동면,1.2475699524841914,0,0,0,0.9982309142592241,0.5,0.0,0.499,B
SJB293015049,명학산업단지,36.53905,127.34013,2,False,2,1.9488423400133763,연동면,2.146317226654623,0,0,0,0.9744211700066882,0.5,0.0,0.491,B
SJB293015056,명학1리,36.53703,127.34345,2,False,2,2.150925136738024,연동면,2.501353976828475,0,0,0,1.0,0.5,0.0,0.5,B
SJB293015062,명학리,36.53567,127.34787,2,False,2,2.5029405736276034,부강면,2.267387795073736,0,0,0,1.0,0.5,0.0,0.5,B
SJB293015069,명학3리,36.53454,127.35168,3,False,3,2.822546128262474,부강면,1.9047292120532988,0,0,0,1.0,0.3333333333333333,0.0,0.45,B
SJB293012008,부강리,36.53303,127.35955,4,False,4,3.511862485952919,부강면,1.195670400665723,10,4,14,1.0,0.25,0.60795668163996,0.638,B
SJB293012011,부강역,36.53189,127.36464,5,False,5,3.9639934626205227,부강면,0.7406380233900708,10,4,14,1.0,0.2,0.60795668163996,0.623,B
SJB293064462,부강2리,36.5295,127.36597,4,False,4,4.090834777384171,부강면,0.5119054575333021,10,4,14,1.0,0.25,0.60795668163996,0.638,B
SJB293064463,부강초등학교,36.52783,127.36722,4,False,4,4.217701120856812,부강면,0.37444895873487105,10,4,14,1.0,0.25,0.60795668163996,0.638,B
SJB293064464,복지회관,36.52697,127.36974,4,False,4,4.452224369576904,부강면,0.19021649339140034,10,4,14,1.0,0.25,0.60795668163996,0.638,B
SJB293012033,부강삼거리,36.52776,127.37218,1,False,1,4.659427530403014,부강면,0.0760385846473198,10,4,14,1.0,1.0,0.60795668163996,0.863,E
SJB293064280,부강면생활체육관,36.5266749,127.374268,1,False,1,4.857847521048814,부강면,0.2975453118130034,10,4,14,1.0,1.0,0.60795668163996,0.863,E
SJB293012041,등곡3리(충광농원),36.51333,127.38231,1,False,1,4.95150719746609,부강면,1.9039016350449096,0,0,0,1.0,1.0,0.0,0.65,C
SJB293012045,등곡리,36.50773,127.38487,1,False,1,5.053587279965277,부강면,2.55886327359611,0,0,0,1.0,1.0,0.0,0.65,C
SJB293012049,매포역(노호2리),36.49753,127.39272,1,False,1,5.7301346156888116,부강면,3.8907179127585936,0,0,0,1.0,1.0,0.0,0.65,C
SJB293012054,노호1리,36.495,127.39872,1,False,1,6.2920941187117725,부강면,4.410940786366659,0,0,0,1.0,1.0,0.0,0.65,C
SJB293012055,등곡2리,36.49376,127.40229,1,False,1,6.62610930700709,부강면,4.706196003847791,0,0,0,1.0,1.0,0.0,0.65,C
SJB274020044,시목1리,36.49045,127.41045,1,False,1,7.403112045357578,부강면,5.445011055997017,0,0,0,1.0,1.0,0.0,0.65,C
SJB274020015,시목리,36.4897,127.41432,1,False,1,7.758245105123274,부강면,5.734641090461221,0,0,0,1.0,1.0,0.0,0.65,C
SJB274020012,"시목리, 현도중학교",36.48395,127.42431,1,False,1,8.761280762973875,부강면,6.811351581755589,0,0,0,1.0,1.0,0.0,0.65,C
SJB274020006,매봉(매봉리 방면),36.47372,127.42592,1,False,1,9.221520472156307,부강면,7.760568092225336,0,0,0,1.0,1.0,0.0,0.65,C
SJB274020007,매봉(양지리 방면),36.47063,127.42421,1,False,1,9.20142591761107,부강면,7.939120493474826,0,0,0,1.0,1.0,0.0,0.65,C
SJB274020017,양지리,36.4592,127.42668,1,False,1,9.935079923481196,부강면,9.11086958593762,0,0,0,1.0,1.0,0.0,0.65,C
SJB187001379,신탄진동행정복지센터,36.45277,127.42857,1,False,1,10.432490068399085,부강면,9.80638522251443,0,0,0,1.0,1.0,0.0,0.65,C
SJB187000280,신탄진역,36.4495778,127.428986,1,False,1,10.650110120125913,부강면,10.129923456063226,0,0,0,1.0,1.0,0.0,0.65,C
SJB187000270,신탄진역,36.44919,127.42929,1,False,1,10.696177814493,부강면,10.180879238441804,0,0,0,1.0,1.0,0.0,0.65,C
SJB187001378,신탄진동행정복지센터,36.45212,127.4288721,1,False,1,10.492830718161077,부강면,9.882167436028674,0,0,0,1.0,1.0,0.0,0.65,C
SJB274020018,양지2리,36.4593,127.42696,1,False,1,9.95207915998503,부강면,9.115141129422662,0,0,0,1.0,1.0,0.0,0.65,C
SJB274020008,매봉리,36.47087,127.42467,1,False,1,9.229587169330614,부강면,7.942255436496866,0,0,0,1.0,1.0,0.0,0.65,C
SJB274020003,달계리,36.4745,127.4263,1,False,1,9.2246447933198,부강면,7.714802032426649,0,0,0,1.0,1.0,0.0,0.65,C
SJB274020010,"현도면 행정복지센터, 선동리",36.48497,127.42426,1,False,1,8.731981329319655,부강면,6.727019242245822,0,0,0,1.0,1.0,0.0,0.65,C
SJB274020045,시목리,36.48982,127.41455,1,False,1,7.7762111370910985,부강면,5.738520258352466,0,0,0,1.0,1.0,0.0,0.65,C
SJB274020014,시목1리,36.49058,127.41061,1,False,1,7.414774190256259,부강면,5.443115858042385,0,0,0,1.0,1.0,0.0,0.65,C
SJB293012056,등곡2리,36.49386,127.40245,1,False,1,6.6388066016723,부강면,4.705611591905785,0,0,0,1.0,1.0,0.0,0.65,C
SJB293012053,노호1리,36.49517,127.39858,1,False,1,6.277441272348849,부강면,4.388270449783026,0,0,0,1.0,1.0,0.0,0.65,C
SJB293012050,매포역(노호2리),36.49737,127.39305,1,False,1,5.761006369995278,부강면,3.9207092627103513,0,0,0,1.0,1.0,0.0,0.65,C
SJB293012046,등곡리,36.50735,127.38499,1,False,1,5.0588266001555855,부강면,2.601218054218292,0,0,0,1.0,1.0,0.0,0.65,C
SJB293012042,등곡3리(충광농원),36.51325,127.3826,1,False,1,4.9742358944291025,부강면,1.9248916731207857,0,0,0,1.0,1.0,0.0,0.65,C
SJB293012038,부강면생활체육관,36.52758,127.37381,1,False,1,4.8063282385580095,부강면,0.22105595064920214,10,4,14,1.0,1.0,0.60795668163996,0.863,E
SJB293012032,부강삼거리,36.52792,127.372,1,False,1,4.64172981988787,부강면,0.05497033936493805,10,4,14,1.0,1.0,0.60795668163996,0.863,E
SJB293064153,복지회관,36.5271885,127.3698136,4,False,4,4.455888984477377,부강면,0.17055653339462248,10,4,14,1.0,0.25,0.60795668163996,0.638,B
SJB293012021,부강초등학교,36.52823,127.36714,5,False,5,4.206158149665323,부강면,0.38147515537930915,10,4,14,1.0,0.2,0.60795668163996,0.623,B
SJB293064465,부강2리,36.52934,127.36628,4,False,4,4.119623937575953,부강면,0.4800592844213563,10,4,14,1.0,0.25,0.60795668163996,0.638,B
SJB293012014,부강역,36.53192,127.36517,5,False,5,4.01135724425395,부강면,0.704575632677972,10,4,14,1.0,0.2,0.60795668163996,0.623,B
SJB293012009,부강리,36.53291,127.36088,5,False,5,3.630128567339949,부강면,1.0850883804479527,10,4,14,1.0,0.2,0.60795668163996,0.623,B
SJB293015068,명학3리,36.53472,127.35163,3,False,3,2.820340723091812,부강면,1.9165311619639296,0,0,0,1.0,0.3333333333333333,0.0,0.45,B
SJB293015063,명학리,36.53579,127.34803,2,False,2,2.519340835556381,부강면,2.2591931097820233,0,0,0,1.0,0.5,0.0,0.5,B
SJB293015055,명학1리,36.5372,127.34346,2,False,2,2.1569746180504805,연동면,2.4867792219441327,0,0,0,1.0,0.5,0.0,0.5,B
SJB293015050,명학산업단지,36.53897,127.34062,2,False,2,1.9851838740418157,연동면,2.178416762568511,0,0,0,0.9925919370209079,0.5,0.0,0.497,B
SJB293015043,응암농공단지,36.54621,127.33419,2,False,2,2.0285923433918307,연동면,1.189555330437037,2,3,5,1.0,0.5,0.40224961146048943,0.641,B
SJB293015039,교과서박물관,36.54933,127.33046,2,False,2,2.151798632252286,연동면,0.7195611167930214,2,3,5,1.0,0.5,0.40224961146048943,0.641,B
SJB293015036,연동중학교,36.5529,127.32801,2,False,2,2.440150700343077,연동면,0.2664116382243415,2,3,5,1.0,0.5,0.40224961146048943,0.641,B
SJB293064415,연동면 복합커뮤니티센터,36.555012,127.326823,2,False,2,2.6379867133999304,연동면,0.013274326012381479,2,3,5,1.0,0.5,0.40224961146048943,0.641,B
SJB293015028,내판역,36.55796,127.32516,2,False,2,2.929643353504026,연동면,0.3514693549628791,2,3,5,1.0,0.5,0.40224961146048943,0.641,B
SJB293015026,송용리,36.5619854,127.3231771,1,False,1,3.3516026072824676,연동면,0.8327973328049076,2,3,5,1.0,1.0,0.40224961146048943,0.791,C
SJB293015025,예양리,36.57279,127.32321,3,False,3,4.549667078996859,연동면,1.9973982137974189,0,0,0,1.0,0.3333333333333333,0.0,0.45,B
SJB293015019,예양1리,36.57534,127.32155,3,False,3,4.825605801130369,연동면,2.302793729576425,0,0,0,1.0,0.3333333333333333,0.0,0.45,B
SJB293015021,양세오충각,36.57838,127.3219,3,False,3,4.590341632186955,연동면,2.629670499238519,0,0,0,1.0,0.3333333333333333,0.0,0.45,B
SJB293064171,예양2리,36.5809703,127.3172654,3,False,3,4.381609635540959,연동면,3.0029238215595604,0,0,0,1.0,0.3333333333333333,0.0,0.45,B
SJB274002089,동평3리,36.58647,127.31843,4,False,4,3.7627978249768783,연동면,3.571179896983357,0,0,0,1.0,0.25,0.0,0.425,B
SJB274000059,서평교,36.592008,127.316545,4,False,4,3.220909293512446,조치원읍,3.1879983697139114,0,0,0,1.0,0.25,0.0,0.425,B
SJB274002088,서평1리,36.59558,127.3147,4,False,4,2.9158010565002526,조치원읍,2.8248083261803325,0,0,0,1.0,0.25,0.0,0.425,B
SJB274002087,서평리,36.59852,127.31318,4,False,4,2.69045619870332,조치원읍,2.541462503713362,0,0,0,1.0,0.25,0.0,0.425,B
SJB274002001,중봉리,36.60392,127.30684,4,False,4,2.5885666137509378,조치원읍,1.7776167630044721,0,0,0,1.0,0.25,0.0,0.425,B
SJB293001096,조치원버스터미널,36.6026983,127.3036683,1,False,1,2.892048784386874,조치원읍,1.5736017778872682,0,0,0,1.0,1.0,0.0,0.65,C
SJB293001048,홍익대학교,36.62178,127.29072,5,False,5,3.391756095482413,조치원읍,1.4009887485904955,0,0,0,1.0,0.2,0.0,0.41,B
SJB293001039,신안2리(안터),36.62633,127.28994,5,False,5,3.5373290394887564,조치원읍,1.8944906400677934,0,0,0,1.0,0.2,0.0,0.41,B
SJB293001031,신안2리입구,36.62926,127.28909,5,False,5,3.6954277550102486,조치원읍,2.2149737608674447,0,0,0,1.0,0.2,0.0,0.41,B
SJB293001026,조형아파트,36.63471,127.28878,5,False,5,3.944536502703266,조치원읍,2.8198956888809863,0,0,0,1.0,0.2,0.0,0.41,B
SJB274002085,상봉초등학교,36.63758,127.28628,4,False,4,4.288230808898105,조치원읍,3.142649574273483,0,0,0,1.0,0.25,0.0,0.425,B
SJB274002083,상봉2리(가마소),36.63862,127.28379,4,False,4,4.538675179773666,조치원읍,3.2768148187345685,0,0,0,1.0,0.25,0.0,0.425,B
SJB293018082,심중1리,36.64456,127.27603,4,False,4,5.466986310756965,조치원읍,4.060297784511347,0,0,0,1.0,0.25,0.0,0.425,B
SJB293018072,심중2리입구,36.64999,127.27104,4,False,4,6.165780124762035,전동면,3.583992035699587,0,0,0,1.0,0.25,0.0,0.425,B
SJB293018062,전동삼거리,36.65369,127.26701,3,False,3,6.694387625749482,전동면,3.101619565582882,0,0,0,1.0,0.3333333333333333,0.0,0.45,B
SJB293018068,노장농공단지,36.6609,127.27033,2,False,2,6.958205705122436,전동면,3.2418058378809156,0,0,0,1.0,0.5,0.0,0.5,B
SJB293018077,노장2리,36.66316,127.27271,2,False,2,6.974270259124197,전동면,3.449411506717448,0,0,0,1.0,0.5,0.0,0.5,B
SJB293018078,노장3리,36.66932,127.2727,2,False,2,7.4696802195016065,전동면,3.5286738843682635,0,0,0,1.0,0.5,0.0,0.5,B
SJB293018070,조치원낚시터,36.67291,127.27078,2,False,2,7.882377786857638,전동면,3.472574725507121,0,0,0,1.0,0.5,0.0,0.5,B
SJB293018050,봉대리(평말),36.68073,127.26314,2,False,2,8.985892801380375,전동면,3.2885120006271538,0,0,0,1.0,0.5,0.0,0.5,B
SJB293018055,봉대리,36.68345,127.26529,2,False,2,9.09749654675531,전동면,3.6275888183537526,0,0,0,1.0,0.5,0.0,0.5,B
SJB293018074,세종시공원묘원,36.69279,127.27243,1,False,1,9.584619589040845,전동면,4.797419751520638,0,0,0,1.0,1.0,0.0,0.65,C
SJB285016004,백자3리,36.70214,127.27608,1,False,1,10.333239391340008,전동면,5.7808212675585855,0,0,0,1.0,1.0,0.0,0.65,C
SJB285016006,백자4리,36.70507,127.27389,1,False,1,10.712187116718788,전동면,5.913140217975177,0,0,0,1.0,1.0,0.0,0.65,C
SJB285016002,백자2리,36.71068,127.27417,1,False,1,11.260217935750957,전동면,6.436493643260083,0,0,0,1.0,1.0,0.0,0.65,C
SJB285016027,해정리,36.7197,127.27756,1,False,1,12.05536657326024,전의면,7.404575376786755,0,0,0,1.0,1.0,0.0,0.65,C
SJB285016026,해정2리,36.72692,127.27976,1,False,1,12.733828652878605,전의면,7.941800728078469,0,0,0,1.0,1.0,0.0,0.65,C
SJB285016029,속샘말삼거리,36.7293398,127.2798646,1,False,1,12.983844473882606,전의면,8.084195961567067,0,0,0,1.0,1.0,0.0,0.65,C
SJB285016016,수신면사무소,36.73094,127.28176,1,False,1,13.09674184785101,전의면,8.320615891883508,0,0,0,1.0,1.0,0.0,0.65,C
SJB285016010,수신초등학교,36.73284,127.28432,1,False,1,13.227187212571135,전의면,8.62544428255506,0,0,0,1.0,1.0,0.0,0.65,C
SJB285016009,상록리조트후문,36.73665,127.28407,1,False,1,13.638552427993492,전의면,8.83650437398636,0,0,0,1.0,1.0,0.0,0.65,C
SJB285016007,상록리조트정문,36.74248,127.28623,1,False,1,14.207503332907397,전의면,9.368759901270082,0,0,0,1.0,1.0,0.0,0.65,C
SJB285016020,장산3리(송내),36.74513,127.2894,1,False,1,14.42063521591466,전의면,9.771524977652977,0,0,0,1.0,1.0,0.0,0.65,C
SJB285016021,장산4리,36.74668,127.29091,1,False,1,14.556220001604052,전의면,9.98292282256869,0,0,0,1.0,1.0,0.0,0.65,C
SJB285016015,송내리,36.75136,127.29284,1,False,1,15.02554538144565,전의면,10.440114928209772,0,0,0,1.0,1.0,0.0,0.65,C
SJB285016023,장산4리(상리),36.75456,127.29562,1,False,1,15.323939141839645,전의면,10.857361338728806,0,0,0,1.0,1.0,0.0,0.65,C
SJB285013002,모드니에아파트,36.75899,127.29714,1,False,1,15.782992517286921,전의면,11.280071621068174,0,0,0,1.0,1.0,0.0,0.65,C
SJB285013007,병천시장,36.7611,127.29893,1,False,1,15.98674058697293,전의면,11.55481548451867,0,0,0,1.0,1.0,0.0,0.65,C
SJB285013004,병천3리,36.76219,127.30078,1,False,1,16.0800106606635,전의면,11.758553042454345,0,0,0,1.0,1.0,0.0,0.65,C
SJB285013008,유관순열사유적지,36.76258,127.30339,1,False,1,16.088697222940265,전의면,11.962119566152385,0,0,0,1.0,1.0,0.0,0.65,C
SJB285013005,병천고등학교,36.7642,127.3118,1,False,1,16.180519006671126,전의면,12.651418641693764,0,0,0,1.0,1.0,0.0,0.65,C
SJB285013010,병천고등학교,36.76454,127.31257,1,False,1,16.211966029374796,전의면,12.728457827478643,0,0,0,1.0,1.0,0.0,0.65,C
SJB285013009,유관순열사유적지,36.76308,127.30586,1,False,1,16.1145612792184,전의면,12.165296912831602,0,0,0,1.0,1.0,0.0,0.65,C
SJB285013003,병천3리,36.76224,127.30012,1,False,1,16.094683762100733,전의면,11.71825428229145,0,0,0,1.0,1.0,0.0,0.65,C
SJB285013006,병천시장,36.76122,127.29884,1,False,1,16.001228646718786,전의면,11.557676986422816,0,0,0,1.0,1.0,0.0,0.65,C
SJB285013001,모드니에아파트,36.75911,127.29704,1,False,1,15.797709143668758,전의면,11.282169299611974,0,0,0,1.0,1.0,0.0,0.65,C
SJB285016022,장산4리(상리),36.75431,127.29521,1,False,1,15.303729498884934,전의면,10.811501291432315,0,0,0,1.0,1.0,0.0,0.65,C
SJB285016013,송내리,36.75019,127.29218,1,False,1,14.91114877106824,전의면,10.312647139906732,0,0,0,1.0,1.0,0.0,0.65,C
SJB285016028,장산4리,36.7467119,127.2906764,1,False,1,14.564493792209914,전의면,9.968551729000996,0,0,0,1.0,1.0,0.0,0.65,C
SJB285016019,장산3리(송내),36.74519,127.28926,1,False,1,14.430137670725557,전의면,9.76560109425883,0,0,0,1.0,1.0,0.0,0.65,C
SJB285016018,상록리조트정문,36.74247,127.28608,1,False,1,14.209994933926243,전의면,9.357378288696996,0,0,0,1.0,1.0,0.0,0.65,C
SJB285016008,상록리조트후문,36.73662,127.28392,1,False,1,13.639263224506314,전의면,8.823562573794833,0,0,0,1.0,1.0,0.0,0.65,C
SJB285016017,수신초등학교,36.7328,127.28411,1,False,1,13.228547702017174,전의면,8.607179583912965,0,0,0,1.0,1.0,0.0,0.65,C
SJB285016011,수신면사무소,36.73099,127.28162,1,False,1,13.105996965844632,전의면,8.3128349683637,0,0,0,1.0,1.0,0.0,0.65,C
SJB285016012,속샘말삼거리,36.72943,127.27975,1,False,1,12.996717555474733,전의면,8.080561213939909,0,0,0,1.0,1.0,0.0,0.65,C
SJB285016025,해정2리,36.72683,127.27959,1,False,1,12.72962408045944,전의면,7.923694871297468,0,0,0,1.0,1.0,0.0,0.65,C
SJB285016024,해정리,36.71976,127.27744,1,False,1,12.0655873207753,전의면,7.397604816207165,0,0,0,1.0,1.0,0.0,0.65,C
SJB285016001,백자2리,36.71079,127.27405,1,False,1,11.275868183599536,전동면,6.440730899481925,0,0,0,1.0,1.0,0.0,0.65,C
SJB285016005,백자4리,36.7053,127.27365,1,False,1,10.74470544286155,전동면,5.920809693694592,0,0,0,1.0,1.0,0.0,0.65,C
SJB285016003,백자3리,36.70201,127.27598,1,False,1,10.324410937331795,전동면,5.76403709354621,0,0,0,1.0,1.0,0.0,0.65,C
SJB293018073,세종시공원묘원,36.69282,127.27229,1,False,1,9.593995656204767,전동면,4.79086077324534,0,0,0,1.0,1.0,0.0,0.65,C
SJB293018054,봉대리,36.68337,127.26512,2,False,2,9.099956350812928,전동면,3.610249218989862,0,0,0,1.0,0.5,0.0,0.5,B
SJB293018051,봉대리(평말),36.68098,127.26305,2,False,2,9.01224050147221,전동면,3.2993612759481175,0,0,0,1.0,0.5,0.0,0.5,B
SJB293018069,조치원낚시터,36.67308,127.2706,2,False,2,7.907176533828713,전동면,3.4637646239906057,0,0,0,1.0,0.5,0.0,0.5,B
SJB293018075,노장3리,36.66938,127.2725,2,False,2,7.486564540311753,전동면,3.512678995488135,0,0,0,1.0,0.5,0.0,0.5,B
SJB293018076,노장2리,36.66327,127.27263,2,False,2,6.987923499155103,전동면,3.4425324984574206,0,0,0,1.0,0.5,0.0,0.5,B
SJB293018067,노장농공단지,36.66071,127.27012,2,False,2,6.9582259767581265,전동면,3.224389586208715,0,0,0,1.0,0.5,0.0,0.5,B
SJB293018060,전동삼거리,36.65378,127.2669,3,False,3,6.708157582059039,전동면,3.0891386926344726,0,0,0,1.0,0.3333333333333333,0.0,0.45,B
SJB293018071,심중2리입구,36.64988,127.27101,4,False,4,6.161256516783211,전동면,3.5863222238483217,0,0,0,1.0,0.25,0.0,0.425,B
SJB293018081,심중1리,36.64451,127.27593,4,False,4,5.471796865737539,조치원읍,4.05731984980535,0,0,0,1.0,0.25,0.0,0.425,B
SJB274002082,상봉2리(가마소),36.63857,127.28365,4,False,4,4.5470654960117365,조치원읍,3.2727903495208714,0,0,0,1.0,0.25,0.0,0.425,B
SJB274002084,상봉초등학교,36.63747,127.28622,4,False,4,4.287174471140519,조치원읍,3.1307189570390297,0,0,0,1.0,0.25,0.0,0.425,B
SJB293001027,조형아파트,36.63441,127.28884,5,False,5,3.925335663030577,조치원읍,2.786664483317673,0,0,0,1.0,0.2,0.0,0.41,B
SJB293001030,신안2리입구,36.62874,127.28909,5,False,5,3.6785415020569374,조치원읍,2.1571985384551278,0,0,0,1.0,0.2,0.0,0.41,B
SJB293001034,신안2리(안터),36.62652,127.28975,5,False,5,3.558565111421889,조치원읍,1.9141702407193957,0,0,0,1.0,0.2,0.0,0.41,B
SJB293001043,홍익대학교,36.62188,127.29056,5,False,5,3.4069011565440044,조치원읍,1.409670951565736,0,0,0,1.0,0.2,0.0,0.41,B
SJB293001047,신안1리,36.61865,127.29091,5,False,5,3.3645298293112984,조치원읍,1.063222067659447,72,13,85,1.0,0.2,1.0,0.76,B
SJB293064178,다정동(장기로),36.4998106,127.2345693,1,False,1,0.6933440977277986,종촌동,0.8656349445443774,34,8,42,0.3466720488638993,1.0,0.8443886085975061,0.717,D
SJB293064032,"가재마을9, 10단지",36.5015892,127.2525636,1,False,1,0.3623410471412169,다정동,0.7179486709807935,20,10,30,0.18117052357060845,1.0,0.7709293811404035,0.633,D
SJB293051005,가람동(이마트앞),36.47061,127.2518,2,False,2,1.4401187411805416,가람동,0.012530960263455456,1,0,1,0.7200593705902708,0.5,0.15561139140249397,0.456,B
SJB293051004,열병합발전소,36.4654,127.24613,2,False,2,2.20998065647691,가람동,0.7785785952706269,1,0,1,1.0,0.5,0.15561139140249397,0.554,B
SJB293064426,주택성능연구개발센터,36.467585,127.242469,1,False,1,2.2764904000571815,가람동,0.9114588004088188,1,0,1,1.0,1.0,0.15561139140249397,0.704,C
SJB293017063,영평사입구,36.47564,127.23857,1,False,1,2.1272249679135484,가람동,1.3196217797858731,0,0,0,1.0,1.0,0.0,0.65,C
SJB293064386,산학리(주니어전문스쿨),36.4826597,127.2327579,1,False,1,2.068491379652326,다정동,2.062581998883816,0,0,0,1.0,1.0,0.0,0.65,C
SJB293017060,동원주식회사,36.4881,127.22658,1,False,1,1.910105218256364,장군면,2.0954474153291236,0,0,0,0.955052609128182,1.0,0.0,0.634,C
SJB293017058,산학리,36.49187,127.22221,1,False,1,2.0063484806085814,장군면,1.5495978057190598,0,0,0,1.0,1.0,0.0,0.65,C
SJB293017053,은용1리,36.49338,127.21585,1,False,1,2.4772110093512074,장군면,0.9708777240542532,5,5,10,1.0,1.0,0.5383269676379318,0.838,E
SJB293064270,장기초등학교,36.4968405,127.2073985,1,False,1,3.08114037655609,장군면,0.14919042782824632,5,5,10,1.0,1.0,0.5383269676379318,0.838,E
SJB293017029,장기초등학교,36.49667,127.20729,1,False,1,3.0951197074841046,장군면,0.16292023783266846,5,5,10,1.0,1.0,0.5383269676379318,0.838,E
SJB293017051,은용1리,36.49328,127.21577,1,False,1,2.4872518249066635,장군면,0.9708700354895733,5,5,10,1.0,1.0,0.5383269676379318,0.838,E
SJB293017057,산학리,36.49191,127.22186,1,False,1,2.0326475465155136,장군면,1.5196137269644807,0,0,0,1.0,1.0,0.0,0.65,C
SJB293017061,동원주식회사,36.4889,127.22667,1,False,1,1.8459865430996922,장군면,2.0568606425424973,0,0,0,0.9229932715498461,1.0,0.0,0.623,C
SJB293064385,산학리(주니어전문스쿨),36.4825063,127.232697,1,False,1,2.086251808453976,새롬동,2.0771509184887273,0,0,0,1.0,1.0,0.0,0.65,C
SJB293017062,영평사입구,36.47582,127.23838,1,False,1,2.1294211547170496,가람동,1.3435307402275336,0,0,0,1.0,1.0,0.0,0.65,C
SJB293064427,주택성능연구개발센터,36.467511,127.24234,1,False,1,2.290584041651309,가람동,0.9252252079158302,1,0,1,1.0,1.0,0.15561139140249397,0.704,C
SJB293051003,열병합발전소,36.46513,127.246,2,False,2,2.2402438818425607,가람동,0.8087770839179865,1,0,1,1.0,0.5,0.15561139140249397,0.554,B
SJB293051006,가람동(이마트앞),36.47062,127.25208,2,False,2,1.4228748826926654,가람동,0.01253095945677408,1,0,1,0.7114374413463327,0.5,0.15561139140249397,0.453,B
SJB293064025,"가재마을9, 10단지",36.5018101,127.2525964,1,False,1,0.3810297218860871,어진동,0.7113705831006175,33,0,33,0.19051486094304354,1.0,0.7916671714354506,0.644,D
SJB293064143,다정동(장기로),36.4999845,127.2345564,1,False,1,0.6832242728428966,종촌동,0.8600891273340975,34,8,42,0.3416121364214483,1.0,0.8443886085975061,0.715,D
SJB293064443,대전공원묘원,36.4519,127.2266,1,False,1,4.501850707742967,가람동,3.076690198675777,0,0,0,1.0,1.0,0.0,0.65,C
SJB293064181,도남삼거리,36.4413461,127.2242355,1,False,1,5.412823640053368,가람동,4.090409798114918,0,0,0,1.0,1.0,0.0,0.65,C
SJB293017055,금암삼거리,36.43837,127.21848,1,False,1,6.024422609349577,가람동,4.67024180175132,0,0,0,1.0,1.0,0.0,0.65,C
SJB293017032,금암리노인정,36.43827,127.2085,1,False,1,6.7190224625596215,가람동,5.2943358218092085,0,0,0,1.0,1.0,0.0,0.65,C
SJB293017034,금암리(웅대원룸),36.44168,127.20892,1,False,1,6.4326964506591215,가람동,5.015492437591449,0,0,0,1.0,1.0,0.0,0.65,C
SJB293017036,한국영상대기숙사,36.44304,127.20993,1,False,1,6.264629389993684,가람동,4.849509782774733,0,0,0,1.0,1.0,0.0,0.65,C
SJB293017041,금암리(서봉타운),36.44591,127.21077,1,False,1,5.997255760200433,가람동,4.593820786755655,0,0,0,1.0,1.0,0.0,0.65,C
SJB293017038,금암리(영조주택),36.44884,127.21055,1,False,1,5.805104616582467,가람동,4.423131767247212,0,0,0,1.0,1.0,0.0,0.65,C
SJB293017040,금암리(그린원룸),36.45103,127.21064,1,False,1,5.65115930246387,가람동,4.2876856584318,0,0,0,1.0,1.0,0.0,0.65,C
SJB293010014,금암리(솔정자),36.45532047,127.2112425,1,False,1,5.336687811159068,가람동,4.017223649561462,0,0,0,1.0,1.0,0.0,0.65,C
SJB293010015,금암리(사기정골),36.45776728,127.2119781,1,False,1,5.138493436961081,가람동,3.84860867039243,0,0,0,1.0,1.0,0.0,0.65,C
SJB293017045,한국영상대학교,36.46158,127.21124,1,False,1,4.996911603845124,가람동,3.775667525391261,0,0,0,1.0,1.0,0.0,0.65,C
SJB293017046,금암리(사기정골),36.45775,127.21181,1,False,1,5.152436895879742,가람동,3.8632826516151617,0,0,0,1.0,1.0,0.0,0.65,C
SJB293017042,금암리(솔정자),36.4553,127.21109,1,False,1,5.3494114048207,가람동,4.030544719760046,0,0,0,1.0,1.0,0.0,0.65,C
SJB293010013,금암리(그린원룸),36.45112248,127.2105076,1,False,1,5.6546250279094705,가람동,4.292686097884929,0,0,0,1.0,1.0,0.0,0.65,C
SJB293017037,금암리(영조주택),36.44864,127.2104,1,False,1,5.829412974023707,가람동,4.446550176109766,0,0,0,1.0,1.0,0.0,0.65,C
SJB293010012,금암리(서봉타운),36.44601649,127.2106385,1,False,1,5.998447824211932,가람동,4.59619353899644,0,0,0,1.0,1.0,0.0,0.65,C
SJB293017035,한국영상대기숙사,36.44327,127.20992,1,False,1,6.248393509058062,가람동,4.83407110027062,0,0,0,1.0,1.0,0.0,0.65,C
SJB293010011,금암리(웅대원룸),36.44176087,127.2088036,1,False,1,6.434443617325278,가람동,5.017726688542537,0,0,0,1.0,1.0,0.0,0.65,C
SJB293017030,금암리노인정,36.43813,127.2084,1,False,1,6.736285385459431,가람동,5.311479623285261,0,0,0,1.0,1.0,0.0,0.65,C
SJB293017056,금암삼거리,36.4382,127.2185,1,False,1,6.0337596449551505,가람동,4.683629614825466,0,0,0,1.0,1.0,0.0,0.65,C
SJB293064182,도남삼거리,36.4412701,127.2245036,1,False,1,5.398069585063668,가람동,4.082681659187532,0,0,0,1.0,1.0,0.0,0.65,C
SJB293900001,대전공원묘원,36.452,127.2269,1,False,1,4.474958133029908,가람동,3.0494235287416123,0,0,0,1.0,1.0,0.0,0.65,C
SJB293016126,월하리,36.57825,127.29256,6,False,6,4.909387321162684,연서면,2.427997467291861,0,0,0,1.0,0.16666666666666666,0.0,0.4,B
SJB293016124,월하리(항공학교),36.57537,127.29147,6,False,6,4.5894260760643695,연서면,2.571793468184819,0,0,0,1.0,0.16666666666666666,0.0,0.4,B
SJB293016121,세종장례식장입구,36.5700498,127.2875721,3,False,3,4.0183690110061985,연서면,2.831325801474116,0,0,0,1.0,0.3333333333333333,0.0,0.45,B
SJB293016116,세종교통,36.56604,127.28472,3,False,3,3.613179581672745,연기면,2.7955158984218187,0,0,0,1.0,0.3333333333333333,0.0,0.45,B
SJB293016112,봉암리,36.56358,127.28305,3,False,3,3.328122361468296,연기면,2.488275910833603,0,0,0,1.0,0.3333333333333333,0.0,0.45,B
SJB293016110,대원아파트후문,36.56134,127.28143,3,False,3,3.059399717729751,연기면,2.2069604909211344,0,0,0,1.0,0.3333333333333333,0.0,0.45,B
SJB293016101,대원아파트,36.55833,127.27817,3,False,3,2.69785470302316,연기면,1.8109559253102154,0,0,0,1.0,0.3333333333333333,0.0,0.45,B
SJB293014032,실광주유소,36.55361,127.27738,2,False,2,2.1705032915222553,연기면,1.2828406030708557,0,0,0,1.0,0.5,0.0,0.5,B
SJB293064170,방공학교,36.5518391,127.2780081,2,False,2,1.9764483156451742,연기면,1.1074088690096757,1,4,5,0.9882241578225871,0.5,0.40224961146048943,0.637,B
SJB293014037,보통2리,36.54867,127.27837,2,False,2,1.6277220072524687,연기면,0.793843826136885,1,4,5,0.8138610036262344,0.5,0.40224961146048943,0.576,B
SJB293014030,연기리,36.54482,127.27714,2,False,2,1.1929496728015399,연기면,0.37807629605654014,1,4,5,0.5964748364007699,0.5,0.40224961146048943,0.5,B
SJB293014023,연기면사무소,36.54241,127.2744,1,False,1,0.944888774736051,연기면,0.016787404489042496,1,4,5,0.4724443873680255,1.0,0.40224961146048943,0.606,B
SJB293014019,연기산업단지,36.54374,127.26691,1,False,1,1.336733931239961,연기면,0.6713878806810107,1,4,5,0.6683669656199805,1.0,0.40224961146048943,0.675,C
SJB293064042,눌왕리(새터말),36.5454681,127.2625687,1,False,1,1.7261503606089954,연기면,1.0973346497356213,1,4,5,0.8630751803044977,1.0,0.40224961146048943,0.743,C
SJB293014012,눌왕1리(도덕농장),36.54496,127.25815,1,False,1,1.796976999252231,연기면,1.4649725721252649,0,0,0,0.8984884996261155,1.0,0.0,0.614,C
SJB293014011,수왕초등학교,36.54508,127.25503,1,False,1,1.917638571506921,연기면,1.7413374582484213,0,0,0,0.9588192857534605,1.0,0.0,0.636,C
SJB293014008,눌왕2리(푸른농원),36.54602,127.24922,1,False,1,2.282617442580152,연기면,2.2706611187504913,0,0,0,1.0,1.0,0.0,0.65,C
SJB293014007,눌왕2리마을회관,36.54452,127.24683,1,False,1,2.295016134578701,해밀동,2.318354495485207,0,0,0,1.0,1.0,0.0,0.65,C
SJB293014004,눌왕2리,36.54384,127.24391,1,False,1,2.4337363198952366,산울동,2.3992604817857153,0,0,0,1.0,1.0,0.0,0.65,C
SJB293014003,수산리(방아다리),36.54452,127.23693,1,False,1,2.9180118408080866,산울동,2.8154140032409227,0,0,0,1.0,1.0,0.0,0.65,C
SJB293014001,수산리,36.5408579,127.2307892,1,False,1,2.723713457223895,산울동,2.9314764450694275,0,0,0,1.0,1.0,0.0,0.65,C
SJB293064491,수산리교차로,36.5382055,127.2339589,1,False,1,2.3357328087088347,산울동,2.528701313473266,0,0,0,1.0,1.0,0.0,0.65,C
SJB293064013,은하수공원,36.5325085,127.2453325,1,False,1,1.5033348046803952,산울동,1.3356258979604072,0,0,0,0.7516674023401976,1.0,0.0,0.563,C
SJB293064156,은하수공원,36.5326753,127.2453565,1,False,1,1.52196188586688,산울동,1.3456382049588058,0,0,0,0.76098094293344,1.0,0.0,0.566,C
SJB293064490,수산리교차로,36.5378723,127.2340996,1,False,1,2.296770638640095,산울동,2.497060412735183,0,0,0,1.0,1.0,0.0,0.65,C
SJB293014002,수산리(방아다리),36.54436,127.23691,1,False,1,2.9011358526812807,산울동,2.802866084045623,0,0,0,1.0,1.0,0.0,0.65,C
SJB293014005,눌왕2리,36.54346,127.24441,1,False,1,2.3723411569700024,산울동,2.3406643348646297,0,0,0,1.0,1.0,0.0,0.65,C
SJB293014006,눌왕2리마을회관,36.5442,127.24662,1,False,1,2.2827760466676486,해밀동,2.305044291458731,0,0,0,1.0,1.0,0.0,0.65,C
SJB293014009,눌왕2리(푸른농원),36.54592,127.24938,1,False,1,2.2651215686523485,연기면,2.254621087172289,0,0,0,1.0,1.0,0.0,0.65,C
SJB293014010,수왕초등학교,36.54498,127.25486,1,False,1,1.9146196514744365,연기면,1.7544114862901918,0,0,0,0.9573098257372182,1.0,0.0,0.635,C
SJB293014013,눌왕1리(도덕농장),36.54482,127.25815,1,False,1,1.7822588546507259,연기면,1.4619754386907267,0,0,0,0.8911294273253629,1.0,0.0,0.612,C
SJB293064043,눌왕리(새터말),36.5453054,127.2623793,1,False,1,1.7238175079295488,연기면,1.107913214564851,1,4,5,0.8619087539647744,1.0,0.40224961146048943,0.742,C
SJB293014018,연기산업단지,36.54369,127.26673,1,False,1,1.341209093224181,연기면,0.6858247104818856,1,4,5,0.6706045466120905,1.0,0.40224961146048943,0.675,C
SJB293014021,연기면사무소,36.5423,127.27405,1,False,1,0.940045515494068,연기면,0.016787414849403156,1,4,5,0.470022757747034,1.0,0.40224961146048943,0.605,B
SJB293014028,연기리,36.54431,127.27681,2,False,2,1.13544079921382,연기면,0.31715222416403416,1,4,5,0.56772039960691,0.5,0.40224961146048943,0.489,B
SJB293014038,보통2리,36.54869,127.27849,2,False,2,1.631004579083285,연기면,0.8008556802184923,1,4,5,0.8155022895416425,0.5,0.40224961146048943,0.576,B
SJB293014036,방공학교,36.55202,127.27817,2,False,2,1.9974806315490143,연기면,1.13100366670531,1,4,5,0.9987403157745072,0.5,0.40224961146048943,0.64,B
SJB293014033,실광주유소,36.55469,127.27737,2,False,2,2.2905099830960696,연기면,1.4000657944337582,0,0,0,1.0,0.5,0.0,0.5,B
SJB293016102,대원아파트,36.55839,127.27835,3,False,3,2.7053937135829402,연기면,1.8206863583447508,0,0,0,1.0,0.3333333333333333,0.0,0.45,B
SJB293016109,대원아파트후문,36.56068,127.28087,3,False,3,2.9799592332255584,연기면,2.122339917522625,0,0,0,1.0,0.3333333333333333,0.0,0.45,B
SJB293016113,봉암리,36.56387,127.28345,3,False,3,3.3661898738257925,연기면,2.5302907812798914,0,0,0,1.0,0.3333333333333333,0.0,0.45,B
SJB293016117,세종교통,36.56604,127.28491,3,False,3,3.61009718838679,연기면,2.801252583635274,0,0,0,1.0,0.3333333333333333,0.0,0.45,B
SJB293016123,세종장례식장입구,36.5700006,127.2877801,3,False,3,4.011072782144938,연서면,2.845546730580469,0,0,0,1.0,0.3333333333333333,0.0,0.45,B
SJB293064508,월하리(패션아울렛),36.5735137,127.2903054,3,False,3,4.385726463171474,연서면,2.656140952102806,0,0,0,1.0,0.3333333333333333,0.0,0.45,B
SJB293016125,월하리(항공학교),36.57633,127.29212,4,False,4,4.6957629788996975,연서면,2.53845333843553,0,0,0,1.0,0.25,0.0,0.425,B
SJB293016127,월하리,36.57842,127.29276,4,False,4,4.928452481883809,연서면,2.4301942960561287,0,0,0,1.0,0.25,0.0,0.425,B
SJB293016119,봉암2리마을회관,36.55973,127.28701,1,False,1,2.8867909752015652,연기면,2.2443048922996325,0,0,0,1.0,1.0,0.0,0.65,C
SJB293014039,연기2리마을회관,36.54216,127.28017,1,False,1,0.9509931632112706,연기면,0.5315449494702159,1,4,5,0.4754965816056353,1.0,0.40224961146048943,0.607,B
SJB293014048,보통1리마을회관,36.54493,127.29008,1,False,1,1.2184667622189735,연기면,1.445047838874339,0,0,0,0.6092333811094868,1.0,0.0,0.513,C
SJB293064196,보통1리마을회관,36.5447598,127.2901082,1,False,1,1.1993785836328754,연기면,1.4438943779479763,0,0,0,0.5996892918164377,1.0,0.0,0.51,C
SJB293064273,연기2리마을회관,36.5423242,127.2802675,1,False,1,0.9711153903572344,연기면,0.5398230647428038,1,4,5,0.4855576951786172,1.0,0.40224961146048943,0.611,B
SJB293064276,노송2리,36.57114,127.3261292,2,False,2,4.392403108935899,연동면,1.7904138772871474,0,0,0,1.0,0.5,0.0,0.5,B
SJB293015040,노송1리(노리미),36.5693111,127.3281964,2,False,2,4.219596131225933,연동면,1.5921442870892797,0,0,0,1.0,0.5,0.0,0.5,B
SJB293064172,노송1리,36.5668063,127.3304159,2,False,2,3.9881418912077966,연동면,1.3497457662668697,0,0,0,1.0,0.5,0.0,0.5,B
SJB293064297,노송리,36.5626625,127.3358785,1,False,1,3.7025836632445412,연동면,1.1800612072103602,2,3,5,1.0,1.0,0.40224961146048943,0.791,C
SJB293064277,응암2리,36.5572604,127.3416481,1,False,1,3.415337936576943,연동면,1.3594653952497697,0,0,0,1.0,1.0,0.0,0.65,C
SJB293064444,응암2리마을회관,36.5534,127.3389,1,False,1,2.922432637289242,연동면,1.1067280680141385,2,3,5,1.0,1.0,0.40224961146048943,0.791,C
SJB293015057,응암4리,36.55802,127.34467,1,False,1,3.6405711270664765,연동면,1.6405672018147897,0,0,0,1.0,1.0,0.0,0.65,C
SJB293064278,응암3리,36.5479444,127.3530917,1,False,1,3.438149897393023,연동면,2.4878275560212,0,0,0,1.0,1.0,0.0,0.65,C
SJB293015073,응암3리입구,36.54687,127.35382,1,False,1,3.433939007091698,연동면,2.5891067669283996,0,0,0,1.0,1.0,0.0,0.65,C
SJB293012003,갈산2리,36.53756,127.35598,1,False,1,3.253901903798347,부강면,1.7377509062737608,0,0,0,1.0,1.0,0.0,0.65,C
SJB293012004,갈산2리,36.53772,127.35615,2,False,2,3.2723270320373397,부강면,1.7367023695617863,0,0,0,1.0,0.5,0.0,0.5,B
SJB293015074,응암3리입구,36.54694,127.35395,1,False,1,3.4478739640910243,연동면,2.597271205082622,0,0,0,1.0,1.0,0.0,0.65,C
SJB293064198,응암3리,36.5479716,127.3532034,1,False,1,3.448239890528364,연동면,2.4963365511483295,0,0,0,1.0,1.0,0.0,0.65,C
SJB293015058,응암4리,36.55812,127.3448,1,False,1,3.6564302707447482,연동면,1.6542037354925703,0,0,0,1.0,1.0,0.0,0.65,C
SJB293015051,응암2리,36.55719,127.34201,1,False,1,3.4270641221762386,연동면,1.3899028375207179,0,0,0,1.0,1.0,0.0,0.65,C
SJB293064509,장욱진화백탑비,36.5559269,127.3394987,1,False,1,3.1859711352871547,연동면,1.149171824028765,2,3,5,1.0,1.0,0.40224961146048943,0.791,C
SJB293064299,노송리,36.5627078,127.3360404,1,False,1,3.712847473343344,연동면,1.193764220200591,2,3,5,1.0,1.0,0.40224961146048943,0.791,C
SJB293064279,노송1리,36.5668778,127.3305923,2,False,2,3.9996268073062002,연동면,1.3614091695643253,0,0,0,1.0,0.5,0.0,0.5,B
SJB293015037,노송1리(노리미),36.56935,127.32836,2,False,2,4.226465859184099,연동면,1.5977600295425822,0,0,0,1.0,0.5,0.0,0.5,B
SJB293015033,노송2리,36.57126,127.32616,2,False,2,4.405989237078643,연동면,1.8036793417162573,0,0,0,1.0,0.5,0.0,0.5,B
SJB293064282,송용1리마을회관,36.5642304,127.3264129,1,False,1,3.6357971433672356,연동면,1.0217040307617113,2,3,5,1.0,1.0,0.40224961146048943,0.791,C
SJB293064284,송용리,36.5617961,127.3232222,1,False,1,3.33100332249975,연동면,0.81178758218422,2,3,5,1.0,1.0,0.40224961146048943,0.791,C
SJB293015031,내판2리,36.55188,127.32554,1,False,1,2.2726637995289902,연동면,0.36631401881343545,2,3,5,1.0,1.0,0.40224961146048943,0.791,C
SJB293015029,내판3리,36.5481637,127.3252197,1,False,1,1.8647097872145237,연동면,0.7761497264148813,2,3,5,0.9323548936072619,1.0,0.40224961146048943,0.767,C
SJB293064230,명학산업단지입구,36.5491094,127.3277093,1,False,1,2.0324913903033384,연동면,0.6663267069955588,2,3,5,1.0,1.0,0.40224961146048943,0.791,C
SJB293064228,리봄화장품,36.5450657,127.3305114,1,False,1,1.7361771036387863,연동면,1.1611750756820094,2,3,5,0.8680885518193932,1.0,0.40224961146048943,0.745,C
SJB293064226,삼성전기,36.5395019,127.3359476,1,False,1,1.6417813761699294,연동면,1.91631319731032,0,0,0,0.8208906880849647,1.0,0.0,0.587,C
SJB293064466,"진웅엠피아,재진가로등",36.538209,127.3364865,1,False,1,1.6145808633747045,연동면,2.0668538977403808,0,0,0,0.8072904316873523,1.0,0.0,0.583,C
SJB293064285,응암1리마을회관,36.5428916,127.3426439,1,False,1,2.3488065804393217,연동면,1.9646056725290852,0,0,0,1.0,1.0,0.0,0.65,C
SJB293064286,응암리(영모재),36.5422497,127.3447065,1,False,1,2.4731334950916186,연동면,2.1487513142658945,0,0,0,1.0,1.0,0.0,0.65,C
SJB293064287,응암리(가마골),36.5411841,127.3467866,1,False,1,2.5885969232862878,연동면,2.366710192739243,0,0,0,1.0,1.0,0.0,0.65,C
SJB293064288,응암리(우리종묘),36.539663,127.3451417,1,False,1,2.3878291551499795,연동면,2.375940359569216,0,0,0,1.0,1.0,0.0,0.65,C
SJB293015066,청정아파트,36.52924,127.35153,2,False,2,2.807075756006278,부강면,1.7806778451234495,0,0,0,1.0,0.5,0.0,0.5,B
SJB293015065,명학2리(황룡사),36.52683,127.35145,2,False,2,2.839728616476491,부강면,1.7878886059450367,0,0,0,1.0,0.5,0.0,0.5,B
SJB293015070,청정아파트,36.52908,127.35172,2,False,2,2.8258130276372597,부강면,1.7624925660342157,0,0,0,1.0,0.5,0.0,0.5,B
SJB293015067,명학2리(황룡사),36.52685,127.35158,2,False,2,2.850693549296748,부강면,1.7761387037324794,0,0,0,1.0,0.5,0.0,0.5,B
SJB293064290,응암리(우리종묘),36.5395955,127.3452983,1,False,1,2.3981282225878218,연동면,2.3910589267845803,0,0,0,1.0,1.0,0.0,0.65,C
SJB293015060,응암리(가마골),36.54116,127.34694,1,False,1,2.6000693588652033,연동면,2.3788648216272863,0,0,0,1.0,1.0,0.0,0.65,C
SJB293064289,응암리(영모재),36.5423399,127.3447566,1,False,1,2.4818071911676105,연동면,2.1454892006229933,0,0,0,1.0,1.0,0.0,0.65,C
SJB293015052,응암1리마을회관,36.54295,127.34252,1,False,1,2.3428264277604733,연동면,1.9521070901812236,0,0,0,1.0,1.0,0.0,0.65,C
SJB293064467,"진웅엠피아,재진가로등",36.5383444,127.3366315,1,False,1,1.6328719912599785,연동면,2.058786731250749,0,0,0,0.8164359956299893,1.0,0.0,0.586,C
SJB293064225,삼성전기,36.5396464,127.3361428,1,False,1,1.6650494539616782,연동면,1.9094896692365921,0,0,0,0.8325247269808391,1.0,0.0,0.591,C
SJB293064227,리봄화장품,36.5451653,127.3308576,1,False,1,1.762002353917914,연동면,1.160171064877589,2,3,5,0.881001176958957,1.0,0.40224961146048943,0.749,C
SJB293064229,명학산업단지입구,36.5492451,127.3280218,1,False,1,2.056430476612003,연동면,0.6559076050440217,2,3,5,1.0,1.0,0.40224961146048943,0.791,C
SJB293015032,내판2리,36.55202,127.32564,1,False,1,2.2898466566609033,연동면,0.3489031768918928,2,3,5,1.0,1.0,0.40224961146048943,0.791,C
SJB293064283,송용리,36.5616519,127.3232337,1,False,1,3.315130475996232,연동면,0.7965849898743763,2,3,5,1.0,1.0,0.40224961146048943,0.791,C
SJB293064281,송용1리마을회관,36.5641491,127.3263516,1,False,1,3.625991729030699,연동면,1.012810141813495,2,3,5,1.0,1.0,0.40224961146048943,0.791,C
SJB293064294,예양2리,36.580917,127.3165926,1,False,1,4.4016156818619345,연동면,3.0146415196959753,0,0,0,1.0,1.0,0.0,0.65,C
SJB293064296,예양리(강촌입구),36.5804101,127.3123797,1,False,1,4.561396621853593,연동면,3.09618773117051,0,0,0,1.0,1.0,0.0,0.65,C
SJB293015003,예양2리(강촌),36.57658,127.308,1,False,1,4.9309541550509595,연동면,2.9184717158101345,0,0,0,1.0,1.0,0.0,0.65,C
SJB293015004,송용3리(신촌),36.56901,127.30807,1,False,1,4.133848552400021,연동면,2.2746672515460857,0,0,0,1.0,1.0,0.0,0.65,C
SJB293015001,송용3리,36.56038,127.30372,1,False,1,3.0993578567030187,연동면,2.134838280788533,0,0,0,1.0,1.0,0.0,0.65,C
SJB293064014,문주리,36.5469422,127.310502,1,False,1,1.861971335789621,연동면,1.70295010330473,0,0,0,0.9309856678948105,1.0,0.0,0.626,C
SJB293064292,문주리입구,36.5481921,127.3112811,1,False,1,1.9591116172889784,연동면,1.5724495178860929,0,0,0,0.9795558086444892,1.0,0.0,0.643,C
SJB293064409,내판리(외판1교),36.555932,127.323048,1,False,1,2.6806050229847442,연동면,0.3390906954303065,2,3,5,1.0,1.0,0.40224961146048943,0.791,C
SJB293064343,내판2리,36.5526956,127.3252308,1,False,1,2.3552987693445813,연동면,0.2915035891457334,2,3,5,1.0,1.0,0.40224961146048943,0.791,C
SJB293064346,연동중학교,36.55293,127.3282919,1,False,1,2.4509909140131136,연동면,0.27570293593699496,2,3,5,1.0,1.0,0.40224961146048943,0.791,C
SJB293064468,명학2리,36.5236,127.35205,1,False,1,2.981848543104449,부강면,1.798301817540225,0,0,0,1.0,1.0,0.0,0.65,C
SJB293015071,청봉사,36.52218,127.3536,1,False,1,3.163838449598182,부강면,1.7189804607270451,0,0,0,1.0,1.0,0.0,0.65,C
SJB293064291,명학2리(용당),36.5202645,127.3539706,1,False,1,3.050083626089242,부강면,1.781446977339558,0,0,0,1.0,1.0,0.0,0.65,C
SJB293015061,용운사,36.51858,127.347,1,False,1,2.480675265828512,집현동,2.4149453385263624,0,0,0,1.0,1.0,0.0,0.65,C
SJB293015054,합강2리,36.51823,127.3428,1,False,1,2.2205492457589253,집현동,2.215171717498599,0,0,0,1.0,1.0,0.0,0.65,C
SJB293015048,합강2리(합강공원),36.51779,127.33971,1,False,1,2.034709208764353,집현동,2.0800340535566035,0,0,0,1.0,1.0,0.0,0.65,C
SJB293015053,합강2리,36.51809,127.34261,1,False,1,2.1981339115600584,집현동,2.1944013258555555,0,0,0,1.0,1.0,0.0,0.65,C
SJB293015059,용운사,36.51838,127.34674,1,False,1,2.4486547229493243,집현동,2.384096641291049,0,0,0,1.0,1.0,0.0,0.65,C
SJB293015076,명학2리(용당),36.52015,127.35409,1,False,1,3.049383709218671,부강면,1.7783715583498076,0,0,0,1.0,1.0,0.0,0.65,C
SJB293015072,청봉사,36.52228,127.35368,1,False,1,3.166833584525899,부강면,1.7081672651935198,0,0,0,1.0,1.0,0.0,0.65,C
SJB293064469,명학2리,36.5238951,127.3519644,1,False,1,2.964675135275803,부강면,1.7969636820253567,0,0,0,1.0,1.0,0.0,0.65,C
SJB293064345,연동중학교,36.5527497,127.3283481,1,False,1,2.4334968844667086,연동면,0.2954868412637468,2,3,5,1.0,1.0,0.40224961146048943,0.791,C
SJB293064344,내판2리,36.5525517,127.3254602,1,False,1,2.3439592073234534,연동면,0.2978318930420634,2,3,5,1.0,1.0,0.40224961146048943,0.791,C
SJB293064410,내판리(외판1교),36.555994,127.32309,1,False,1,2.68786422011367,연동면,0.3375954116704898,2,3,5,1.0,1.0,0.40224961146048943,0.791,C
SJB293064293,문주리입구,36.5482424,127.3111782,1,False,1,1.9678533394297961,연동면,1.5778069621200075,0,0,0,0.9839266697148981,1.0,0.0,0.644,C
SJB293015009,문주리,36.5469871,127.3103846,1,False,1,1.8711406139318238,연동면,1.7092355152328582,0,0,0,0.9355703069659119,1.0,0.0,0.627,C
SJB293015002,송용3리,36.560329,127.303813,1,False,1,3.0967949156855323,연동면,2.125285888253224,0,0,0,1.0,1.0,0.0,0.65,C
SJB293015006,송용3리(신촌),36.568869,127.308161,1,False,1,4.1219418457209,연동면,2.2580337128517085,0,0,0,1.0,1.0,0.0,0.65,C
SJB293015005,예양2리(강촌),36.576819,127.308115,1,False,1,4.959359542559045,연동면,2.934499941262801,0,0,0,1.0,1.0,0.0,0.65,C
SJB293015012,예양리(강촌입구),36.580326,127.312387,1,False,1,4.570059227239855,연동면,3.0874019275805518,0,0,0,1.0,1.0,0.0,0.65,C
SJB293064295,예양2리,36.5808035,127.3166622,1,False,1,4.412352906477088,연동면,3.000741106980268,0,0,0,1.0,1.0,0.0,0.65,C
SJB293012017,부강면,36.52986,127.36613,1,False,1,4.102800705336999,부강면,0.5128217636749905,10,4,14,1.0,1.0,0.60795668163996,0.863,E
SJB293012023,부강3리,36.52795,127.368,1,False,1,4.2856643682667395,부강면,0.30419519589827965,10,4,14,1.0,1.0,0.60795668163996,0.863,E
SJB293012026,한화사원아파트,36.52627,127.36823,1,False,1,4.328694490522869,부강면,0.3450038064468097,10,4,14,1.0,1.0,0.60795668163996,0.863,E
SJB293012025,부강9리,36.51915,127.36818,1,False,1,4.015933747860329,부강면,1.0294320471716236,10,4,14,1.0,1.0,0.60795668163996,0.863,E
SJB293012012,금호3리,36.5095,127.3651,1,False,1,3.355599913882188,부강면,2.1369250925493004,0,0,0,1.0,1.0,0.0,0.65,C
SJB293012006,금호2리공단입구,36.50417,127.358,1,False,1,2.6218284137263628,집현동,2.2424428412266977,0,0,0,1.0,1.0,0.0,0.65,C
SJB293064298,부강산업단지입구,36.500533,127.3622629,1,False,1,2.9916105519318106,집현동,2.5706466420233673,0,0,0,1.0,1.0,0.0,0.65,C
SJB293064301,부강산업단지,36.4983679,127.3649243,1,False,1,3.2480698137208757,집현동,2.8113783281560747,0,0,0,1.0,1.0,0.0,0.65,C
SJB293064300,부강산업단지입구,36.5008976,127.3618379,1,False,1,2.95212218934383,집현동,2.5343779012322987,0,0,0,1.0,1.0,0.0,0.65,C
SJB293012001,금호2리노인회관,36.50201,127.35459,1,False,1,2.303083545795328,집현동,1.8999227775647516,0,0,0,1.0,1.0,0.0,0.65,C
SJB293064087,부용농공단지,36.4922149,127.3624753,1,False,1,3.188070369057545,집현동,2.720821377284934,0,0,0,1.0,1.0,0.0,0.65,C
SJB293012019,아시아제지기숙사,36.49114,127.36665,1,False,1,3.5798003208744467,집현동,3.1126868122492044,0,0,0,1.0,1.0,0.0,0.65,C
SJB293012029,금호리,36.49383,127.36967,1,False,1,3.754818450065775,집현동,3.297958261458494,0,0,0,1.0,1.0,0.0,0.65,C
SJB293012018,아시아제지기숙사,36.49129,127.36638,1,False,1,3.551530530643999,집현동,3.084597767605325,0,0,0,1.0,1.0,0.0,0.65,C
SJB293064088,부용농공단지,36.4923814,127.3622573,1,False,1,3.163564874597516,집현동,2.6965987028729357,0,0,0,1.0,1.0,0.0,0.65,C
SJB293012002,금호2리노인회관,36.50221,127.35515,1,False,1,2.353541833347058,집현동,1.9525310887472516,0,0,0,1.0,1.0,0.0,0.65,C
SJB293012005,금호2리공단입구,36.5038391,127.3578931,1,False,1,2.608747477162649,집현동,2.2253304442816124,0,0,0,1.0,1.0,0.0,0.65,C
SJB293012013,금호3리,36.50934,127.36516,1,False,1,3.3562480063979683,부강면,2.1526967354832753,0,0,0,1.0,1.0,0.0,0.65,C
SJB293012028,부강9리,36.51895,127.36841,1,False,1,4.023314019010551,부강면,1.0453562718325884,10,4,14,1.0,1.0,0.60795668163996,0.863,E
SJB293012027,한화사원아파트,36.52607,127.36838,1,False,1,4.345169258233264,부강면,0.34763248597340324,10,4,14,1.0,1.0,0.60795668163996,0.863,E
SJB293015075,응암3리입구,36.54658,127.35398,1,False,1,3.430856809180398,부강면,2.583349983173305,0,0,0,1.0,1.0,0.0,0.65,C
SJB293064470,응암3리마을입구,36.55073,127.35874,1,False,1,4.0301906884709275,부강면,2.7651995899883404,0,0,0,1.0,1.0,0.0,0.65,C
SJB293012007,산수리입구,36.55433,127.35824,1,False,1,4.216976220370255,연동면,2.820110099991951,0,0,0,1.0,1.0,0.0,0.65,C
SJB293012057,산수리,36.55633667,127.3581367,1,False,1,4.346050646534249,연동면,2.8133987448133104,0,0,0,1.0,1.0,0.0,0.65,C
SJB293012010,저산리,36.56182,127.36194,1,False,1,5.000067548234753,연동면,3.2381910397212734,0,0,0,1.0,1.0,0.0,0.65,C
SJB293012015,저산2리,36.56219,127.36536,1,False,1,5.257812313828979,연동면,3.5449737533325796,0,0,0,1.0,1.0,0.0,0.65,C
SJB293012058,행산리입구,36.560275,127.3725783,1,False,1,5.644541608136003,부강면,3.586095705524392,0,0,0,1.0,1.0,0.0,0.65,C
SJB293012037,행산리(미건산업입구),36.5575,127.37354,1,False,1,5.550913534495284,부강면,3.2815512606843376,0,0,0,1.0,1.0,0.0,0.65,C
SJB293012036,행산리,36.55633,127.37314,1,False,1,5.454115313621311,부강면,3.14971983290941,0,0,0,1.0,1.0,0.0,0.65,C
SJB293064199,행산1리,36.5525825,127.3725366,1,False,1,5.209804230028295,부강면,2.7310699934668663,0,0,0,1.0,1.0,0.0,0.65,C
SJB293012022,갈산리,36.5466,127.3677,1,False,1,4.5456044454521,부강면,2.090308486045014,0,0,0,1.0,1.0,0.0,0.65,C
SJB293064304,갈산1리,36.5436985,127.3646969,1,False,1,4.183696858634819,부강면,1.841517490790467,0,0,0,1.0,1.0,0.0,0.65,C
SJB293011029,용포리,36.46842,127.2813,7,False,7,0.6002562896897191,금남면,0.43962566984006324,12,5,17,0.30012814484485956,0.14285714285714285,0.6488878315184848,0.375,A
SJB293011028,금남면사무소,36.46472,127.28097,2,False,2,0.8047510836558357,금남면,0.02724642608108398,12,5,17,0.40237554182791785,0.5,0.6488878315184848,0.518,A
SJB293064086,성덕교차로,36.4607591,127.2776151,1,False,1,1.0032719644881867,금남면,0.5108883625267426,12,5,17,0.5016359822440933,1.0,0.6488878315184848,0.703,E
SJB293011018,성덕1리,36.46097,127.26644,1,False,1,1.1338163619924706,금남면,1.357005003981937,0,0,0,0.5669081809962353,1.0,0.0,0.498,C
SJB293011015,영곡2리,36.45872,127.2553,1,False,1,2.0287677008278284,가람동,1.3563632686070495,0,0,0,1.0,1.0,0.0,0.65,C
SJB293011009,원봉1리마을회관,36.45129,127.23931,1,False,1,3.6764563396005365,가람동,2.4276099363803785,0,0,0,1.0,1.0,0.0,0.65,C
SJB293011008,원봉1리,36.45007,127.23924,1,False,1,3.7571057701479753,가람동,2.5512562488384485,0,0,0,1.0,1.0,0.0,0.65,C
SJB293011002,도남리,36.44575,127.23259,1,False,1,4.519877247852267,가람동,3.2617776774008678,0,0,0,1.0,1.0,0.0,0.65,C
SJB293011005,금강수목원(산림박물관),36.43782,127.23549,1,False,1,4.8963389949008596,가람동,3.9322435406514886,0,0,0,1.0,1.0,0.0,0.65,C
SJB293011006,금강수목원(산림박물관),36.4378,127.23567,1,False,1,4.886675065327382,가람동,3.928314247529408,0,0,0,1.0,1.0,0.0,0.65,C
SJB293011004,도남리마을회관,36.44309,127.23341,1,False,1,4.639895248743763,가람동,3.4805038478653274,0,0,0,1.0,1.0,0.0,0.65,C
SJB293011003,도남리,36.44587,127.23284,1,False,1,4.4939188527131275,가람동,3.2386260210503437,0,0,0,1.0,1.0,0.0,0.65,C
SJB293011007,원봉1리,36.44815,127.23738,1,False,1,4.016137852876871,가람동,2.817002649486388,0,0,0,1.0,1.0,0.0,0.65,C
SJB293011010,원봉2리,36.44738,127.24399,1,False,1,3.6105318515554385,가람동,2.6796570704545815,0,0,0,1.0,1.0,0.0,0.65,C
SJB293011011,원봉2리마을회관,36.44547,127.2468,1,False,1,3.5829367643565377,가람동,2.833532762967486,0,0,0,1.0,1.0,0.0,0.65,C
SJB293011016,영곡2리,36.44812,127.25838,1,False,1,2.7264172901055264,가람동,2.5667797127753973,0,0,0,1.0,1.0,0.0,0.65,C
SJB293011017,영곡리,36.45172,127.26405,1,False,1,2.137400787392474,금남면,2.0742962533261267,0,0,0,1.0,1.0,0.0,0.65,C
SJB293011019,성덕2리,36.45575,127.26691,1,False,1,1.6246718935576,금남면,1.5885257280318283,0,0,0,0.8123359467788,1.0,0.0,0.584,C
SJB293064085,성덕교차로,36.4606374,127.2776489,1,False,1,1.0170582006944522,금남면,0.5201593888131449,12,5,17,0.5085291003472261,1.0,0.6488878315184848,0.705,E
SJB293011027,금남면사무소,36.46423,127.28098,2,False,2,0.8409657278514354,금남면,0.027246426104233674,12,5,17,0.4204828639257177,0.5,0.6488878315184848,0.524,A
SJB293011030,용포리,36.46863,127.28135,7,False,7,0.587702945116377,금남면,0.4632302889226994,12,5,17,0.2938514725581885,0.14285714285714285,0.6488878315184848,0.373,A
SJB293064020,대평리원형교차로,36.4600198,127.2805189,1,False,1,1.1851819120063065,금남면,0.49707194745812816,12,5,17,0.5925909560031533,1.0,0.6488878315184848,0.735,E
SJB293011033,발산리,36.45638,127.28405,1,False,1,1.6945782090526331,금남면,0.9411936915937994,12,5,17,0.8472891045263166,1.0,0.6488878315184848,0.824,E
SJB293011037,도암리입구,36.44731,127.28557,1,False,1,2.6551314068831076,금남면,1.9524016389634546,0,0,0,1.0,1.0,0.0,0.65,C
SJB293011039,감성초등학교,36.44355,127.28742,1,False,1,3.1046770529356897,금남면,2.3970923094595054,0,0,0,1.0,1.0,0.0,0.65,C
SJB293064267,감성리,36.440161,127.288359,1,False,1,3.4853685965924064,금남면,2.7830876466481693,0,0,0,1.0,1.0,0.0,0.65,C
SJB293011047,송림사입구,36.43892,127.29418,1,False,1,3.8300203304257647,금남면,3.07725866927466,0,0,0,1.0,1.0,0.0,0.65,C
SJB293011049,축산리마을회관,36.44147,127.3008,1,False,1,3.9141934721382943,금남면,3.1124833778601975,0,0,0,1.0,1.0,0.0,0.65,C
SJB293011051,축산리,36.43975,127.30656,1,False,1,4.3904495402542585,금남면,3.5770163631368677,0,0,0,1.0,1.0,0.0,0.65,C
SJB293011055,금천1리,36.4421,127.31367,1,False,1,4.6309954472133406,금남면,3.839402540869272,0,0,0,1.0,1.0,0.0,0.65,C
SJB293011059,금천1리마을회관,36.4421,127.3155,1,False,1,4.7136838167154345,금남면,3.965479057837439,0,0,0,1.0,1.0,0.0,0.65,C
SJB293011063,금천2리마을회관,36.43823,127.31981,1,False,1,5.209368161401426,금남면,4.536663167841034,0,0,0,1.0,1.0,0.0,0.65,C
SJB293064162,금천2리마을회관,36.4383112,127.3199267,1,False,1,5.219259625340317,금남면,4.53886563489221,0,0,0,1.0,1.0,0.0,0.65,C
SJB293011060,금천1리마을회관,36.44226,127.3156,1,False,1,4.703130545202705,금남면,3.961326477124844,0,0,0,1.0,1.0,0.0,0.65,C
SJB293011056,금천1리,36.44227,127.31377,1,False,1,4.618970614594239,금남면,3.834015666863391,0,0,0,1.0,1.0,0.0,0.65,C
SJB293011050,축산리,36.43995,127.30652,1,False,1,4.37144665950751,금남면,3.5576514038771396,0,0,0,1.0,1.0,0.0,0.65,C
SJB293011048,축산리마을회관,36.44161,127.30045,1,False,1,3.8827477677448394,금남면,3.0819012261838914,0,0,0,1.0,1.0,0.0,0.65,C
SJB293011046,송림사입구,36.43899,127.29402,1,False,1,3.8164225760592694,금남면,3.0645955884884124,0,0,0,1.0,1.0,0.0,0.65,C
SJB293011043,감성리,36.440359,127.2883289,1,False,1,3.4639125313316073,금남면,2.7610621095888996,0,0,0,1.0,1.0,0.0,0.65,C
SJB293011041,감성초등학교,36.44337,127.28774,1,False,1,3.1342539682877577,금남면,2.4235113534494133,0,0,0,1.0,1.0,0.0,0.65,C
SJB293011038,도암리입구,36.44691,127.28575,1,False,1,2.702368872311064,금남면,1.999282070941489,0,0,0,1.0,1.0,0.0,0.65,C
SJB293011034,발산리,36.45648,127.28418,1,False,1,1.6913870942379172,금남면,0.9340667492831445,12,5,17,0.8456935471189586,1.0,0.6488878315184848,0.823,E
SJB293064021,대평리원형교차로,36.4600021,127.2807254,1,False,1,1.1960697919393586,금남면,0.4978644177430588,12,5,17,0.5980348959696793,1.0,0.6488878315184848,0.736,E
SJB293058001,금남초등학교,36.47133,127.28601,5,False,5,0.6156191874508273,보람동,0.6147653405422748,22,7,29,0.30780959372541367,0.2,0.763568073042454,0.435,A
SJB293058003,신촌리,36.47344,127.28809,5,False,5,0.5467044849185988,보람동,0.6520415532042875,22,7,29,0.2733522424592994,0.2,0.763568073042454,0.423,A
SJB293058006,호탄리,36.47625,127.29646,5,False,5,0.6940265680010838,소담동,0.7064978246355548,22,8,30,0.3470132840005419,0.2,0.7709293811404035,0.451,A
SJB293058008,"장영실고등학교,호탄리(안터)",36.47755,127.29868,5,False,5,0.5601066778217982,소담동,0.5656522727516909,22,8,30,0.2800533389108991,0.2,0.7709293811404035,0.428,A
SJB293060002,장재리,36.47855,127.30451,5,False,5,0.7572511416092992,소담동,0.768228488955629,22,8,30,0.3786255708046496,0.2,0.7709293811404035,0.462,A
SJB293060005,장재1리,36.47968,127.30823,5,False,5,0.9941823184341118,소담동,1.0107437974470963,22,8,30,0.4970911592170559,0.2,0.7709293811404035,0.504,A
SJB293057003,장재리(태련암입구),36.47998,127.31251,5,False,5,1.245940892175314,소담동,1.3718185438585209,0,0,0,0.622970446087657,0.2,0.0,0.278,B
SJB293057005,장재리(길재고개),36.48083,127.31665,5,False,5,1.5037442784957114,소담동,1.7225278536471935,0,0,0,0.7518721392478557,0.2,0.0,0.323,B
SJB293011061,황용2리,36.4745,127.3184,2,False,2,2.044261545727803,소담동,2.0716965301597057,0,0,0,1.0,0.5,0.0,0.5,B
SJB293011057,남곡리마을회관,36.4704,127.31377,2,False,2,1.9766423128117496,소담동,1.9850166632394632,0,0,0,0.9883211564058748,0.5,0.0,0.496,B
SJB293011062,황용2리,36.47452,127.31857,2,False,2,2.0538450798467656,소담동,2.0844616278549926,0,0,0,1.0,0.5,0.0,0.5,B
SJB293011065,황용리(황용1교),36.47964,127.32127,4,False,4,1.93252398452601,소담동,2.1494359477338976,0,0,0,0.966261992263005,0.25,0.0,0.413,B
SJB293011080,황용리삼성복지회관,36.48012,127.32997,4,False,4,2.103637674102206,집현동,2.206544442086694,0,0,0,1.0,0.25,0.0,0.425,B
SJB293011082,황용사,36.47403,127.33406,2,False,2,2.863625227886466,집현동,2.8611919085102597,0,0,0,1.0,0.5,0.0,0.5,B
SJB293011085,영대리,36.46787,127.33543,2,False,2,3.550128776489996,집현동,3.5498556696895065,0,0,0,1.0,0.5,0.0,0.5,B
SJB293011081,영대1리마을회관,36.45845,127.33336,2,False,2,4.169052681449134,소담동,4.178612887148725,0,0,0,1.0,0.5,0.0,0.5,B
SJB293011088,달전리(한울농장),36.46182,127.34222,2,False,2,4.396043629254934,집현동,4.2895923429966905,0,0,0,1.0,0.5,0.0,0.5,B
SJB293011095,달전리,36.45978,127.34699,2,False,2,4.782545899175444,집현동,4.6055691824204095,0,0,0,1.0,0.5,0.0,0.5,B
SJB293011096,달전리마을회관,36.462221,127.349332,2,False,2,4.645557930740904,집현동,4.4068058901328,0,0,0,1.0,0.5,0.0,0.5,B
SJB293011097,달전리마을회관,36.46223,127.34918,2,False,2,4.637767660278267,집현동,4.401516211593062,0,0,0,1.0,0.5,0.0,0.5,B
SJB293011094,달전리,36.45984,127.34676,2,False,2,4.767315147168962,집현동,4.593787747207493,0,0,0,1.0,0.5,0.0,0.5,B
SJB293011089,달전리(한울농장),36.4617,127.34258,2,False,2,4.421090290140658,집현동,4.308650448186218,0,0,0,1.0,0.5,0.0,0.5,B
SJB293011086,영대리,36.4678,127.33567,2,False,2,3.5643850196827436,집현동,3.558724918528632,0,0,0,1.0,0.5,0.0,0.5,B
SJB293011083,황용사,36.47385,127.3342,2,False,2,2.886769217591418,집현동,2.8814411672351024,0,0,0,1.0,0.5,0.0,0.5,B
SJB293011078,황용리삼성복지회관,36.48021,127.32967,4,False,4,2.0853477205526305,집현동,2.2006756875798605,0,0,0,1.0,0.25,0.0,0.425,B
SJB293011109,황용리(황용1교),36.4797727,127.3214339,4,False,4,1.9395291322384651,소담동,2.1617664186185204,0,0,0,0.9697645661192326,0.25,0.0,0.414,B
SJB293057006,장재리(길재고개),36.48096,127.31679,5,False,5,1.5082537044369322,소담동,1.733434338002174,0,0,0,0.7541268522184661,0.2,0.0,0.324,B
SJB293057004,장재리(태련암입구),36.48011,127.31254,5,False,5,1.2389002132630396,소담동,1.3715105196147015,0,0,0,0.6194501066315198,0.2,0.0,0.277,B
SJB293064272,장재1리,36.4798017,127.3081126,5,False,5,0.9798426530014248,소담동,0.9965585901491122,22,8,30,0.4899213265007124,0.2,0.7709293811404035,0.501,A
SJB293060001,장재리,36.4787,127.30443,5,False,5,0.7415718619901177,소담동,0.7528019826354709,22,8,30,0.37078593099505885,0.2,0.7709293811404035,0.46,A
SJB293058007,"장영실고등학교,호탄리(안터)",36.47765,127.29841,5,False,5,0.5442391500468338,소담동,0.5506598806250217,22,8,30,0.2721195750234169,0.2,0.7709293811404035,0.425,A
SJB293058005,호탄리,36.47643,127.29645,5,False,5,0.6742199379249582,소담동,0.6867846875832586,22,8,30,0.3371099689624791,0.2,0.7709293811404035,0.448,A
SJB293058004,신촌리,36.47375,127.28835,5,False,5,0.5123686180997495,보람동,0.6647809316389763,22,7,29,0.25618430904987477,0.2,0.763568073042454,0.417,A
SJB293058002,금남초등학교,36.47197,127.28629,5,False,5,0.5801684030350747,보람동,0.586083662432318,22,7,29,0.29008420151753733,0.2,0.763568073042454,0.429,A
SJB293011071,황용리,36.48109,127.3239,1,False,1,1.878892497463712,반곡동,2.1426014336930095,0,0,0,0.939446248731856,1.0,0.0,0.629,C
SJB293011073,황용교,36.48155,127.32545,1,False,1,1.8461003496773396,집현동,2.1492812565445556,0,0,0,0.9230501748386698,1.0,0.0,0.623,C
SJB293011066,석교리마을회관,36.4866,127.3216,1,False,1,1.258863537460646,반곡동,1.517318806806546,0,0,0,0.629431768730323,1.0,0.0,0.52,C
SJB293011068,새나루마을8단지,36.48908,127.32385,1,False,1,0.9966721170909781,반곡동,1.4494058393513802,0,0,0,0.49833605854548907,1.0,0.0,0.474,B
SJB293011070,새나루마을10단지,36.49373,127.32559,1,False,1,0.5502606028287014,집현동,0.9755302714893641,1,3,4,0.2751303014143507,1.0,0.3613184615819645,0.523,B
SJB293011076,산학연클러스터,36.4985,127.32806,1,False,1,0.2556752699114716,집현동,0.5076609734219847,1,3,4,0.1278376349557358,1.0,0.3613184615819645,0.471,B
SJB293011077,집현동,36.49956,127.33358,1,False,1,0.4880033149336199,집현동,0.0226289552453269,1,3,4,0.24400165746680996,1.0,0.3613184615819645,0.512,B
SJB293011091,부용1리,36.49752,127.34413,1,False,1,1.4454033546000107,집현동,0.9805113345048555,1,3,4,0.7227016773000053,1.0,0.3613184615819645,0.679,C
SJB293011105,부용2리,36.5125,127.35861,1,False,1,2.919516133874975,부강면,2.071729518530923,0,0,0,1.0,1.0,0.0,0.65,C
SJB293011106,부용2리,36.51229,127.35845,1,False,1,2.896932489472209,부강면,2.09909427922234,0,0,0,1.0,1.0,0.0,0.65,C
SJB293011093,부용1리,36.49779,127.34486,1,False,1,1.4982773235934224,집현동,1.0370101838083445,1,3,4,0.7491386617967112,1.0,0.3613184615819645,0.689,C
SJB293011079,집현동,36.4999553,127.3334594,1,False,1,0.4581903627563172,집현동,0.02262895196830397,1,3,4,0.2290951813781586,1.0,0.3613184615819645,0.507,B
SJB293011075,산학연클러스터,36.49863,127.32799,1,False,1,0.24199707011121782,집현동,0.5099327916949747,1,3,4,0.12099853505560891,1.0,0.3613184615819645,0.469,B
SJB293011069,새나루마을10단지,36.49376,127.32512,1,False,1,0.5293642851507212,집현동,1.0042523441150237,1,3,4,0.2646821425753606,1.0,0.3613184615819645,0.519,B
SJB293011067,새나루마을8단지,36.48918,127.32355,1,False,1,0.9815312113410918,반곡동,1.4219055932301394,0,0,0,0.4907656056705459,1.0,0.0,0.472,B
SJB293011064,석교리마을회관,36.48666,127.32141,1,False,1,1.2527762321598885,반곡동,1.5019666600040127,0,0,0,0.6263881160799443,1.0,0.0,0.519,C
SJB293011072,황용교,36.48164,127.32523,1,False,1,1.8330202157709097,집현동,2.146566824513249,0,0,0,0.9165101078854548,1.0,0.0,0.621,C
SJB293064275,황용리,36.4811891,127.3238721,1,False,1,1.867692236796153,반곡동,2.1318630784031063,0,0,0,0.9338461183980765,1.0,0.0,0.627,C
SJB293011084,초정약수터,36.47949,127.33524,2,False,2,2.353305732120848,집현동,2.258901034779788,0,0,0,1.0,0.5,0.0,0.5,B
SJB293011090,대박리(광덕사),36.47818,127.34409,2,False,2,2.881833111301707,집현동,2.5787028792077185,0,0,0,1.0,0.5,0.0,0.5,B
SJB293011098,대박리,36.47707,127.3494,2,False,2,3.2409394722938885,집현동,2.894777715092629,0,0,0,1.0,0.5,0.0,0.5,B
SJB293064271,박산리(작약골),36.4770044,127.3519196,2,False,2,3.3825239883110076,집현동,3.017762159775412,0,0,0,1.0,0.5,0.0,0.5,B
SJB293011104,박산리,36.47721,127.3546,2,False,2,3.519812403135924,집현동,3.1364723877043876,0,0,0,1.0,0.5,0.0,0.5,B
SJB293011108,박산고개,36.47503,127.36245,2,False,2,4.184225155111414,집현동,3.7748440661003273,0,0,0,1.0,0.5,0.0,0.5,B
SJB186004391,신동1통,36.47508,127.36701,2,False,2,4.4865326468507805,집현동,4.061255310778362,0,0,0,1.0,0.5,0.0,0.5,B
SJB186004397,신동,36.47515,127.36999,2,False,2,4.690191388019453,집현동,4.256450545549462,0,0,0,1.0,0.5,0.0,0.5,B
SJB186004393,신동2통,36.47456,127.37276,2,False,2,4.927699439421838,집현동,4.489644704096137,0,0,0,1.0,0.5,0.0,0.5,B
SJB186004394,신동2통,36.47465,127.3728,2,False,2,4.924667348971592,집현동,4.486203126641001,0,0,0,1.0,0.5,0.0,0.5,B
SJB293064197,신동,36.4752476,127.3699229,2,False,2,4.6788321674480065,집현동,4.244879771799906,0,0,0,1.0,0.5,0.0,0.5,B
SJB186004392,신동1통,36.47515,127.3671,2,False,2,4.487786790047918,집현동,4.061942149355603,0,0,0,1.0,0.5,0.0,0.5,B
SJB293011107,박산고개,36.47516,127.36239,2,False,2,4.170423512541915,집현동,3.760642979158252,0,0,0,1.0,0.5,0.0,0.5,B
SJB293011103,박산리,36.4773,127.35433,2,False,2,3.4962711018734307,집현동,3.1139974673445514,0,0,0,1.0,0.5,0.0,0.5,B
SJB293011102,박산리(작약골),36.47709,127.35183,2,False,2,3.3700874410774526,집현동,3.0054159443702013,0,0,0,1.0,0.5,0.0,0.5,B
SJB293011099,대박리,36.47716,127.34951,2,False,2,3.2385393211587084,집현동,2.8909100480452183,0,0,0,1.0,0.5,0.0,0.5,B
SJB293011092,대박리(광덕사),36.47829,127.34445,2,False,2,2.8870960474151284,집현동,2.579345180513007,0,0,0,1.0,0.5,0.0,0.5,B
SJB293011087,초정약수터,36.47936,127.3358,2,False,2,2.3900184887571543,집현동,2.2772575687736323,0,0,0,1.0,0.5,0.0,0.5,B
SJB293064183,방축골,36.5945295,127.2773157,4,False,4,5.343025543935359,연서면,0.6034894068718172,7,9,16,1.0,0.25,0.6360557800329567,0.648,B
SJB293016099,월하1리마을회관,36.59373,127.27467,4,False,4,5.591411642299216,연서면,0.3551790311253518,7,9,16,1.0,0.25,0.6360557800329567,0.648,B
SJB293016095,연서면사무소,36.59204,127.2716,4,False,4,5.923023830805579,연서면,0.022959905964292156,7,9,16,1.0,0.25,0.6360557800329567,0.648,B
SJB293016089,성제1리마을회관,36.59196,127.26919,4,False,4,6.11323359002674,연서면,0.19508629493704446,7,9,16,1.0,0.25,0.6360557800329567,0.648,B
SJB293016084,성제삼거리,36.58922,127.26433,1,False,1,6.226422373602442,연서면,0.6979183961810146,7,9,16,1.0,1.0,0.6360557800329567,0.873,E
SJB293016080,성제2리,36.5914,127.26196,1,False,1,6.50442907771644,연서면,0.842702472880048,7,9,16,1.0,1.0,0.6360557800329567,0.873,E
SJB293016078,고복1리,36.59669,127.26154,1,False,1,6.492754650162865,연서면,1.0246473525517399,7,9,16,1.0,1.0,0.6360557800329567,0.873,E
SJB293016070,고복1리마을회관,36.60462,127.25795,1,False,1,6.514019688188337,연서면,1.8504823070759941,0,0,0,1.0,1.0,0.0,0.65,C
SJB293016054,고복리,36.607,127.25112,1,False,1,7.049567305774089,연서면,2.464490899238251,0,0,0,1.0,1.0,0.0,0.65,C
SJB293016050,고복저수지입구,36.60938,127.24855,1,False,1,7.229490285559829,연서면,2.81287593409984,0,0,0,1.0,1.0,0.0,0.65,C
SJB293016046,고복리조각공원,36.61279,127.24778,1,False,1,7.249580017844228,연서면,3.1323000451029936,0,0,0,1.0,1.0,0.0,0.65,C
SJB293016040,고복2리,36.61349,127.24327,1,False,1,7.6431704538980805,연서면,3.469324427682588,0,0,0,1.0,1.0,0.0,0.65,C
SJB293016036,조치원노인전문병원,36.61157,127.23862,1,False,1,8.076822525060075,연서면,3.6488206313451577,0,0,0,1.0,1.0,0.0,0.65,C
SJB293016021,용암리입구,36.60881,127.23234,1,False,1,8.670458793380696,연서면,3.9574402802609354,0,0,0,1.0,1.0,0.0,0.65,C
SJB293016018,고복저수지,36.60423,127.22974,1,False,1,8.827052088106571,연서면,3.9600861151941897,0,0,0,1.0,1.0,0.0,0.65,C
SJB293064037,용암리,36.6015212,127.2276693,1,False,1,8.645720163217762,연서면,4.044577521394562,0,0,0,1.0,1.0,0.0,0.65,C
SJB293016015,용암삼거리,36.59958,127.2271,1,False,1,8.466703888692624,연서면,4.04287573375933,0,0,0,1.0,1.0,0.0,0.65,C
SJB293016011,쌍류리,36.59901,127.22186,2,False,2,8.606031276595573,연서면,4.4897869817386535,0,0,0,1.0,0.5,0.0,0.5,B
SJB293064411,쌍류리(수디산),36.609737,127.217233,1,False,1,9.859391420622469,연서면,5.222608852219303,0,0,0,1.0,1.0,0.0,0.65,C
SJB293064200,생천경로당,36.6055624,127.2171389,1,False,1,9.446172946320253,연서면,5.073109048881657,0,0,0,1.0,1.0,0.0,0.65,C
SJB293064038,쌍류리입구,36.5966178,127.2183175,2,False,2,8.517807849061807,연서면,4.765226720143351,0,0,0,1.0,0.5,0.0,0.5,B
SJB293016005,쌍류보건진료소,36.59467,127.21372,2,False,2,8.5407648091698,연서면,5.156207585111887,0,0,0,1.0,0.5,0.0,0.5,B
SJB293016003,청라2리,36.5928335,127.2093887,1,False,1,8.58520705685772,연서면,5.534906972041685,0,0,0,1.0,1.0,0.0,0.65,C
SJB293016001,청라리,36.58827,127.19832,1,False,1,8.739505255338637,연서면,6.5351536255405795,0,0,0,1.0,1.0,0.0,0.65,C
SJB293064326,청라리,36.5882205,127.1984708,1,False,1,8.728294707810283,연서면,6.522065238780982,0,0,0,1.0,1.0,0.0,0.65,C
SJB293016002,청라2리,36.5926304,127.2092889,1,False,1,8.571886955922583,연서면,5.543464037440934,0,0,0,1.0,1.0,0.0,0.65,C
SJB293016004,쌍류보건진료소,36.59453,127.21345,2,False,2,8.540491318665135,연서면,5.179386511956582,0,0,0,1.0,0.5,0.0,0.5,B
SJB293064039,쌍류리입구,36.5968888,127.2185402,2,False,2,8.534531253658656,연서면,4.748853466720932,0,0,0,1.0,0.5,0.0,0.5,B
SJB293016010,쌍류리,36.5989,127.22171,2,False,2,8.60104468285639,연서면,4.500855693426954,0,0,0,1.0,0.5,0.0,0.5,B
SJB293016016,용암삼거리,36.5995848,127.227268,1,False,1,8.461258529195597,연서면,4.02832624282208,0,0,0,1.0,1.0,0.0,0.65,C
SJB293064036,용암리,36.601508,127.2278203,1,False,1,8.63921714538584,연서면,4.031187624066561,0,0,0,1.0,1.0,0.0,0.65,C
SJB293016019,고복저수지,36.60408,127.2298,1,False,1,8.809781854794483,연서면,3.949330553812066,0,0,0,1.0,1.0,0.0,0.65,C
SJB293016023,용암리입구,36.60879,127.23249,1,False,1,8.657494281814072,연서면,3.9445985213961228,0,0,0,1.0,1.0,0.0,0.65,C
SJB293016035,조치원노인전문병원,36.61154,127.23835,1,False,1,8.101140242154772,연서면,3.6661794169031676,0,0,0,1.0,1.0,0.0,0.65,C
SJB293016039,고복2리,36.61318,127.24315,1,False,1,7.6568489575520005,연서면,3.453417086017965,0,0,0,1.0,1.0,0.0,0.65,C
SJB293016045,고복리조각공원,36.61275,127.2476,1,False,1,7.266011811931839,연서면,3.139848131310017,0,0,0,1.0,1.0,0.0,0.65,C
SJB293016049,고복저수지입구,36.60976,127.24836,1,False,1,7.239914207977331,연서면,2.854351544316952,0,0,0,1.0,1.0,0.0,0.65,C
SJB293016053,고복리,36.60692,127.25073,1,False,1,7.085444940757619,연서면,2.4841739454892657,0,0,0,1.0,1.0,0.0,0.65,C
SJB293016069,고복1리마을회관,36.60506,127.25748,1,False,1,6.542599251061088,연서면,1.9149321946049347,0,0,0,1.0,1.0,0.0,0.65,C
SJB293016077,고복1리,36.59675,127.2614,1,False,1,6.5016978652322495,연서면,1.038796524215251,7,9,16,1.0,1.0,0.6360557800329567,0.873,E
SJB293016079,성제2리,36.59151,127.26172,1,False,1,6.5207484810449055,연서면,0.8633119371473109,7,9,16,1.0,1.0,0.6360557800329567,0.873,E
SJB293016083,성제삼거리,36.58916,127.26419,1,False,1,6.222072219384271,연서면,0.7120746730456863,7,9,16,1.0,1.0,0.6360557800329567,0.873,E
SJB293016088,성제1리마을회관,36.59183,127.26913,4,False,4,6.12508260555597,연서면,0.20080337049489297,7,9,16,1.0,0.25,0.6360557800329567,0.648,B
SJB293016094,연서면사무소,36.59184,127.27115,4,False,4,5.968920062770019,연서면,0.022959928737567407,7,9,16,1.0,0.25,0.6360557800329567,0.648,B
SJB293016098,월하1리마을회관,36.59354,127.27439,4,False,4,5.623684577088602,연서면,0.3226549752557247,7,9,16,1.0,0.25,0.6360557800329567,0.648,B
SJB293016100,방축골,36.59433,127.27733,4,False,4,5.3534133704767095,연서면,0.5943678933426938,7,9,16,1.0,0.25,0.6360557800329567,0.648,B
SJB293016122,세종장례식장입구,36.5703293,127.2875669,2,False,2,4.049334266676526,연서면,2.8044115074817206,0,0,0,1.0,0.5,0.0,0.5,B
SJB293016111,세종장례식장,36.57148,127.28215,2,False,2,4.185820474396765,연서면,2.47011908187666,0,0,0,1.0,0.5,0.0,0.5,B
SJB293016103,국촌1리(함박산),36.5715,127.27887,2,False,2,4.163587020641732,연서면,2.3693038911423403,0,0,0,1.0,0.5,0.0,0.5,B
SJB293016097,국촌1리,36.57319,127.27255,2,False,2,4.361711965148048,연서면,2.087542934297454,0,0,0,1.0,0.5,0.0,0.5,B
SJB293016086,국촌2리마을회관,36.57578,127.26507,2,False,2,4.7478460795961315,연서면,1.8830320786375332,0,0,0,1.0,0.5,0.0,0.5,B
SJB293016071,국촌2리,36.57727,127.25925,2,False,2,5.044193937114857,연서면,1.9577906647326893,0,0,0,1.0,0.5,0.0,0.5,B
SJB293016066,연서감리교회,36.57767,127.25632,2,False,2,5.16658447940332,연서면,2.0795886566469624,0,0,0,1.0,0.5,0.0,0.5,B
SJB293016056,신대1리,36.57817,127.25147,2,False,2,5.3752784000682565,연서면,2.345856784698969,0,0,0,1.0,0.5,0.0,0.5,B
SJB293016042,기룡리(효교동),36.57669,127.24638,2,False,2,5.42545124376101,연서면,2.8028787849311065,0,0,0,1.0,0.5,0.0,0.5,B
SJB293016038,영동부화장,36.57498,127.24087,2,False,2,5.468223480221201,연서면,3.3128927493645812,0,0,0,1.0,0.5,0.0,0.5,B
SJB293016033,평전,36.57384,127.23765,2,False,2,5.47232082912371,연서면,3.621937741927192,0,0,0,1.0,0.5,0.0,0.5,B
SJB293016029,기룡리복지회관,36.57314,127.23419,2,False,2,5.54757257768913,연서면,3.923512721128272,0,0,0,1.0,0.5,0.0,0.5,B
SJB293016022,기룡정미소,36.5727,127.23243,2,False,2,5.584440078722599,연서면,4.082794291469327,0,0,0,1.0,0.5,0.0,0.5,B
SJB293016012,기룡리,36.57124,127.22424,2,False,2,5.8658871993350425,연서면,4.7970006041645155,0,0,0,1.0,0.5,0.0,0.5,B
SJB293016024,기룡리정미소,36.57266,127.23264,2,False,2,5.570971976497654,연서면,4.069178068827636,0,0,0,1.0,0.5,0.0,0.5,B
SJB293016030,기룡리복지회관,36.57304,127.23437,2,False,2,5.5300000423996325,연서면,3.915879460452862,0,0,0,1.0,0.5,0.0,0.5,B
SJB293016034,평전,36.57382,127.23827,2,False,2,5.446112944828259,연서면,3.577296941123932,0,0,0,1.0,0.5,0.0,0.5,B
SJB293016037,영동부화장,36.57468,127.24063,2,False,2,5.4459264141663395,연서면,3.34953939046376,0,0,0,1.0,0.5,0.0,0.5,B
SJB293016041,기룡리(효교동),36.57654,127.24621,2,False,2,5.4180445959958075,연서면,2.825060186958712,0,0,0,1.0,0.5,0.0,0.5,B
SJB293016058,신대1리,36.57801,127.25158,2,False,2,5.35505320269425,연서면,2.3501138426617434,0,0,0,1.0,0.5,0.0,0.5,B
SJB293016057,신대1리마을회관,36.5814876,127.2513956,2,False,2,5.718423724366778,연서면,2.1290760123487846,0,0,0,1.0,0.5,0.0,0.5,B
SJB293016047,신대2리마을회관,36.58474,127.24801,2,False,2,6.16845400538443,연서면,2.234444122282897,0,0,0,1.0,0.5,0.0,0.5,B
SJB293064184,신대2리(의넘어),36.5891565,127.2395123,2,False,2,6.9375064502095,연서면,2.8614953639885847,0,0,0,1.0,0.5,0.0,0.5,B
SJB293016028,신대2리(송적골),36.59011,127.2335,2,False,2,7.2742409965059025,연서면,3.387582450081765,0,0,0,1.0,0.5,0.0,0.5,B
SJB293064185,신대2리(의넘어),36.589008,127.2396078,2,False,2,6.918922601884424,연서면,2.854860543572776,0,0,0,1.0,0.5,0.0,0.5,B
SJB293016048,신대2리마을회관,36.58454,127.24817,2,False,2,6.14238281596063,연서면,2.2292283243396915,0,0,0,1.0,0.5,0.0,0.5,B
SJB293064186,신대1리마을회관,36.581362,127.2516833,3,False,3,5.695913689041511,연서면,2.115335565189418,0,0,0,1.0,0.3333333333333333,0.0,0.45,B
SJB293016129,연서초등학교,36.58198663,127.2537284,3,False,3,5.696232261269553,연서면,1.9254429975951692,0,0,0,1.0,0.3333333333333333,0.0,0.45,B
SJB293016067,연서중학교,36.58099,127.25676,3,False,3,5.504762536817821,연서면,1.784733136514565,0,0,0,1.0,0.3333333333333333,0.0,0.45,B
SJB293016076,서면,36.58628,127.26126,3,False,3,5.961926793053373,연서면,1.1007551650086798,7,9,16,1.0,0.3333333333333333,0.6360557800329567,0.673,B
SJB293016082,서세종농협,36.58847,127.26396,3,False,3,6.150333441997683,연서면,0.766251782737179,7,9,16,1.0,0.3333333333333333,0.6360557800329567,0.673,B
SJB293064034,신흥사거리,36.5944686,127.2909665,1,False,1,4.34905414025206,조치원읍,1.6748731172872429,0,0,0,1.0,1.0,0.0,0.65,C
SJB293064033,신흥사거리,36.5944736,127.2912907,1,False,1,4.326386053634866,조치원읍,1.6789718815840016,0,0,0,1.0,1.0,0.0,0.65,C
SJB293016081,서세종농협,36.58857,127.26386,2,False,2,6.162907957471232,연서면,0.768495122464199,7,9,16,1.0,0.5,0.6360557800329567,0.723,B
SJB293016075,서면,36.58632,127.26114,2,False,2,5.9687273685429085,연서면,1.107044941956485,7,9,16,1.0,0.5,0.6360557800329567,0.723,B
SJB293016068,연서중학교,36.58113,127.25696,2,False,2,5.51428830996691,연서면,1.7610560765368493,0,0,0,1.0,0.5,0.0,0.5,B
SJB293016064,연서초등학교,36.58203,127.25394,2,False,2,5.694420417410402,연서면,1.9072236025379259,0,0,0,1.0,0.5,0.0,0.5,B
SJB293016055,신대1리마을회관,36.58112,127.25147,1,False,1,5.6780278961798345,연서면,2.146161690700745,0,0,0,1.0,1.0,0.0,0.65,C
SJB293016065,연서감리교회,36.57759,127.25602,1,False,1,5.167035894478061,연서면,2.1037419130605355,0,0,0,1.0,1.0,0.0,0.65,C
SJB293016072,국촌2리,36.57711,127.25936,1,False,1,5.02434873390022,연서면,1.967266354227992,0,0,0,1.0,1.0,0.0,0.65,C
SJB293016085,국촌2리마을회관,36.57566,127.26499,1,False,1,4.736382757828139,연서면,1.8979029521399728,0,0,0,1.0,1.0,0.0,0.65,C
SJB293016096,국촌1리,36.57297,127.2725,1,False,1,4.337710007945389,연서면,2.1117581980326148,0,0,0,1.0,1.0,0.0,0.65,C
SJB293016104,국촌1리(함박산),36.57137,127.27907,1,False,1,4.150056298786818,연서면,2.38825058517901,0,0,0,1.0,1.0,0.0,0.65,C
SJB293064193,세종장례식장,36.5713742,127.2821434,1,False,1,4.17406897393261,연서면,2.4807304542388104,0,0,0,1.0,1.0,0.0,0.65,C
SJB293016120,세종장례식장입구,36.57023,127.28746,1,False,1,4.039330421859454,연서면,2.808986473166032,0,0,0,1.0,1.0,0.0,0.65,C
SJB293001007,방축골(갑부농원),36.60033,127.27599,1,False,1,5.148319170196126,연서면,1.0198491700370043,7,9,16,1.0,1.0,0.6360557800329567,0.873,E
SJB293001010,봉산1리,36.60486,127.27756,1,False,1,4.8306394608213195,조치원읍,1.0663123122295062,72,13,85,1.0,1.0,1.0,1.0,E
SJB293001011,봉산1리마을회관,36.60681,127.27801,2,False,2,4.724452429185577,조치원읍,0.945080367168734,72,13,85,1.0,0.5,1.0,0.85,B
SJB293001013,봉산리,36.6061,127.28081,2,False,2,4.511306866974175,조치원읍,0.7455594413400394,72,13,85,1.0,0.5,1.0,0.85,B
SJB293001017,서창리,36.60512,127.28421,2,False,2,4.264661720835691,조치원읍,0.5857776594923818,72,13,85,1.0,0.5,1.0,0.85,B
SJB293001023,세종여자고등학교,36.60638,127.28828,2,False,2,3.8753098793118337,조치원읍,0.33122725496190597,72,13,85,1.0,0.5,1.0,0.85,B
SJB293016114,농업기술센터,36.57213,127.28354,1,False,1,4.2738089674722035,연서면,2.456025435564465,0,0,0,1.0,1.0,0.0,0.65,C
SJB293064044,쌍전리,36.5751655,127.2727272,1,False,1,4.579427110476586,연서면,1.8691427756033208,0,0,0,1.0,1.0,0.0,0.65,C
SJB293016091,쌍전리(우리요양원),36.57809,127.26937,1,False,1,4.934026652480144,연서면,1.5504196811662057,0,0,0,1.0,1.0,0.0,0.65,C
SJB293016087,전당골,36.58242,127.26832,2,False,2,5.42371886945036,연서면,1.093152352622928,7,9,16,1.0,0.5,0.6360557800329567,0.723,B
SJB293016090,쌍전리(우리요양원),36.57806,127.26923,1,False,1,4.932375232900774,연서면,1.5552230893643841,0,0,0,1.0,1.0,0.0,0.65,C
SJB293064333,쌍전리,36.5750779,127.2726146,1,False,1,4.570488810152139,연서면,1.878243955218946,0,0,0,1.0,1.0,0.0,0.65,C
SJB293016105,쌍전리마을회관,36.57776,127.27925,2,False,2,4.860493876536234,연서면,1.7264177186073315,0,0,0,1.0,0.5,0.0,0.5,B
SJB293064187,쌍전리(창현),36.5800984,127.2808446,2,False,2,5.128754350232659,연서면,1.56481060647758,0,0,0,1.0,0.5,0.0,0.5,B
SJB293016115,월하2리,36.58373,127.28447,2,False,2,5.561160321078714,연서면,1.4833582814814363,0,0,0,1.0,0.5,0.0,0.5,B
SJB293016118,도원초등학교,36.58576,127.28655,2,False,2,5.292180134491971,연서면,1.5191637163293374,0,0,0,1.0,0.5,0.0,0.5,B
SJB293001046,자이아파트정문,36.58832,127.29073,2,False,2,4.827208114515839,연서면,1.7742897424443917,0,0,0,1.0,0.5,0.0,0.5,B
SJB293001081,신동아아파트,36.59199,127.29667,1,False,1,4.165561598680955,조치원읍,2.076618557711466,0,0,0,1.0,1.0,0.0,0.65,C
SJB293064040,봉암3리,36.5561346,127.2726712,1,False,1,2.4752723282462834,연기면,1.538495328254136,0,0,0,1.0,1.0,0.0,0.65,C
SJB293016093,부동리마을회관,36.559699,127.2697497,1,False,1,2.9117020703079572,연기면,1.9695609422014293,0,0,0,1.0,1.0,0.0,0.65,C
SJB293016074,와촌1리(대실),36.55887,127.26078,1,False,1,3.076546562534637,연기면,2.19424027642798,0,0,0,1.0,1.0,0.0,0.65,C
SJB293016063,번암터,36.56317,127.25387,1,False,1,3.787026706716454,연기면,2.9432666048076452,0,0,0,1.0,1.0,0.0,0.65,C
SJB293016061,세종기숙학원,36.55689,127.252,1,False,1,3.2312402265338176,연기면,2.5599982496121183,0,0,0,1.0,1.0,0.0,0.65,C
SJB293016052,와촌리(기와말),36.55695,127.24885,1,False,1,3.34630935180907,연기면,2.787764087963285,0,0,0,1.0,1.0,0.0,0.65,C
SJB293016043,와촌보건진료소,36.55668,127.24644,1,False,1,3.416380421989202,연기면,2.949133677430212,0,0,0,1.0,1.0,0.0,0.65,C
SJB293016032,대륙테크놀로지,36.55656,127.2375,1,False,1,3.851174512507843,연기면,3.641011243273531,0,0,0,1.0,1.0,0.0,0.65,C
SJB293016025,효방동,36.55671,127.23311,1,False,1,4.121831328783201,연기면,4.004574680887938,0,0,0,1.0,1.0,0.0,0.65,C
SJB293064316,금박골,36.556931,127.22984,1,False,1,4.3440355015302226,연기면,4.283287687078866,0,0,0,1.0,1.0,0.0,0.65,C
SJB293016014,와촌3리(은암),36.55608,127.22474,1,False,1,4.486802187483504,산울동,4.499964769886377,0,0,0,1.0,1.0,0.0,0.65,C
SJB293064334,용암2리입구,36.5523608,127.2154937,1,False,1,4.527702885921281,산울동,4.796527366991838,0,0,0,1.0,1.0,0.0,0.65,C
SJB293064328,용암2리,36.5599682,127.2126743,1,False,1,5.372305569016127,산울동,5.54971467666609,0,0,0,1.0,1.0,0.0,0.65,C
SJB293017047,용암2리마을회관,36.56224,127.21266,1,False,1,5.588727775905098,산울동,5.730380837923906,0,0,0,1.0,1.0,0.0,0.65,C
SJB293064327,용암2리,36.5599723,127.2125067,1,False,1,5.380644950368952,산울동,5.560726704736676,0,0,0,1.0,1.0,0.0,0.65,C
SJB293017050,용암2리입구,36.5519867,127.2154951,1,False,1,4.493619427485305,산울동,4.770160371223434,0,0,0,1.0,1.0,0.0,0.65,C
SJB293017031,용암1리마을회관,36.54893,127.20846,1,False,1,4.634041632721431,아름동,4.994436596786441,0,0,0,1.0,1.0,0.0,0.65,C
SJB293017025,평촌입구,36.54709,127.20582,1,False,1,4.647382930685186,아름동,5.012909037214649,0,0,0,1.0,1.0,0.0,0.65,C
SJB293017021,용현리,36.54304,127.20454,1,False,1,4.414242959456124,고운동,4.764867608404787,0,0,0,1.0,1.0,0.0,0.65,C
SJB293017071,용현리(효도마을),36.5403123,127.2022621,1,False,1,4.378829438783303,고운동,4.65228038771203,0,0,0,1.0,1.0,0.0,0.65,C
SJB293017005,송학2리(하나로마트),36.53804,127.19126,1,False,1,5.073629775015269,장군면,4.655268144897509,0,0,0,1.0,1.0,0.0,0.65,C
SJB293064176,평기리,36.5230746,127.1990689,1,False,1,3.848434475150282,장군면,2.8645542508556168,0,0,0,1.0,1.0,0.0,0.65,C
SJB293017010,송문리입구,36.51462,127.19736,1,False,1,3.9390312530744587,장군면,2.021917775302414,0,0,0,1.0,1.0,0.0,0.65,C
SJB293017066,송문리,36.51766839,127.1936835,1,False,1,4.263187681330912,장군면,2.4712618924514227,0,0,0,1.0,1.0,0.0,0.65,C
SJB293017067,송문리(원송정),36.513646,127.190932,1,False,1,4.507453084318466,장군면,2.2331846727276092,0,0,0,1.0,1.0,0.0,0.65,C
SJB293017011,평기리마을회관,36.51018,127.19748,1,False,1,3.915157149132003,장군면,1.5794623996880306,0,0,0,1.0,1.0,0.0,0.65,C
SJB293017016,평기리(아랫말),36.50652,127.19951,1,False,1,3.7132030878011837,장군면,1.1389207456479984,5,5,10,1.0,1.0,0.5383269676379318,0.838,E
SJB293017027,대교1리(밤실입구),36.50224,127.20701,1,False,1,3.0300479359754298,장군면,0.46708206003242086,5,5,10,1.0,1.0,0.5383269676379318,0.838,E
SJB293017028,대교1리(밤실입구),36.50234,127.20716,1,False,1,3.0161806351841984,장군면,0.4792138394272599,5,5,10,1.0,1.0,0.5383269676379318,0.838,E
SJB293017017,평기리(아랫말),36.50672,127.19963,1,False,1,3.70464232871922,장군면,1.1514844489671443,5,5,10,1.0,1.0,0.5383269676379318,0.838,E
SJB293017014,평기리마을회관,36.51012,127.19785,1,False,1,3.881702448308979,장군면,1.556760188967236,0,0,0,1.0,1.0,0.0,0.65,C
SJB293017068,송문리(원송정),36.513728,127.190959,1,False,1,4.505550762009991,장군면,2.238758425926898,0,0,0,1.0,1.0,0.0,0.65,C
SJB293017065,송문리,36.51757353,127.1937051,1,False,1,4.260974286429089,장군면,2.4610457003731483,0,0,0,1.0,1.0,0.0,0.65,C
SJB293017013,송문리입구,36.5148,127.19775,1,False,1,3.903161366227599,장군면,2.026205731647237,0,0,0,1.0,1.0,0.0,0.65,C
SJB293064175,평기리,36.5230569,127.1992142,1,False,1,3.835311975649628,장군면,2.8595878673688375,0,0,0,1.0,1.0,0.0,0.65,C
SJB293017004,송학2리(하나로마트),36.53849,127.19066,1,False,1,5.144499126525037,장군면,4.719067933938496,0,0,0,1.0,1.0,0.0,0.65,C
SJB293017070,용현리(효도마을),36.54025333,127.202295,1,False,1,4.372534316884802,고운동,4.64537934169124,0,0,0,1.0,1.0,0.0,0.65,C
SJB293017022,용현리,36.54313,127.20479,1,False,1,4.404316262734587,고운동,4.759861381457546,0,0,0,1.0,1.0,0.0,0.65,C
SJB293017026,평촌입구,36.54716,127.20595,1,False,1,4.645145916117544,아름동,5.009952435383136,0,0,0,1.0,1.0,0.0,0.65,C
SJB293017033,용암1리마을회관,36.54878,127.20851,1,False,1,4.618965092645606,아름동,4.979135104903133,0,0,0,1.0,1.0,0.0,0.65,C
SJB293017052,용암2리입구,36.5522218,127.2158015,1,False,1,4.499292472645318,산울동,4.765470170873201,0,0,0,1.0,1.0,0.0,0.65,C
SJB293016013,와촌3리(은암),36.55599,127.22458,1,False,1,4.483279852610019,산울동,4.501468489151288,0,0,0,1.0,1.0,0.0,0.65,C
SJB293016020,금박골,36.55686,127.22988,1,False,1,4.335969420680646,연기면,4.276998729411894,0,0,0,1.0,1.0,0.0,0.65,C
SJB293016026,효방동,36.55658,127.2332,1,False,1,4.105791206310534,연기면,3.9914551174944157,0,0,0,1.0,1.0,0.0,0.65,C
SJB293016031,대륙테크놀로지,36.55642,127.23748,1,False,1,3.840233630716095,연기면,3.6359004247382134,0,0,0,1.0,1.0,0.0,0.65,C
SJB293016044,와촌보건진료소,36.55657,127.24644,1,False,1,3.4056344983171862,연기면,2.942546804311584,0,0,0,1.0,1.0,0.0,0.65,C
SJB293016051,와촌리(기와말),36.55682,127.2488,1,False,1,3.335110302624387,연기면,2.7830190531781995,0,0,0,1.0,1.0,0.0,0.65,C
SJB293064074,세종기숙학원,36.5568692,127.2522366,1,False,1,3.2217233772064358,연기면,2.5421741959297797,0,0,0,1.0,1.0,0.0,0.65,C
SJB293016073,와촌1리(대실),36.55868,127.26061,1,False,1,3.0638544039927798,연기면,2.1850060785111154,0,0,0,1.0,1.0,0.0,0.65,C
SJB293016092,부동리마을회관,36.5596356,127.2696102,1,False,1,2.90746523922105,연기면,1.965234432165053,0,0,0,1.0,1.0,0.0,0.65,C
SJB293064041,봉암3리,36.5557656,127.2729852,1,False,1,2.430769714294642,연기면,1.4952976293045455,0,0,0,1.0,1.0,0.0,0.65,C
SJB293064274,번암리,36.588329,127.2986104,2,False,2,4.362792316101558,연서면,2.4645226439843544,0,0,0,1.0,0.5,0.0,0.5,B
SJB293064084,세종세무서,36.6059319,127.2939937,1,False,1,3.4283230626500503,조치원읍,0.6485242803915223,72,13,85,1.0,1.0,1.0,1.0,E
SJB293001072,조치원역뒤편,36.599727,127.2951059,1,False,1,3.6985790288859133,조치원읍,1.2393941056913336,0,0,0,1.0,1.0,0.0,0.65,C
SJB293064146,대동초등학교,36.5955999,127.2935516,1,False,1,4.09120709285671,조치원읍,1.6048074372540952,0,0,0,1.0,1.0,0.0,0.65,C
SJB293064189,성제삼거리,36.5888707,127.2646493,1,False,1,6.1832028182065875,연서면,0.6906857140528246,7,9,16,1.0,1.0,0.6360557800329567,0.873,E
SJB293064188,삼일아파트,36.5950425,127.2970189,1,False,1,3.902308438502702,조치원읍,1.7791145894994191,0,0,0,1.0,1.0,0.0,0.65,C
SJB293019066,전의역,36.67953,127.2036,6,False,6,13.007477804017482,전의면,1.4088567295616266,0,0,0,1.0,0.16666666666666666,0.0,0.4,B
SJB293019058,전의중학교,36.68047,127.19682,5,False,5,13.581587045811293,전의면,1.3750276947158149,0,0,0,1.0,0.2,0.0,0.41,B
SJB293019054,한국콜마,36.68079,127.19353,3,False,3,13.853929222495156,전의면,1.4677356606575795,0,0,0,1.0,0.3333333333333333,0.0,0.45,B
SJB293019063,원성리(죽근마을),36.67609,127.19916,3,False,3,13.161124253828474,전의면,1.8009721668514203,0,0,0,1.0,0.3333333333333333,0.0,0.45,B
SJB293019074,신방2리마을회관,36.676,127.20598,1,False,1,12.625645301124308,전의면,1.8293002752314493,0,0,0,1.0,1.0,0.0,0.65,C
SJB293018001,베어트리파크,36.67207,127.21071,2,False,2,12.043246247905182,전동면,2.3343997719116887,0,0,0,1.0,0.5,0.0,0.5,B
SJB293018007,송성2리입구,36.66242,127.21428,2,False,2,11.270121858664693,전동면,1.763056125046371,0,0,0,1.0,0.5,0.0,0.5,B
SJB293018006,흥진레미콘,36.65265,127.21388,2,False,2,10.886833517949498,전동면,2.1096126955901857,0,0,0,1.0,0.5,0.0,0.5,B
SJB293018004,송성1리입구,36.6495494,127.2134708,2,False,2,10.809198912475988,전동면,2.3371214503575373,0,0,0,1.0,0.5,0.0,0.5,B
SJB293018012,송성3리(솔티),36.63605,127.2174,2,False,2,10.096248003702625,전동면,3.3009131132997815,0,0,0,1.0,0.5,0.0,0.5,B
SJB293018009,송성1리,36.645085,127.217546,2,False,2,10.315702766079479,전동면,2.4378455944917867,0,0,0,1.0,0.5,0.0,0.5,B
SJB293018005,송성1리입구,36.6496282,127.2136204,2,False,2,10.799240402160184,전동면,2.321216562443038,0,0,0,1.0,0.5,0.0,0.5,B
SJB293018003,흥진레미콘,36.65236,127.21365,2,False,2,10.895230652995128,전동면,2.1440226932567352,0,0,0,1.0,0.5,0.0,0.5,B
SJB293018008,송성2리입구,36.66261,127.21437,2,False,2,11.27185175229593,전동면,1.754963117125789,0,0,0,1.0,0.5,0.0,0.5,B
SJB293018002,베어트리파크,36.67203,127.21089,2,False,2,12.02705788477271,전동면,2.318074606774158,0,0,0,1.0,0.5,0.0,0.5,B
SJB293019075,신방2리마을회관,36.67611,127.2063,1,False,1,12.607034179997555,전의면,1.823163027088602,0,0,0,1.0,1.0,0.0,0.65,C
SJB293019064,원성리(죽근마을),36.67622,127.19936,3,False,3,13.152411722465105,전의면,1.7842589925305354,0,0,0,1.0,0.3333333333333333,0.0,0.45,B
SJB293019053,한국콜마,36.68087,127.19338,3,False,3,13.869952396659741,전의면,1.467023736809609,0,0,0,1.0,0.3333333333333333,0.0,0.45,B
SJB293019059,전의중학교,36.68024,127.19736,5,False,5,13.52709650708879,전의면,1.3841706474115485,0,0,0,1.0,0.2,0.0,0.41,B
SJB293019065,전의역,36.67939,127.20358,6,False,6,13.001010054964315,전의면,1.424157132437322,0,0,0,1.0,0.16666666666666666,0.0,0.4,B
SJB293019056,원성2리,36.67112,127.19515,2,False,2,13.22655855799182,전의면,2.4137741348393233,0,0,0,1.0,0.5,0.0,0.5,B
SJB293064320,신흥리(사사),36.669438,127.194232,2,False,2,13.22051226525809,전의면,2.615574410996057,0,0,0,1.0,0.5,0.0,0.5,B
SJB293019045,신흥리,36.66348,127.19092,2,False,2,13.229474439296862,전의면,3.3342962439838586,0,0,0,1.0,0.5,0.0,0.5,B
SJB293019036,영당리(영성들),36.66042,127.18919,2,False,2,13.251964084601584,전의면,3.7052311143571,0,0,0,1.0,0.5,0.0,0.5,B
SJB293019032,대전카톨릭대입구,36.65524,127.18733,2,False,2,13.222975362917447,전동면,4.245836068610071,0,0,0,1.0,0.5,0.0,0.5,B
SJB293019028,신방1리(신암골),36.65099,127.18462,2,False,2,13.321324572543755,전동면,4.592837595997986,0,0,0,1.0,0.5,0.0,0.5,B
SJB293019020,양곡리,36.64323,127.17697,2,False,2,13.789353064322317,전동면,5.526751913424473,0,0,0,1.0,0.5,0.0,0.5,B
SJB293019018,세종미래산업단지,36.63987,127.17637,2,False,2,13.775272086306561,전동면,5.730614034218935,0,0,0,1.0,0.5,0.0,0.5,B
SJB293064076,달전리,36.6336684,127.1754206,2,False,2,13.762432545468284,전동면,6.138113279600939,0,0,0,1.0,0.5,0.0,0.5,B
SJB293019009,달전1리,36.63113,127.17432,2,False,2,13.830543836404848,전동면,6.372398239944796,0,0,0,1.0,0.5,0.0,0.5,B
SJB293019013,달전2리입구,36.62677,127.17521,2,False,2,13.430822670738442,전동면,6.5873472898238274,0,0,0,1.0,0.5,0.0,0.5,B
SJB293019043,부거실(아랫마을),36.62586,127.19001,1,False,1,12.389624720326829,전동면,5.664841499149585,0,0,0,1.0,1.0,0.0,0.65,C
SJB293019060,부거실(윗마을),36.62444,127.19807,1,False,1,11.662965019685114,전동면,5.317064113856795,0,0,0,1.0,1.0,0.0,0.65,C
SJB293019044,부거실(아랫마을),36.62598,127.19015,1,False,1,12.37793507045144,전동면,5.646563885659848,0,0,0,1.0,1.0,0.0,0.65,C
SJB293019024,달전리(태호농장),36.61601,127.17733,2,False,2,12.344918561090982,전동면,7.238922298538216,0,0,0,1.0,0.5,0.0,0.5,B
SJB293019008,금사리,36.60976,127.17305,2,False,2,11.942623075764425,전동면,8.005805391343204,0,0,0,1.0,0.5,0.0,0.5,B
SJB293019030,비암사입구,36.60406,127.1863,2,False,2,10.794601783430856,연서면,7.713421811548419,0,0,0,1.0,0.5,0.0,0.5,B
SJB293064317,다방1리마을회관,36.6031132,127.189307,2,False,2,10.574534163620894,연서면,7.430978129820097,0,0,0,1.0,0.5,0.0,0.5,B
SJB293019040,다방1리마을회관,36.60319,127.18944,2,False,2,10.576552801039009,연서면,7.420703556642586,0,0,0,1.0,0.5,0.0,0.5,B
SJB293019031,비암사입구,36.60409,127.18662,2,False,2,10.78378113731734,연서면,7.685880170947621,0,0,0,1.0,0.5,0.0,0.5,B
SJB293019010,다방2리마을회관,36.59749,127.17442,1,False,1,10.742843504003702,연서면,8.677662904156751,0,0,0,1.0,1.0,0.0,0.65,C
SJB293019007,금사리,36.60927,127.17268,2,False,2,11.914399996939851,전동면,8.06822975448423,0,0,0,1.0,0.5,0.0,0.5,B
SJB293019025,달전리(태호농장),36.61607,127.17748,2,False,2,12.344241138950377,전동면,7.2247960992052915,0,0,0,1.0,0.5,0.0,0.5,B
SJB293019015,달전2리입구,36.62685,127.17534,1,False,1,13.431074463347054,전동면,6.572728521865561,0,0,0,1.0,1.0,0.0,0.65,C
SJB293019012,달전2리입구,36.62698,127.17504,2,False,2,13.458616585227851,전동면,6.585377769965369,0,0,0,1.0,0.5,0.0,0.5,B
SJB293019011,달전1리,36.63112,127.1745,2,False,2,13.81444855624237,전동면,6.359588147697413,0,0,0,1.0,0.5,0.0,0.5,B
SJB293064075,달전리,36.633804,127.1755319,2,False,2,13.754314083404124,전동면,6.121761271395928,0,0,0,1.0,0.5,0.0,0.5,B
SJB293019019,세종미래산업단지,36.63972,127.17649,2,False,2,13.761965127818653,전동면,5.728384903361172,0,0,0,1.0,0.5,0.0,0.5,B
SJB293019021,양곡리,36.64316,127.1771,2,False,2,13.776476338643311,전동면,5.519110055100247,0,0,0,1.0,0.5,0.0,0.5,B
SJB293019029,신방1리(신암골),36.651,127.18479,2,False,2,13.306989901291612,전동면,4.5779696479374605,0,0,0,1.0,0.5,0.0,0.5,B
SJB293019033,대전카톨릭대입구,36.65494,127.18734,2,False,2,13.212106803755093,전동면,4.251493022942744,0,0,0,1.0,0.5,0.0,0.5,B
SJB293019039,영당리(영성들),36.66047,127.18938,2,False,2,13.23797086251042,전의면,3.6947634435901984,0,0,0,1.0,0.5,0.0,0.5,B
SJB293019046,신흥리,36.66359,127.19113,2,False,2,13.216622546505308,전의면,3.3171141552343157,0,0,0,1.0,0.5,0.0,0.5,B
SJB293019055,신흥리(사사),36.66931,127.19429,2,False,2,13.209832589479207,전의면,2.627958843013438,0,0,0,1.0,0.5,0.0,0.5,B
SJB293019057,원성2리,36.67103,127.19527,2,False,2,13.212569499174391,전의면,2.420805813980966,0,0,0,1.0,0.5,0.0,0.5,B
SJB293019070,성호아파트,36.68196,127.20455,2,False,2,13.076668068728496,전의면,1.1544508872997965,9,3,12,1.0,0.5,0.575830573340988,0.702,B
SJB293019072,갈정교,36.68899,127.2053,2,False,2,13.454146524694396,전의면,0.45946451534878957,9,3,12,1.0,0.5,0.575830573340988,0.702,B
SJB293019062,관정1리,36.69905,127.19826,1,False,1,14.621615393814194,전의면,0.8368125980218959,9,3,12,1.0,1.0,0.575830573340988,0.852,E
SJB293013027,고등1리마을회관,36.71551,127.19521,2,False,2,15.999008509139951,전의면,2.66819776071493,0,0,0,1.0,0.5,0.0,0.5,B
SJB293064329,세종첨단산업단지,36.7191773,127.1955466,2,False,2,16.252338678923728,전의면,3.0611365055966173,0,0,0,1.0,0.5,0.0,0.5,B
SJB293064330,대교에이스,36.7177679,127.2003627,2,False,2,15.832708576051386,전의면,2.8542078261889925,0,0,0,1.0,0.5,0.0,0.5,B
SJB293013026,고등1리마을회관,36.71543,127.19507,2,False,2,16.00235793390621,전의면,2.662379960517673,0,0,0,1.0,0.5,0.0,0.5,B
SJB293013025,고등2리,36.70594,127.18845,1,False,1,15.781762629544145,전의면,1.9510892673158453,0,0,0,1.0,1.0,0.0,0.65,C
SJB293019051,전의산연수원,36.70287,127.19218,1,False,1,15.3102021368451,전의면,1.4781597366717634,0,0,0,1.0,1.0,0.0,0.65,C
SJB293019041,서정2리,36.69941,127.18976,1,False,1,15.254759786034114,전의면,1.3552465905724402,0,0,0,1.0,1.0,0.0,0.65,C
SJB293019034,서정2리마을회관,36.69661,127.18893,1,False,1,15.136163617064955,전의면,1.2633442059182731,0,0,0,1.0,1.0,0.0,0.65,C
SJB293019048,서정1리마을회관,36.68798,127.19183,1,False,1,14.393248993522898,전의면,1.0137019318895488,9,3,12,1.0,1.0,0.575830573340988,0.852,E
SJB293019050,서정1리마을회관,36.68799,127.19201,1,False,1,14.380229920449466,전의면,0.9989261921122735,9,3,12,1.0,1.0,0.575830573340988,0.852,E
SJB293019035,서정2리마을회관,36.69659,127.18911,1,False,1,15.121687521106692,전의면,1.2477259076000198,0,0,0,1.0,1.0,0.0,0.65,C
SJB293019042,서정2리,36.69944,127.1899,1,False,1,15.24657034275154,전의면,1.3472651197490937,0,0,0,1.0,1.0,0.0,0.65,C
SJB293019052,전의산연수원,36.70279,127.19239,1,False,1,15.28992138881989,전의면,1.4599719821572226,0,0,0,1.0,1.0,0.0,0.65,C
SJB293064395,고등2리,36.7060526,127.1885841,1,False,1,15.779932374324783,전의면,1.9536411979617887,0,0,0,1.0,1.0,0.0,0.65,C
SJB293019061,관정1리,36.69898,127.19813,1,False,1,14.626126167682658,전의면,0.8343285020048958,9,3,12,1.0,1.0,0.575830573340988,0.852,E
SJB293019071,갈정교,36.68911,127.20517,2,False,2,13.471305214773302,전의면,0.44178995560398354,9,3,12,1.0,0.5,0.575830573340988,0.702,B
SJB293019069,성호아파트,36.68191,127.20441,2,False,2,13.084283836700568,전의면,1.1574693684129773,9,3,12,1.0,0.5,0.575830573340988,0.702,B
SJB293019073,대추리,36.6932,127.2057,1,False,1,13.700261113531809,전의면,0.3546960883172276,9,3,12,1.0,1.0,0.575830573340988,0.852,E
SJB293019078,사관정,36.69888,127.21024,1,False,1,13.774993503685526,전의면,1.0531999080981798,9,3,12,1.0,1.0,0.575830573340988,0.852,E
SJB293064497,전의산업단지교차로,36.70158,127.21039,1,False,1,13.959477120127042,전의면,1.2922462099507808,0,0,0,1.0,1.0,0.0,0.65,C
SJB293019082,중대부,36.70488,127.21246,1,False,1,14.065948578182336,전의면,1.6992161001796684,0,0,0,1.0,1.0,0.0,0.65,C
SJB293019080,상대부(쌍태울),36.71258,127.21146,1,False,1,14.721497495153699,전의면,2.426680441249776,0,0,0,1.0,1.0,0.0,0.65,C
SJB293019081,중대부,36.70502,127.21236,1,False,1,14.083042469407145,전의면,1.7073627724428864,0,0,0,1.0,1.0,0.0,0.65,C
SJB293019079,전의산업단지,36.70105,127.21057,1,False,1,13.908797862495108,전의면,1.254568432714254,0,0,0,1.0,1.0,0.0,0.65,C
SJB293019087,달계리,36.69794,127.22103,1,False,1,12.981370771219982,전의면,1.8194988162508747,0,0,0,1.0,1.0,0.0,0.65,C
SJB293019089,하노곡,36.70131,127.22721,1,False,1,12.842515259533574,전의면,2.472442134328126,0,0,0,1.0,1.0,0.0,0.65,C
SJB293019091,노곡리종점,36.70046,127.23454,1,False,1,12.321421082385568,전의면,3.049514358201407,0,0,0,1.0,1.0,0.0,0.65,C
SJB293019092,노곡리,36.70061,127.23461,1,False,1,12.329388909090222,전의면,3.0605554081581987,0,0,0,1.0,1.0,0.0,0.65,C
SJB293019090,하노곡,36.7014451,127.2271649,1,False,1,12.856010669525741,전의면,2.4750269587580602,0,0,0,1.0,1.0,0.0,0.65,C
SJB293019088,종성골,36.69603,127.22178,1,False,1,12.78945329364967,전의면,1.8202614710457576,0,0,0,1.0,1.0,0.0,0.65,C
SJB293019086,신정2리,36.69472,127.21988,1,False,1,12.820540477783384,전의면,1.6242025465821721,0,0,0,1.0,1.0,0.0,0.65,C
SJB293019083,신정1리,36.69158,127.21464,1,False,1,12.95846331267452,전의면,1.1329639511082277,9,3,12,1.0,1.0,0.575830573340988,0.852,E
SJB293064338,신정1리,36.6915871,127.2147544,1,False,1,12.950948623501299,전의면,1.14310728755798,9,3,12,1.0,1.0,0.575830573340988,0.852,E
SJB293064339,신정2리,36.6946059,127.219943,1,False,1,12.807998065118678,전의면,1.6275390150209663,0,0,0,1.0,1.0,0.0,0.65,C
SJB293064340,종성골,36.6959446,127.2218636,1,False,1,12.777567337315428,전의면,1.825273108794783,0,0,0,1.0,1.0,0.0,0.65,C
SJB293064341,(주)레이크엘이디앞,36.6980972,127.2210106,1,False,1,12.994421059096359,전의면,1.824164371133469,0,0,0,1.0,1.0,0.0,0.65,C
SJB293064342,전의산업단지,36.7012593,127.2106772,1,False,1,13.916777865097156,전의면,1.2788364883349372,0,0,0,1.0,1.0,0.0,0.65,C
SJB293019095,사관정,36.69893829,127.2101017,1,False,1,13.788609148384682,전의면,1.0492513151828347,9,3,12,1.0,1.0,0.575830573340988,0.852,E
SJB293019094,대추리,36.69343329,127.2057917,1,False,1,13.709282971673483,전의면,0.37172604140938026,9,3,12,1.0,1.0,0.575830573340988,0.852,E
SJB293019047,덕고개,36.68046,127.19186,1,False,1,13.965824229634077,전의면,1.5792337911020768,0,0,0,1.0,1.0,0.0,0.65,C
SJB293019027,민석아파트입구,36.68099,127.18197,1,False,1,14.769983873360578,전의면,2.1701111292582747,0,0,0,1.0,1.0,0.0,0.65,C
SJB293019022,유천2리,36.68292,127.17727,1,False,1,15.240833974083733,전의면,2.427486885360638,0,0,0,1.0,1.0,0.0,0.65,C
SJB293019006,유천리,36.68628,127.16919,1,False,1,16.052441261230747,전의면,2.992818318408702,0,0,0,1.0,1.0,0.0,0.65,C
SJB293019003,유천리(어천),36.68803,127.16612,1,False,1,16.385245902975505,전의면,3.227327610250236,0,0,0,1.0,1.0,0.0,0.65,C
SJB293064332,행정리,36.6887542,127.1574677,1,False,1,17.10794630236283,소정면,3.2466858720944414,0,0,0,1.0,1.0,0.0,0.65,C
SJB293013006,운당1리,36.69865,127.15205,1,False,1,18.051150584041924,소정면,2.17626113315977,0,0,0,1.0,1.0,0.0,0.65,C
SJB293013003,운당2리,36.7058276,127.1497944,1,False,1,18.625713520928006,소정면,1.4627986986715609,0,0,0,1.0,1.0,0.0,0.65,C
SJB293064406,운당교차로,36.705806,127.148932,1,False,1,18.690389663656955,소정면,1.496703990513413,0,0,0,1.0,1.0,0.0,0.65,C
SJB293064407,동산산업,36.710519,127.147184,1,False,1,19.09690251678939,소정면,1.1522409624450738,2,2,4,1.0,1.0,0.3613184615819645,0.776,C
SJB293013002,운당2리,36.7057756,127.1489661,1,False,1,18.686044956777454,소정면,1.4984379466658715,0,0,0,1.0,1.0,0.0,0.65,C
SJB293019001,KCC앞,36.70852,127.15296,1,False,1,18.54269579421015,소정면,1.0863031630112177,2,2,4,1.0,1.0,0.3613184615819645,0.776,C
SJB293013009,소정리입구,36.71191,127.15392,1,False,1,18.675273731542582,소정면,0.700420513930402,2,2,4,1.0,1.0,0.3613184615819645,0.776,C
SJB293013012,소정면우체국,36.7143,127.15486,1,False,1,18.753567153300136,소정면,0.421788880426153,2,2,4,1.0,1.0,0.3613184615819645,0.776,C
SJB293013014,소정리역,36.71885,127.1567,1,False,1,18.90943804091654,소정면,0.1106335218033996,2,2,4,1.0,1.0,0.3613184615819645,0.776,C
SJB293013016,소정면사무소,36.72149,127.15766,1,False,1,19.013817607618186,소정면,0.4158193327748299,2,2,4,1.0,1.0,0.3613184615819645,0.776,C
SJB293064387,소정리,36.7245035,127.1581344,1,False,1,19.182142255957615,소정면,0.7502020550010743,2,2,4,1.0,1.0,0.3613184615819645,0.776,C
SJB293013020,대곡4리,36.72556,127.15982,1,False,1,19.135441076950926,소정면,0.9067801459999439,2,2,4,1.0,1.0,0.3613184615819645,0.776,C
SJB293013021,소정육교(맹골),36.72646,127.16173,1,False,1,19.064048617818063,소정면,1.0679015215326606,2,2,4,1.0,1.0,0.3613184615819645,0.776,C
SJB293013023,소정육교,36.72718,127.16312,1,False,1,19.017771612251614,소정면,1.198248018228718,2,2,4,1.0,1.0,0.3613184615819645,0.776,C
SJB293013024,대곡리,36.7296,127.16673,1,False,1,18.94194947586758,소정면,1.6003505833757061,0,0,0,1.0,1.0,0.0,0.65,C
SJB293013022,소정육교(맹골),36.7271,127.16202,1,False,1,19.088421046463388,소정면,1.1430154983070906,2,2,4,1.0,1.0,0.3613184615819645,0.776,C
SJB293013019,대곡1리,36.72607,127.15941,1,False,1,19.199191708914256,소정면,0.9484015018699418,2,2,4,1.0,1.0,0.3613184615819645,0.776,C
SJB293013018,소정리,36.72478,127.15813,1,False,1,19.201194864317397,소정면,0.7800807538924125,2,2,4,1.0,1.0,0.3613184615819645,0.776,C
SJB293013015,소정면사무소,36.72173,127.15762,1,False,1,19.032615752360268,소정면,0.44023752790777104,2,2,4,1.0,1.0,0.3613184615819645,0.776,C
SJB293013013,소정리역,36.71895,127.1566,1,False,1,18.923170340224615,소정면,0.11802940773761364,2,2,4,1.0,1.0,0.3613184615819645,0.776,C
SJB293013011,소정면우체국,36.71422,127.15471,1,False,1,18.759624504318136,소정면,0.43425630291049233,2,2,4,1.0,1.0,0.3613184615819645,0.776,C
SJB293013017,소정리입구,36.712119,127.153895,1,False,1,18.689938460101267,소정면,0.6789003268420237,2,2,4,1.0,1.0,0.3613184615819645,0.776,C
SJB293013008,KCC앞,36.70867,127.15287,1,False,1,18.558390563612868,소정면,1.072439132204331,2,2,4,1.0,1.0,0.3613184615819645,0.776,C
SJB293064405,동산산업,36.710329,127.147243,1,False,1,19.08124631278134,소정면,1.1638357821484562,2,2,4,1.0,1.0,0.3613184615819645,0.776,C
SJB293013007,운당1리,36.6979,127.15261,1,False,1,17.96694376031624,소정면,2.2508180816267758,0,0,0,1.0,1.0,0.0,0.65,C
SJB293064331,행정리,36.6885967,127.1575524,1,False,1,17.093317493120967,소정면,3.2644563073584276,0,0,0,1.0,1.0,0.0,0.65,C
SJB293019004,유천리(어천),36.6879,127.16612,1,False,1,16.378520433232996,전의면,3.2294044954521874,0,0,0,1.0,1.0,0.0,0.65,C
SJB293019005,유천리,36.6862,127.16905,1,False,1,16.059390940924224,전의면,3.0069442254443124,0,0,0,1.0,1.0,0.0,0.65,C
SJB293019023,유천2리,36.68278,127.17728,1,False,1,15.232835902302638,전의면,2.433291663082061,0,0,0,1.0,1.0,0.0,0.65,C
SJB293019026,민석아파트입구,36.6811,127.18134,1,False,1,14.825439309045473,전의면,2.209652515567264,0,0,0,1.0,1.0,0.0,0.65,C
SJB293019049,덕고개,36.6803,127.19145,1,False,1,13.989161832350781,전의면,1.614809724780905,0,0,0,1.0,1.0,0.0,0.65,C
SJB293064323,용암리(금단마을),36.5944763,127.2278058,1,False,1,7.922500494211008,연서면,3.899941906867193,0,0,0,1.0,1.0,0.0,0.65,C
SJB293064324,고복저수지,36.5977479,127.2274533,1,False,1,8.267340402829767,연서면,3.9739449286947104,0,0,0,1.0,1.0,0.0,0.65,C
SJB293064322,쌍류리(월정마을),36.5952411,127.2174952,1,False,1,8.420883017114576,연서면,4.824192776498067,0,0,0,1.0,1.0,0.0,0.65,C
SJB293064318,쌍류초등학교,36.597535,127.208638,1,False,1,9.054683879323314,연서면,5.635312600211537,0,0,0,1.0,1.0,0.0,0.65,C
SJB293019076,재동아파트,36.6794,127.2066,1,False,1,12.771211455776275,전의면,1.4750535245427507,0,0,0,1.0,1.0,0.0,0.65,C
SJB293019077,재동아파트,36.67954,127.20667,1,False,1,12.774036323241015,전의면,1.461903929361232,0,0,0,1.0,1.0,0.0,0.65,C
SJB293064319,쌍류초등학교,36.5976715,127.208475,1,False,1,9.075377485672888,연서면,5.6514623185779,0,0,0,1.0,1.0,0.0,0.65,C
SJB293064321,쌍류리(월정마을),36.5952236,127.2177077,1,False,1,8.40971584096879,연서면,4.805128992362145,0,0,0,1.0,1.0,0.0,0.65,C
SJB293064325,고복저수지,36.5977251,127.2273249,1,False,1,8.2696384407356,연서면,3.9848464428784394,0,0,0,1.0,1.0,0.0,0.65,C
SJB293016017,용암리(금단마을),36.5944128,127.227644,1,False,1,7.922101563390705,연서면,3.9138484712058745,0,0,0,1.0,1.0,0.0,0.65,C
SJB293016027,신대2리(송적골),36.59008,127.2332,1,False,1,7.281462201911682,연서면,3.4145194431450077,0,0,0,1.0,1.0,0.0,0.65,C
SJB293018083,심중2리입구,36.65736,127.2811,1,False,1,5.988593596391143,전동면,4.236963898914162,0,0,0,1.0,1.0,0.0,0.65,C
SJB293018086,심중2리,36.66531,127.29224,1,False,1,6.05695723854465,전동면,5.199688793159025,0,0,0,1.0,1.0,0.0,0.65,C
SJB293018087,심중리시민스포츠센터,36.6704,127.29874,1,False,1,6.2745698187768335,전동면,5.8357247226107845,0,0,0,1.0,1.0,0.0,0.65,C
SJB293018085,심중2리,36.66544,127.29221,1,False,1,6.0705990285023255,전동면,5.197883012548046,0,0,0,1.0,1.0,0.0,0.65,C
SJB293018084,심중2리입구,36.6575,127.28108,1,False,1,6.00086006521078,전동면,4.233094607783148,0,0,0,1.0,1.0,0.0,0.65,C
SJB293064404,깊은내길,36.646477,127.268761,1,False,1,6.134795828346663,전동면,3.5762757208122293,0,0,0,1.0,1.0,0.0,0.65,C
SJB293018044,보덕2리마을회관,36.64401,127.25738,1,False,1,6.923236350099434,전동면,2.930691644934817,0,0,0,1.0,1.0,0.0,0.65,C
SJB293018041,석곡리,36.6591135,127.2569277,1,False,1,7.7771114715013026,전동면,2.0768153442390083,0,0,0,1.0,1.0,0.0,0.65,C
SJB293018023,청람1리마을회관,36.65495,127.23318,1,False,1,9.391108385272274,전동면,0.849970507903188,3,2,5,1.0,1.0,0.40224961146048943,0.791,C
SJB293018021,청람리,36.65165,127.23274,1,False,1,9.27859720461125,전동면,1.2189755839549472,0,0,0,1.0,1.0,0.0,0.65,C
SJB293018017,청람리(동막골),36.64433,127.23168,1,False,1,9.084874552287904,전동면,2.0382992762275483,0,0,0,1.0,1.0,0.0,0.65,C
SJB293064337,청람리(동막골),36.6443571,127.2318088,1,False,1,9.074857196664171,전동면,2.034143131606557,0,0,0,1.0,1.0,0.0,0.65,C
SJB293018022,청람리,36.65163,127.23286,1,False,1,9.26786604149292,전동면,1.2202153887082914,0,0,0,1.0,1.0,0.0,0.65,C
SJB293018024,청람1리마을회관,36.65476,127.23347,1,False,1,9.358747235240628,전동면,0.8691026244576724,3,2,5,1.0,1.0,0.40224961146048943,0.791,C
SJB293018039,석곡리,36.6587466,127.2560505,1,False,1,7.818653061926743,전동면,2.0081947737608545,0,0,0,1.0,1.0,0.0,0.65,C
SJB293064408,깊은내길,36.646415,127.268755,1,False,1,6.1318721663926565,전동면,3.5792667092395107,0,0,0,1.0,1.0,0.0,0.65,C
SJB293001005,봉산리(중뜸),36.60959,127.27518,1,False,1,4.888837680913199,조치원읍,1.154569406986628,72,13,85,1.0,1.0,1.0,1.0,E
SJB293001004,봉산리(윗말),36.61174,127.27389,1,False,1,4.9549575888551285,조치원읍,1.2967907690915537,0,0,0,1.0,1.0,0.0,0.65,C
SJB293001002,봉산리(국제기계),36.61812,127.27049,1,False,1,5.187864011079012,조치원읍,1.8502598656451068,0,0,0,1.0,1.0,0.0,0.65,C
SJB293018064,송곡1리(예비군훈련장),36.62545,127.26847,1,False,1,5.40945882448592,조치원읍,2.5051430325934936,0,0,0,1.0,1.0,0.0,0.65,C
SJB293018066,송곡보건진료소,36.63079,127.26911,2,False,2,5.4602136613030074,조치원읍,2.925128862200912,0,0,0,1.0,0.5,0.0,0.5,B
SJB293018058,송곡1리,36.63073,127.26613,2,False,2,5.717634621616849,조치원읍,3.081782397176322,0,0,0,1.0,0.5,0.0,0.5,B
SJB293018048,송곡2리,36.63014,127.26023,2,False,2,6.219086818701815,조치원읍,3.396043873461011,0,0,0,1.0,0.5,0.0,0.5,B
SJB293018042,송곡2리(능골),36.62967,127.25687,2,False,2,6.504078625408426,조치원읍,3.588398583919034,0,0,0,1.0,0.5,0.0,0.5,B
SJB293018036,송정1리(권고조경),36.62871,127.25064,2,False,2,7.035340203331,조치원읍,3.9768809336445874,0,0,0,1.0,0.5,0.0,0.5,B
SJB293018034,송정1리,36.62792,127.24628,2,False,2,7.408513964648654,전동면,4.003730895817545,0,0,0,1.0,0.5,0.0,0.5,B
SJB293018030,송정1리(상소골),36.62752,127.24412,2,False,2,7.594245335120961,전동면,3.99886713739395,0,0,0,1.0,0.5,0.0,0.5,B
SJB293018028,송정리(행골),36.62748,127.24134,2,False,2,7.840081452236168,전동면,3.9549036209140924,0,0,0,1.0,0.5,0.0,0.5,B
SJB293018026,송정2리(구리골),36.62618,127.23619,2,False,2,8.282241181487315,전동면,4.050061737063431,0,0,0,1.0,0.5,0.0,0.5,B
SJB293064336,송정리,36.6252011,127.2325295,2,False,2,8.598652699529755,전동면,4.156587031499497,0,0,0,1.0,0.5,0.0,0.5,B
SJB293018020,송정리,36.62505,127.2325,2,False,2,8.60002285191472,전동면,4.173465837586584,0,0,0,1.0,0.5,0.0,0.5,B
SJB293018025,송정2리(구리골),36.62602,127.23617,2,False,2,8.282405294110793,전동면,4.067749599561766,0,0,0,1.0,0.5,0.0,0.5,B
SJB293018027,송정리(행골),36.6274,127.24115,2,False,2,7.8559039207865915,전동면,3.9609301864489526,0,0,0,1.0,0.5,0.0,0.5,B
SJB293018029,송정1리(상소골),36.62739,127.24411,2,False,2,7.593413674501462,전동면,4.0127543128661465,0,0,0,1.0,0.5,0.0,0.5,B
SJB293018033,송정1리,36.6278,127.24617,2,False,2,7.416543772300635,전동면,4.013914738162756,0,0,0,1.0,0.5,0.0,0.5,B
SJB293018035,송정1리(권고조경),36.62849,127.25058,2,False,2,7.037055036803098,조치원읍,3.968219253796906,0,0,0,1.0,0.5,0.0,0.5,B
SJB293018040,송곡2리(능골),36.62956,127.25671,2,False,2,6.515985821522929,조치원읍,3.5918435656540875,0,0,0,1.0,0.5,0.0,0.5,B
SJB293018049,송곡2리,36.63007,127.26045,2,False,2,6.19832217015574,조치원읍,3.3763699816116612,0,0,0,1.0,0.5,0.0,0.5,B
SJB293018057,송곡1리,36.6306,127.26601,2,False,2,5.724893872689957,조치원읍,3.0775023031275737,0,0,0,1.0,0.5,0.0,0.5,B
SJB293018065,송곡보건진료소,36.63065,127.26908,2,False,2,5.459204722089339,조치원읍,2.914019364669749,0,0,0,1.0,0.5,0.0,0.5,B
SJB293018063,송곡1리(예비군훈련장),36.62553,127.26835,1,False,1,5.421207496144678,조치원읍,2.518991980661883,0,0,0,1.0,1.0,0.0,0.65,C
SJB293001001,봉산리(국제기계),36.61816,127.27034,1,False,1,5.201134200199022,조치원읍,1.8639855056603158,0,0,0,1.0,1.0,0.0,0.65,C
SJB293001003,봉산리(윗말),36.61172,127.27374,1,False,1,4.968529106759279,조치원읍,1.3094512671540748,0,0,0,1.0,1.0,0.0,0.65,C
SJB293001006,봉산리(중뜸),36.60936,127.27516,1,False,1,4.896301058927153,조치원읍,1.1560625095334962,72,13,85,1.0,1.0,1.0,1.0,E
SJB293001016,한마음효요양병원,36.63387,127.28325,1,False,1,4.3587923621677405,조치원읍,2.7601782267027133,0,0,0,1.0,1.0,0.0,0.65,C
SJB293018079,보덕1리,36.6326,127.27317,1,False,1,5.162555167411706,조치원읍,2.9083617501104673,0,0,0,1.0,1.0,0.0,0.65,C
SJB293018080,보덕1리,36.63252,127.2733,1,False,1,5.1488982420664335,조치원읍,2.895143856259246,0,0,0,1.0,1.0,0.0,0.65,C
SJB293001015,한마음효요양병원,36.63375,127.28309,1,False,1,4.367131659263027,조치원읍,2.749293145894976,0,0,0,1.0,1.0,0.0,0.65,C
SJB293018061,전동삼거리,36.65356,127.26695,1,False,1,6.690548091850427,전동면,3.1011840044752024,0,0,0,1.0,1.0,0.0,0.65,C
SJB293018056,전동역,36.65419,127.26593,1,False,1,6.805235637490971,전동면,2.9926730301839224,0,0,0,1.0,1.0,0.0,0.65,C
SJB293018052,전동초등학교,36.65549,127.26387,1,False,1,7.038627795381197,전동면,2.774205500074252,0,0,0,1.0,1.0,0.0,0.65,C
SJB293018047,석곡리입구,36.65926,127.25977,1,False,1,7.579490402227222,전동면,2.3238242501768958,0,0,0,1.0,1.0,0.0,0.65,C
SJB293018045,청송리,36.66181,127.25736,1,False,1,7.920495260519063,전동면,2.081306498843069,0,0,0,1.0,1.0,0.0,0.65,C
SJB293018038,청송산업단지입구,36.66366,127.25556,1,False,1,8.172345603949028,전동면,1.9229233164462625,0,0,0,1.0,1.0,0.0,0.65,C
SJB293018031,아람달동림권역체험관,36.6656,127.24464,1,False,1,9.08887473441099,전동면,1.0035606954930496,3,2,5,1.0,1.0,0.40224961146048943,0.791,C
SJB293018018,청람리입구,36.66142,127.23228,1,False,1,9.786743025352074,전동면,0.2022980530823602,3,2,5,1.0,1.0,0.40224961146048943,0.791,C
SJB293018015,개미고개,36.65799,127.22055,1,False,1,10.556607521072806,전동면,1.306723197977522,0,0,0,1.0,1.0,0.0,0.65,C
SJB293018016,개미고개,36.65797,127.22078,1,False,1,10.536963342946244,전동면,1.2887284180283318,0,0,0,1.0,1.0,0.0,0.65,C
SJB293018019,청람리입구,36.6615,127.23251,1,False,1,9.772991071980712,전동면,0.1808438715526188,3,2,5,1.0,1.0,0.40224961146048943,0.791,C
SJB293064510,전동면사무소,36.6625624,127.2340451,1,False,1,9.710971965962003,전동면,0.0,3,2,5,1.0,1.0,0.40224961146048943,0.791,C
SJB293018032,아람달동림권역체험관,36.66548,127.2448,1,False,1,9.06955795466213,전동면,1.0126580206180325,3,2,5,1.0,1.0,0.40224961146048943,0.791,C
SJB293018037,청송산업단지입구,36.6638,127.25523,1,False,1,8.205214638842893,전동면,1.8946142130254418,0,0,0,1.0,1.0,0.0,0.65,C
SJB293018043,청송리,36.66176,127.25721,1,False,1,7.927929580482272,전동면,2.068170862763804,0,0,0,1.0,1.0,0.0,0.65,C
SJB293018046,석곡리입구,36.65908,127.25977,1,False,1,7.567783029928419,전동면,2.3270736013584634,0,0,0,1.0,1.0,0.0,0.65,C
SJB293018053,전동초등학교,36.65526,127.26404,1,False,1,7.011581461039166,전동면,2.796074402646108,0,0,0,1.0,1.0,0.0,0.65,C
SJB293018059,전동삼거리,36.65346,127.26687,1,False,1,6.690103446116133,전동면,3.0980474106986806,0,0,0,1.0,1.0,0.0,0.65,C
SJB293011100,망골,36.45954,127.35183,1,False,1,5.016114021148753,집현동,4.762230978931989,0,0,0,1.0,1.0,0.0,0.65,C
SJB186004209,둔곡동새마을회관,36.45706,127.36208,1,False,1,5.722627651184209,집현동,5.390914193727657,0,0,0,1.0,1.0,0.0,0.65,C
SJB186004207,둔곡동,36.45382,127.36172,1,False,1,6.015731286123076,집현동,5.696458067807306,0,0,0,1.0,1.0,0.0,0.65,C
SJB186004063,구룡2통보건소,36.45072,127.36265,1,False,1,6.357058642833757,집현동,6.042887685527645,0,0,0,1.0,1.0,0.0,0.65,C
SJB186004066,구룡2통,36.44708,127.36545,1,False,1,6.832458864998728,집현동,6.516252194638363,0,0,0,1.0,1.0,0.0,0.65,C
SJB186004061,구룡,36.44605,127.36842,1,False,1,7.063787675815719,집현동,6.7382076369238,0,0,0,1.0,1.0,0.0,0.65,C
SJB186004310,구즉초등학교,36.43997,127.38196,1,False,1,8.055721290125788,집현동,7.934670617417643,0,0,0,1.0,1.0,0.0,0.65,C
SJB186004307,구즉동주민센터입구,36.44109,127.3857,2,False,2,8.388578313891275,집현동,8.020431476573888,0,0,0,1.0,0.5,0.0,0.5,B
SJB186004313,송강마을아파트,36.4376,127.38602,2,False,2,8.16066098574788,집현동,8.355234233235512,0,0,0,1.0,0.5,0.0,0.5,B
SJB186004062,구룡,36.44612,127.36868,1,False,1,7.068917941515424,집현동,6.742118724092073,0,0,0,1.0,1.0,0.0,0.65,C
SJB186004065,구룡2통,36.44728,127.36536,1,False,1,6.809109867556849,집현동,6.492734425304156,0,0,0,1.0,1.0,0.0,0.65,C
SJB186004064,구룡2통보건소,36.45082,127.36266,1,False,1,6.347753972860704,집현동,6.033241392421629,0,0,0,1.0,1.0,0.0,0.65,C
SJB186004208,둔곡동,36.45383,127.36183,1,False,1,6.01965346880173,집현동,5.6998219176791585,0,0,0,1.0,1.0,0.0,0.65,C
SJB186004210,둔곡동새마을회관,36.45722,127.36216,1,False,1,5.711301518711414,집현동,5.378652577900639,0,0,0,1.0,1.0,0.0,0.65,C
SJB293011101,망골,36.45971,127.35184,1,False,1,5.000413854323472,집현동,4.744792295040147,0,0,0,1.0,1.0,0.0,0.65,C
SJB186004136,대동금탄동입구,36.47203,127.38796,1,False,1,6.216458933190455,집현동,5.761411513453724,0,0,0,1.0,1.0,0.0,0.65,C
SJB186004132,금고동,36.4667,127.39038,1,False,1,6.7187599441567185,집현동,6.273298439033714,0,0,0,1.0,1.0,0.0,0.65,C
SJB186004128,금고1통,36.46376,127.39037,1,False,1,6.907836103942365,집현동,6.46965213173368,0,0,0,1.0,1.0,0.0,0.65,C
SJB186004134,금고동매립장,36.46046,127.38863,1,False,1,7.012438741548167,집현동,6.585775679944307,0,0,0,1.0,1.0,0.0,0.65,C
SJB186004130,금고2통,36.45899,127.38511,1,False,1,6.882819985485,집현동,6.467281847439583,0,0,0,1.0,1.0,0.0,0.65,C
SJB186004319,협진운수,36.44546,127.38392,1,False,1,7.909302620052904,집현동,7.534086557241306,0,0,0,1.0,1.0,0.0,0.65,C
SJB186004308,구즉동주민센터입구,36.44107,127.386,1,False,1,8.407341876582576,집현동,8.037872784443394,0,0,0,1.0,1.0,0.0,0.65,C
SJB186004320,협진운수,36.44489,127.38408,1,False,1,7.967658020688779,집현동,7.593492192294797,0,0,0,1.0,1.0,0.0,0.65,C
SJB186004131,금고2통,36.4589,127.38522,1,False,1,6.8968339263946215,집현동,6.481312934763878,0,0,0,1.0,1.0,0.0,0.65,C
SJB186004135,금고동매립장,36.46052,127.38882,1,False,1,7.021248744869407,집현동,6.5940771314711695,0,0,0,1.0,1.0,0.0,0.65,C
SJB186004129,금고1통,36.46384,127.39047,1,False,1,6.909721558487825,집현동,6.471182483519893,0,0,0,1.0,1.0,0.0,0.65,C
SJB186004133,금고동,36.46679,127.39056,1,False,1,6.726420696165694,집현동,6.280497305285269,0,0,0,1.0,1.0,0.0,0.65,C
SJB186004137,대동금탄동입구,36.47211,127.38797,1,False,1,6.2126524323384364,집현동,5.757409756630449,0,0,0,1.0,1.0,0.0,0.65,C
